estacion,linea,lat,lon,indice_afluencia,n_elementos_mapa_<=250m,nota
Sendero,L2,25.76861,-100.29278,1.0,1,indice = accesos/dia habil nov-2025 / maximo de la red (0-1); fuente STC Metrorrey (conteos crudos no se publican)
Exposicion,L1,25.67944,-100.24528,0.8971,1,indice = accesos/dia habil nov-2025 / maximo de la red (0-1); fuente STC Metrorrey (conteos crudos no se publican)
Cuauhtemoc,TR,25.68611,-100.31667,0.676,1,indice = accesos/dia habil nov-2025 / maximo de la red (0-1); fuente STC Metrorrey (conteos crudos no se publican)
Talleres,L1,25.75917,-100.36833,0.5907,1,indice = accesos/dia habil nov-2025 / maximo de la red (0-1); fuente STC Metrorrey (conteos crudos no se publican)
Hospital Metropolitano,L3,25.71361,-100.27333,0.585,1,indice = accesos/dia habil nov-2025 / maximo de la red (0-1); fuente STC Metrorrey (conteos crudos no se publican)
Padre Mier,L2,25.66861,-100.31528,0.4707,1,indice = accesos/dia habil nov-2025 / maximo de la red (0-1); fuente STC Metrorrey (conteos crudos no se publican)
Hospital,L1,25.69167,-100.34389,0.5779,1,indice = accesos/dia habil nov-2025 / maximo de la red (0-1); fuente STC Metrorrey (conteos crudos no se publican)
San Bernabe,L1,25.74833,-100.36139,0.4876,1,indice = accesos/dia habil nov-2025 / maximo de la red (0-1); fuente STC Metrorrey (conteos crudos no se publican)
Universidad,L2,25.72417,-100.30806,0.5795,1,indice = accesos/dia habil nov-2025 / maximo de la red (0-1); fuente STC Metrorrey (conteos crudos no se publican)
Fundadores,L2,25.67222,-100.31861,0.4644,1,indice = accesos/dia habil nov-2025 / maximo de la red (0-1); fuente STC Metrorrey (conteos crudos no se publican)
Santa Lucia,L3,25.67139,-100.29833,0.3856,1,indice = accesos/dia habil nov-2025 / maximo de la red (0-1); fuente STC Metrorrey (conteos crudos no se publican)
Alameda,L2,25.67694,-100.31806,0.3059,1,indice = accesos/dia habil nov-2025 / maximo de la red (0-1); fuente STC Metrorrey (conteos crudos no se publican)
General I Zaragoza,L2,25.6675,-100.31,0.3096,1,indice = accesos/dia habil nov-2025 / maximo de la red (0-1); fuente STC Metrorrey (conteos crudos no se publican)
Mitras,L1,25.70556,-100.34222,0.3589,1,indice = accesos/dia habil nov-2025 / maximo de la red (0-1); fuente STC Metrorrey (conteos crudos no se publican)
Y Griega,L1,25.68306,-100.27944,0.2656,1,indice = accesos/dia habil nov-2025 / maximo de la red (0-1); fuente STC Metrorrey (conteos crudos no se publican)
Felix U Gomez,TR,25.68389,-100.29667,0.317,1,indice = accesos/dia habil nov-2025 / maximo de la red (0-1); fuente STC Metrorrey (conteos crudos no se publican)
Lerdo de Tejada,L1,25.67972,-100.25222,0.2443,1,indice = accesos/dia habil nov-2025 / maximo de la red (0-1); fuente STC Metrorrey (conteos crudos no se publican)
Santiago Tapia,L2,25.75917,-100.29556,0.2252,1,indice = accesos/dia habil nov-2025 / maximo de la red (0-1); fuente STC Metrorrey (conteos crudos no se publican)
San Nicolas,L2,25.7525,-100.29778,0.2239,1,indice = accesos/dia habil nov-2025 / maximo de la red (0-1); fuente STC Metrorrey (conteos crudos no se publican)
Aztlan,L1,25.73194,-100.34722,0.2253,1,indice = accesos/dia habil nov-2025 / maximo de la red (0-1); fuente STC Metrorrey (conteos crudos no se publican)
Edison,L1,25.68667,-100.33361,0.2355,1,indice = accesos/dia habil nov-2025 / maximo de la red (0-1); fuente STC Metrorrey (conteos crudos no se publican)
Anahuac,L2,25.73944,-100.3025,0.1794,1,indice = accesos/dia habil nov-2025 / maximo de la red (0-1); fuente STC Metrorrey (conteos crudos no se publican)
Unidad Modelo,L1,25.74167,-100.35472,0.1683,1,indice = accesos/dia habil nov-2025 / maximo de la red (0-1); fuente STC Metrorrey (conteos crudos no se publican)
Penitenciaria,L1,25.72306,-100.3425,0.1605,1,indice = accesos/dia habil nov-2025 / maximo de la red (0-1); fuente STC Metrorrey (conteos crudos no se publican)
Central,L1,25.68694,-100.32417,0.1593,1,indice = accesos/dia habil nov-2025 / maximo de la red (0-1); fuente STC Metrorrey (conteos crudos no se publican)
Ruiz Cortines,L3,25.705,-100.28694,0.154,1,indice = accesos/dia habil nov-2025 / maximo de la red (0-1); fuente STC Metrorrey (conteos crudos no se publican)
Regina,L2,25.70806,-100.31389,0.1404,1,indice = accesos/dia habil nov-2025 / maximo de la red (0-1); fuente STC Metrorrey (conteos crudos no se publican)
Colonia Obrera,L3,25.67667,-100.29778,0.1415,1,indice = accesos/dia habil nov-2025 / maximo de la red (0-1); fuente STC Metrorrey (conteos crudos no se publican)
Eloy Cavazos,L1,25.68,-100.26389,0.1342,1,indice = accesos/dia habil nov-2025 / maximo de la red (0-1); fuente STC Metrorrey (conteos crudos no se publican)
Parque Fundidora,L1,25.68361,-100.28806,0.0981,1,indice = accesos/dia habil nov-2025 / maximo de la red (0-1); fuente STC Metrorrey (conteos crudos no se publican)
General Anaya,L2,25.69667,-100.31667,0.1221,1,indice = accesos/dia habil nov-2025 / maximo de la red (0-1); fuente STC Metrorrey (conteos crudos no se publican)
Del Golfo,L1,25.68472,-100.30639,0.1136,1,indice = accesos/dia habil nov-2025 / maximo de la red (0-1); fuente STC Metrorrey (conteos crudos no se publican)
Simon Bolivar,L1,25.69861,-100.34306,0.0958,1,indice = accesos/dia habil nov-2025 / maximo de la red (0-1); fuente STC Metrorrey (conteos crudos no se publican)
Niños Heroes,L2,25.71694,-100.31083,0.1024,1,indice = accesos/dia habil nov-2025 / maximo de la red (0-1); fuente STC Metrorrey (conteos crudos no se publican)
Alfonso Reyes,L1,25.71583,-100.34222,0.0891,1,indice = accesos/dia habil nov-2025 / maximo de la red (0-1); fuente STC Metrorrey (conteos crudos no se publican)
Los Angeles,L3,25.70861,-100.28361,0.0881,1,indice = accesos/dia habil nov-2025 / maximo de la red (0-1); fuente STC Metrorrey (conteos crudos no se publican)
Metalurgicos,L3,25.68972,-100.29583,0.0681,1,indice = accesos/dia habil nov-2025 / maximo de la red (0-1); fuente STC Metrorrey (conteos crudos no se publican)
Moderna,L3,25.70028,-100.2925,0.0579,1,indice = accesos/dia habil nov-2025 / maximo de la red (0-1); fuente STC Metrorrey (conteos crudos no se publican)
