rank,id,name,tipo,ruta,muni,lat,lon,via,via_clase,direccion,score,personas,autos,mult_muni,gmaps,flags
1,n1041637116,Universidad,metro,Línea 2,San Nicolás de los Garza,25.724379,-100.30821,Avenida Universidad,troncal/autopista,autos circulan hacia N (18°); cartel debe mirar S (198°) para ver autos que llegan,100.0,0.945,1.191,1.191,"https://www.google.com/maps/search/?api=1&query=25.724379,-100.308210",sin_conteos_reales|indice_via=proxy_clase_OSM|peso_personas=juicio_no_calibrado|municipio_sin_TomTom(usa_total_ZMM)|sin_segmento_EG-personas<80m
2,w1112647859,"Unión de Permisionarios Ruta 301, S.C. (Ruta 301)",terminal,,Monterrey,25.620446,-100.270535,Avenida Eugenio Garza Sada,troncal/autopista,autos circulan hacia N (342°) y S (162°); cartel debe mirar S (162°) y N (342°) para ver autos que llegan,91.9,0.869,1.191,1.191,"https://www.google.com/maps/search/?api=1&query=25.620446,-100.270535",sin_conteos_reales|indice_via=proxy_clase_OSM|peso_personas=juicio_no_calibrado|municipio_sin_TomTom(usa_total_ZMM)
3,n8475590852,Cuauhtémoc,metro,Líneas 1/2,Monterrey,25.686133,-100.316904,Avenida Cuauhtémoc,troncal/autopista,autos circulan hacia N (7°); cartel debe mirar S (187°) para ver autos que llegan,89.9,0.85,1.191,1.191,"https://www.google.com/maps/search/?api=1&query=25.686133,-100.316904",sin_conteos_reales|indice_via=proxy_clase_OSM|peso_personas=juicio_no_calibrado|municipio_sin_TomTom(usa_total_ZMM)|sin_segmento_EG-personas<80m
4,n6267211076,(sin nombre),bus,,Apodaca,25.777267,-100.185507,Avenida Miguel Alemán,troncal/autopista,autos circulan hacia SO (240°) y NE (57°); cartel debe mirar NE (60°) y SO (237°) para ver autos que llegan,88.2,0.806,1.232,1.232,"https://www.google.com/maps/search/?api=1&query=25.777267,-100.185507",sin_conteos_reales|indice_via=proxy_clase_OSM|peso_personas=juicio_no_calibrado|OSM_parcial
5,n6267211071,(sin nombre),bus,,Apodaca,25.775134,-100.186322,Avenida Miguel Alemán,troncal/autopista,autos circulan hacia NE (30°) y SO (208°); cartel debe mirar SO (210°) y NE (28°) para ver autos que llegan,87.6,0.8,1.232,1.232,"https://www.google.com/maps/search/?api=1&query=25.775134,-100.186322",sin_conteos_reales|indice_via=proxy_clase_OSM|peso_personas=juicio_no_calibrado|OSM_parcial
6,w435395406,Estación OSM sin nombre,terminal,,Monterrey,25.683718,-100.26923,Avenida Churubusco,troncal/autopista,autos circulan hacia S (179°) y N (0°); cartel debe mirar N (359°) y S (180°) para ver autos que llegan,86.1,0.814,1.191,1.191,"https://www.google.com/maps/search/?api=1&query=25.683718,-100.269230",sin_conteos_reales|indice_via=proxy_clase_OSM|peso_personas=juicio_no_calibrado|municipio_sin_TomTom(usa_total_ZMM)|sin_segmento_EG-personas<80m
7,w1261980346,Ginecología,metro,Monorriel Monterrey,Monterrey,25.669378,-100.296632,Avenida Constitución,troncal/autopista,autos circulan hacia SO (240°); cartel debe mirar NE (60°) para ver autos que llegan,85.5,0.807,1.191,1.191,"https://www.google.com/maps/search/?api=1&query=25.669378,-100.296632",sin_conteos_reales|indice_via=proxy_clase_OSM|peso_personas=juicio_no_calibrado|municipio_sin_TomTom(usa_total_ZMM)
8,n1041599626,Fundadores,metro,Línea 2,Monterrey,25.672277,-100.31879,Avenida Cuauhtémoc,troncal/autopista,autos circulan hacia N (5°); cartel debe mirar S (185°) para ver autos que llegan,84.9,0.802,1.191,1.191,"https://www.google.com/maps/search/?api=1&query=25.672277,-100.318790",sin_conteos_reales|indice_via=proxy_clase_OSM|peso_personas=juicio_no_calibrado|municipio_sin_TomTom(usa_total_ZMM)
9,n1041599630,Alameda,metro,Línea 2,Monterrey,25.677,-100.318167,Avenida Cuauhtémoc,troncal/autopista,autos circulan hacia N (6°); cartel debe mirar S (186°) para ver autos que llegan,84.4,0.798,1.191,1.191,"https://www.google.com/maps/search/?api=1&query=25.677000,-100.318167",sin_conteos_reales|indice_via=proxy_clase_OSM|peso_personas=juicio_no_calibrado|municipio_sin_TomTom(usa_total_ZMM)
10,n308521285,Lerdo de Tejada,metro,Línea 1,Guadalupe,25.67981,-100.252243,Avenida Benito Juárez,primaria,autos circulan hacia O (270°) y E (89°); cartel debe mirar E (90°) y O (269°) para ver autos que llegan,82.0,0.864,1.068,1.335,"https://www.google.com/maps/search/?api=1&query=25.679810,-100.252243",sin_conteos_reales|indice_via=proxy_clase_OSM|peso_personas=juicio_no_calibrado
11,w346000265,Central de Autobuses de Monterrey,terminal,,Monterrey,25.687214,-100.320025,Avenida Cristóbal Colón,primaria,autos circulan hacia O (279°); cartel debe mirar E (99°) para ver autos que llegan,81.7,0.965,0.953,1.191,"https://www.google.com/maps/search/?api=1&query=25.687214,-100.320025",sin_conteos_reales|indice_via=proxy_clase_OSM|peso_personas=juicio_no_calibrado|municipio_sin_TomTom(usa_total_ZMM)
12,n308521293,Eloy Cavazos,metro,Línea 1,Guadalupe,25.680066,-100.264145,Avenida Doctor Ignacio Morones Prieto,troncal/autopista,autos circulan hacia E (78°); cartel debe mirar O (258°) para ver autos que llegan,81.7,0.688,1.335,1.335,"https://www.google.com/maps/search/?api=1&query=25.680066,-100.264145",sin_conteos_reales|indice_via=proxy_clase_OSM|peso_personas=juicio_no_calibrado
13,places-13,APO - 1116 Carretera Miguel Alemán OTE - PTE,bus,,Apodaca,25.78936,-100.1452,Avenida Miguel Alemán,troncal/autopista,autos circulan hacia O (252°) y E (71°); cartel debe mirar E (72°) y O (251°) para ver autos que llegan,81.4,0.743,1.232,1.232,"https://www.google.com/maps/search/?api=1&query=25.789360,-100.145200",sin_conteos_reales|indice_via=proxy_clase_OSM|peso_personas=juicio_no_calibrado|fuente_Places_parcial|sin_segmento_EG-personas<80m
14,n6267211057,(sin nombre),bus,,Apodaca,25.759525,-100.172324,Carretera A Apodaca,primaria,autos circulan hacia NO (336°) y S (159°); cartel debe mirar SE (156°) y N (339°) para ver autos que llegan,80.9,0.924,0.986,1.232,"https://www.google.com/maps/search/?api=1&query=25.759525,-100.172324",sin_conteos_reales|indice_via=proxy_clase_OSM|peso_personas=juicio_no_calibrado|OSM_parcial
15,n6988844397,(sin nombre),bus,,García,25.801968,-100.566114,Avenida del Hospital,primaria,autos circulan hacia NE (45°) y SO (224°); cartel debe mirar SO (225°) y NE (44°) para ver autos que llegan,80.4,0.926,0.977,1.221,"https://www.google.com/maps/search/?api=1&query=25.801968,-100.566114",sin_conteos_reales|indice_via=proxy_clase_OSM|peso_personas=juicio_no_calibrado|OSM_parcial
16,n1041636969,Niños Heroes,metro,Línea 2;Línea 2 Metrorrey,Monterrey,25.717042,-100.310805,Avenida Alfonso Reyes,troncal/autopista,autos circulan hacia N (17°); cartel debe mirar S (197°) para ver autos que llegan,80.3,0.758,1.191,1.191,"https://www.google.com/maps/search/?api=1&query=25.717042,-100.310805",sin_conteos_reales|indice_via=proxy_clase_OSM|peso_personas=juicio_no_calibrado|municipio_sin_TomTom(usa_total_ZMM)|sin_segmento_EG-personas<80m
17,places-17,MTY-0718 Av. Eugenio Garza Sada NTE - SUR,bus,,Monterrey,25.59014,-100.25993,Avenida Eugenio Garza Sada,troncal/autopista,autos circulan hacia SE (153°) y NO (333°); cartel debe mirar NO (333°) y SE (153°) para ver autos que llegan,79.5,0.751,1.191,1.191,"https://www.google.com/maps/search/?api=1&query=25.590140,-100.259930",sin_conteos_reales|indice_via=proxy_clase_OSM|peso_personas=juicio_no_calibrado|fuente_Places_parcial|municipio_sin_TomTom(usa_total_ZMM)|sin_segmento_EG-personas<80m
18,w1525868872,Macroplaza,metro,Línea 4,Monterrey,25.663197,-100.309114,Avenida Constitución,troncal/autopista,autos circulan hacia O (264°); cartel debe mirar E (84°) para ver autos que llegan,79.2,0.748,1.191,1.191,"https://www.google.com/maps/search/?api=1&query=25.663197,-100.309114",sin_conteos_reales|indice_via=proxy_clase_OSM|peso_personas=juicio_no_calibrado|municipio_sin_TomTom(usa_total_ZMM)|sin_segmento_EG-personas<80m
19,places-19,Terminal,bus,,General Escobedo,25.79924,-100.41787,Carretera Libramiento Noroeste de Monterrey,troncal/autopista,autos circulan hacia NE (57°) y SO (237°); cartel debe mirar SO (237°) y NE (57°) para ver autos que llegan,78.9,0.68,1.305,1.305,"https://www.google.com/maps/search/?api=1&query=25.799240,-100.417870",sin_conteos_reales|indice_via=proxy_clase_OSM|peso_personas=juicio_no_calibrado|fuente_Places_parcial
20,n1041637024,Regina,metro,Ecovía;Línea 2,Monterrey,25.708084,-100.314054,Avenida Alfonso Reyes,troncal/autopista,autos circulan hacia N (18°); cartel debe mirar S (198°) para ver autos que llegan,78.1,0.737,1.191,1.191,"https://www.google.com/maps/search/?api=1&query=25.708084,-100.314054",sin_conteos_reales|indice_via=proxy_clase_OSM|peso_personas=juicio_no_calibrado|municipio_sin_TomTom(usa_total_ZMM)|sin_segmento_EG-personas<80m
21,w431975535,Transportes Hispanos,terminal,,Guadalupe,25.683133,-100.255923,Avenida Doctor Ignacio Morones Prieto,troncal/autopista,autos circulan hacia E (90°); cartel debe mirar O (270°) para ver autos que llegan,77.8,0.655,1.335,1.335,"https://www.google.com/maps/search/?api=1&query=25.683133,-100.255923",sin_conteos_reales|indice_via=proxy_clase_OSM|peso_personas=juicio_no_calibrado
22,places-22,106548,bus,,Apodaca,25.77777,-100.18345,Avenida Miguel Alemán,troncal/autopista,autos circulan hacia O (251°) y E (74°); cartel debe mirar E (71°) y O (254°) para ver autos que llegan,77.7,0.71,1.232,1.232,"https://www.google.com/maps/search/?api=1&query=25.777770,-100.183450",sin_conteos_reales|indice_via=proxy_clase_OSM|peso_personas=juicio_no_calibrado|fuente_Places_parcial
23,places-23,GAR-0086 Av. Heberto Castillo Martínez SUR - NTE,bus,,García,25.79526,-100.58414,Heberto Castillo Martínez,primaria,autos circulan hacia N (338°) y S (158°); cartel debe mirar S (158°) y N (338°) para ver autos que llegan,77.7,0.895,0.977,1.221,"https://www.google.com/maps/search/?api=1&query=25.795260,-100.584140",sin_conteos_reales|indice_via=proxy_clase_OSM|peso_personas=juicio_no_calibrado|fuente_Places_parcial
24,n9409150794,Transmetro Fomerrey 9 (Acueducto),brt,E-15,General Escobedo,25.783108,-100.330318,Avenida Acueducto,primaria,autos circulan hacia NO (337°) y SE (155°); cartel debe mirar SE (157°) y NO (335°) para ver autos que llegan,77.6,0.837,1.044,1.305,"https://www.google.com/maps/search/?api=1&query=25.783108,-100.330318",sin_conteos_reales|indice_via=proxy_clase_OSM|peso_personas=juicio_no_calibrado
25,places-25,15593,bus,,Monterrey,25.61625,-100.27116,Avenida Eugenio Garza Sada,troncal/autopista,autos circulan hacia S (182°) y N (0°); cartel debe mirar N (2°) y S (180°) para ver autos que llegan,77.0,0.727,1.191,1.191,"https://www.google.com/maps/search/?api=1&query=25.616250,-100.271160",sin_conteos_reales|indice_via=proxy_clase_OSM|peso_personas=juicio_no_calibrado|fuente_Places_parcial|municipio_sin_TomTom(usa_total_ZMM)
26,n13909322739,Lindavista,metro,Línea 6,Guadalupe,25.688576,-100.258626,Avenida Miguel Alemán Valdés,troncal/autopista,autos circulan hacia O (253°) y E (72°); cartel debe mirar E (73°) y O (252°) para ver autos que llegan,76.2,0.642,1.335,1.335,"https://www.google.com/maps/search/?api=1&query=25.688576,-100.258626",sin_conteos_reales|indice_via=proxy_clase_OSM|peso_personas=juicio_no_calibrado
27,n6773596546,(sin nombre),bus,,García,25.785448,-100.580292,Heberto Castillo Martínez,primaria,autos circulan hacia SE (157°) y N (338°); cartel debe mirar NO (337°) y S (158°) para ver autos que llegan,76.1,0.877,0.977,1.221,"https://www.google.com/maps/search/?api=1&query=25.785448,-100.580292",sin_conteos_reales|indice_via=proxy_clase_OSM|peso_personas=juicio_no_calibrado|OSM_parcial
28,w1529639866,Serafin Pena,metro,Línea 4,Monterrey,25.666972,-100.33028,Avenida Constitución,troncal/autopista,autos circulan hacia O (281°); cartel debe mirar E (101°) para ver autos que llegan,76.1,0.718,1.191,1.191,"https://www.google.com/maps/search/?api=1&query=25.666972,-100.330280",sin_conteos_reales|indice_via=proxy_clase_OSM|peso_personas=juicio_no_calibrado|municipio_sin_TomTom(usa_total_ZMM)|sin_segmento_EG-personas<80m
29,n1041637107,Santiago Tapia,metro,Línea 2,San Nicolás de los Garza,25.759365,-100.295648,Avenida Universidad,troncal/autopista,autos circulan hacia S (197°) y N (19°); cartel debe mirar N (17°) y S (199°) para ver autos que llegan,75.7,0.715,1.191,1.191,"https://www.google.com/maps/search/?api=1&query=25.759365,-100.295648",sin_conteos_reales|indice_via=proxy_clase_OSM|peso_personas=juicio_no_calibrado|municipio_sin_TomTom(usa_total_ZMM)
30,places-30,44893,bus,,García,25.8,-100.57979,Titanio,primaria,autos circulan hacia NO (310°) y SE (131°); cartel debe mirar SE (130°) y NO (311°) para ver autos que llegan,75.5,0.87,0.977,1.221,"https://www.google.com/maps/search/?api=1&query=25.800000,-100.579790",sin_conteos_reales|indice_via=proxy_clase_OSM|peso_personas=juicio_no_calibrado|fuente_Places_parcial
31,w156272662,Central de Autobuses Greyhound,terminal,,General Escobedo,25.771281,-100.291409,Boulevard Licenciado José López Portillo,troncal/autopista,autos circulan hacia S (202°) y N (22°); cartel debe mirar N (22°) y S (202°) para ver autos que llegan,74.9,0.646,1.305,1.305,"https://www.google.com/maps/search/?api=1&query=25.771281,-100.291409",sin_conteos_reales|indice_via=proxy_clase_OSM|peso_personas=juicio_no_calibrado
32,places-32,GPE-0125 Av. Benito Juárez PTE - OTE,bus,,Guadalupe,25.67948,-100.24629,Avenida Benito Juárez,primaria,autos circulan hacia E (98°) y O (277°); cartel debe mirar O (278°) y E (97°) para ver autos que llegan,74.9,0.789,1.068,1.335,"https://www.google.com/maps/search/?api=1&query=25.679480,-100.246290",sin_conteos_reales|indice_via=proxy_clase_OSM|peso_personas=juicio_no_calibrado|fuente_Places_parcial
33,n10731362886,(sin nombre),bus,,Monterrey,25.724057,-100.317254,Manuel L. Barragán,troncal/autopista,autos circulan hacia S (180°); cartel debe mirar N (0°) para ver autos que llegan,74.8,0.707,1.191,1.191,"https://www.google.com/maps/search/?api=1&query=25.724057,-100.317254",sin_conteos_reales|indice_via=proxy_clase_OSM|peso_personas=juicio_no_calibrado|OSM_parcial|municipio_sin_TomTom(usa_total_ZMM)|sin_segmento_EG-personas<80m
34,places-34,GPE-0420 Av. Miguel Alemán OTE - PTE,bus,,Guadalupe,25.69178,-100.2481,Avenida Miguel Alemán,troncal/autopista,autos circulan hacia O (252°) y E (72°); cartel debe mirar E (72°) y O (252°) para ver autos que llegan,74.5,0.628,1.335,1.335,"https://www.google.com/maps/search/?api=1&query=25.691780,-100.248100",sin_conteos_reales|indice_via=proxy_clase_OSM|peso_personas=juicio_no_calibrado|fuente_Places_parcial
35,w1525868871,Puente del Papa,metro,Línea 4,Monterrey,25.664364,-100.31542,Avenida Constitución,troncal/autopista,autos circulan hacia O (282°); cartel debe mirar E (102°) para ver autos que llegan,74.4,0.703,1.191,1.191,"https://www.google.com/maps/search/?api=1&query=25.664364,-100.315420",sin_conteos_reales|indice_via=proxy_clase_OSM|peso_personas=juicio_no_calibrado|municipio_sin_TomTom(usa_total_ZMM)
36,w450679079,Estación OSM sin nombre,terminal,,San Nicolás de los Garza,25.745483,-100.30024,Avenida Universidad,troncal/autopista,autos circulan hacia N (18°) y S (198°); cartel debe mirar S (198°) y N (18°) para ver autos que llegan,73.4,0.693,1.191,1.191,"https://www.google.com/maps/search/?api=1&query=25.745483,-100.300240",sin_conteos_reales|indice_via=proxy_clase_OSM|peso_personas=juicio_no_calibrado|municipio_sin_TomTom(usa_total_ZMM)
37,places-37,Terminal,bus,,San Nicolás de los Garza,25.71392,-100.27345,Avenida Licenciado Adolfo López Mateos,primaria,autos circulan hacia SO (234°) y NE (52°); cartel debe mirar NE (54°) y SO (232°) para ver autos que llegan,73.0,0.862,0.953,1.191,"https://www.google.com/maps/search/?api=1&query=25.713920,-100.273450",sin_conteos_reales|indice_via=proxy_clase_OSM|peso_personas=juicio_no_calibrado|fuente_Places_parcial|municipio_sin_TomTom(usa_total_ZMM)
38,w656583706,Clínica 15,terminal,,Monterrey,25.703687,-100.284009,Avenida Adolfo Ruíz Cortines,primaria,autos circulan hacia O (271°) y E (91°); cartel debe mirar E (91°) y O (271°) para ver autos que llegan,72.5,0.856,0.953,1.191,"https://www.google.com/maps/search/?api=1&query=25.703687,-100.284009",sin_conteos_reales|indice_via=proxy_clase_OSM|peso_personas=juicio_no_calibrado|municipio_sin_TomTom(usa_total_ZMM)
39,n3788005136,Félix U. Gomez,metro,Linea 3;Línea 1,Monterrey,25.683991,-100.296859,Avenida Cristóbal Colón,primaria,autos circulan hacia O (276°); cartel debe mirar E (96°) para ver autos que llegan,72.2,0.853,0.953,1.191,"https://www.google.com/maps/search/?api=1&query=25.683991,-100.296859",sin_conteos_reales|indice_via=proxy_clase_OSM|peso_personas=juicio_no_calibrado|municipio_sin_TomTom(usa_total_ZMM)
40,places-40,ESC-0259 Blvd. Av. José López Portillo SUR - NTE,bus,,General Escobedo,25.81055,-100.27179,Licenciado Jose Lopez Portillo,troncal/autopista,autos circulan hacia NE (32°) y SO (211°); cartel debe mirar SO (212°) y NE (31°) para ver autos que llegan,71.9,0.62,1.305,1.305,"https://www.google.com/maps/search/?api=1&query=25.810550,-100.271790",sin_conteos_reales|indice_via=proxy_clase_OSM|peso_personas=juicio_no_calibrado|fuente_Places_parcial
41,n9788991600,(sin nombre),bus,,General Escobedo,25.848238,-100.320689,Carretera Monterrey - Castaños,primaria,autos circulan hacia NO (330°) y SE (150°); cartel debe mirar SE (150°) y NO (330°) para ver autos que llegan,71.2,0.768,1.044,1.305,"https://www.google.com/maps/search/?api=1&query=25.848238,-100.320689",sin_conteos_reales|indice_via=proxy_clase_OSM|peso_personas=juicio_no_calibrado|OSM_parcial
42,places-42,SNP-0045 Av. Doctor Ignacio Morones Prieto OTE - PTE,bus,,San Pedro Garza García,25.6659,-100.41951,Autopista de Peaje Monterrey-Saltillo,troncal/autopista,autos circulan hacia E (84°) y O (263°); cartel debe mirar O (264°) y E (83°) para ver autos que llegan,71.2,0.673,1.191,1.191,"https://www.google.com/maps/search/?api=1&query=25.665900,-100.419510",sin_conteos_reales|indice_via=proxy_clase_OSM|peso_personas=juicio_no_calibrado|fuente_Places_parcial|municipio_sin_TomTom(usa_total_ZMM)
43,n3788005139,Moderna,metro,Linea 3,Monterrey,25.700332,-100.292771,Avenida Félix Uresti Gómez,primaria,autos circulan hacia NE (51°) y SO (233°); cartel debe mirar SO (231°) y NE (53°) para ver autos que llegan,71.0,0.838,0.953,1.191,"https://www.google.com/maps/search/?api=1&query=25.700332,-100.292771",sin_conteos_reales|indice_via=proxy_clase_OSM|peso_personas=juicio_no_calibrado|municipio_sin_TomTom(usa_total_ZMM)
44,n8057495584,(sin nombre),bus,,fuera núcleo ZMM,25.801299,-100.101113,Avenida Miguel Alemán,primaria,autos circulan hacia S (201°) y N (19°); cartel debe mirar N (21°) y S (199°) para ver autos que llegan,70.8,0.836,0.953,1.191,"https://www.google.com/maps/search/?api=1&query=25.801299,-100.101113",sin_conteos_reales|indice_via=proxy_clase_OSM|peso_personas=juicio_no_calibrado|OSM_parcial|municipio_sin_TomTom(usa_total_ZMM)
45,places-45,STC-0004 Antigüa Carretera Villa de García OTE - PTE,bus,,Santa Catarina,25.74166,-100.51437,Carretera Libramiento Noroeste de Monterrey,troncal/autopista,autos circulan hacia NE (50°); cartel debe mirar SO (230°) para ver autos que llegan,70.7,0.644,1.235,1.235,"https://www.google.com/maps/search/?api=1&query=25.741660,-100.514370",sin_conteos_reales|indice_via=proxy_clase_OSM|peso_personas=juicio_no_calibrado|fuente_Places_parcial|sin_segmento_EG-personas<80m
46,n2276211410,(sin nombre),bus,,Monterrey,25.690039,-100.316967,Avenida Alfonso Reyes,troncal/autopista,autos circulan hacia S (181°) y N (360°); cartel debe mirar N (1°) y S (180°) para ver autos que llegan,70.6,0.667,1.191,1.191,"https://www.google.com/maps/search/?api=1&query=25.690039,-100.316967",sin_conteos_reales|indice_via=proxy_clase_OSM|peso_personas=juicio_no_calibrado|OSM_parcial|municipio_sin_TomTom(usa_total_ZMM)
47,n4162252519,(sin nombre),bus,,San Nicolás de los Garza,25.71666,-100.250394,Avenida Rómulo Garza,primaria,autos circulan hacia SO (246°) y NE (66°); cartel debe mirar NE (66°) y SO (246°) para ver autos que llegan,68.9,0.814,0.953,1.191,"https://www.google.com/maps/search/?api=1&query=25.716660,-100.250394",sin_conteos_reales|indice_via=proxy_clase_OSM|peso_personas=juicio_no_calibrado|OSM_parcial|municipio_sin_TomTom(usa_total_ZMM)
48,n8105139872,Avenida Eugenio Garza Sada X Eugenio Garza Sada,bus,,Monterrey,25.656822,-100.295553,Avenida Eugenio Garza Sada,troncal/autopista,autos circulan hacia NO (330°) y SE (151°); cartel debe mirar SE (150°) y NO (331°) para ver autos que llegan,68.9,0.651,1.191,1.191,"https://www.google.com/maps/search/?api=1&query=25.656822,-100.295553",sin_conteos_reales|indice_via=proxy_clase_OSM|peso_personas=juicio_no_calibrado|OSM_parcial|municipio_sin_TomTom(usa_total_ZMM)
49,n6770530572,(sin nombre),bus,,García,25.787419,-100.58123,Heberto Castillo Martínez,primaria,autos circulan hacia S (158°) y NO (337°); cartel debe mirar N (338°) y SE (157°) para ver autos que llegan,68.5,0.789,0.977,1.221,"https://www.google.com/maps/search/?api=1&query=25.787419,-100.581230",sin_conteos_reales|indice_via=proxy_clase_OSM|peso_personas=juicio_no_calibrado|OSM_parcial
50,n1041636993,General Anaya,metro,Línea 2,Monterrey,25.696641,-100.316868,Avenida Alfonso Reyes,troncal/autopista,autos circulan hacia S (180°) y N (359°); cartel debe mirar N (0°) y S (179°) para ver autos que llegan,68.1,0.643,1.191,1.191,"https://www.google.com/maps/search/?api=1&query=25.696641,-100.316868",sin_conteos_reales|indice_via=proxy_clase_OSM|peso_personas=juicio_no_calibrado|municipio_sin_TomTom(usa_total_ZMM)
51,n13733419740,Avenida Benito Juarez,bus,108,Monterrey,25.674041,-100.314711,Avenida Benito Juárez,primaria,"doble sentido (S-N, 188°/8°); cartel puede mirar S o N",67.9,0.802,0.953,1.191,"https://www.google.com/maps/search/?api=1&query=25.674041,-100.314711",sin_conteos_reales|indice_via=proxy_clase_OSM|peso_personas=juicio_no_calibrado|OSM_parcial|municipio_sin_TomTom(usa_total_ZMM)
52,n8105139867,Avenida Eugenio Garza Sada X Eugenio Garza Sada,bus,,Monterrey,25.64738,-100.289622,Avenida Eugenio Garza Sada,troncal/autopista,autos circulan hacia NO (330°) y SE (150°); cartel debe mirar SE (150°) y NO (330°) para ver autos que llegan,67.9,0.641,1.191,1.191,"https://www.google.com/maps/search/?api=1&query=25.647380,-100.289622",sin_conteos_reales|indice_via=proxy_clase_OSM|peso_personas=juicio_no_calibrado|OSM_parcial|municipio_sin_TomTom(usa_total_ZMM)
53,w656579046,Ecovía - Valle Fértil,brt,Ecovía,Guadalupe,25.705523,-100.166207,Avenida Adolfo Ruíz Cortines,primaria,autos circulan hacia O (269°) y E (89°); cartel debe mirar E (89°) y O (269°) para ver autos que llegan,67.8,0.714,1.068,1.335,"https://www.google.com/maps/search/?api=1&query=25.705523,-100.166207",sin_conteos_reales|indice_via=proxy_clase_OSM|peso_personas=juicio_no_calibrado
54,n308516817,Central,metro,Línea 1,Monterrey,25.68699,-100.324235,Avenida Cristóbal Colón,primaria,autos circulan hacia O (275°); cartel debe mirar E (95°) para ver autos que llegan,67.7,0.8,0.953,1.191,"https://www.google.com/maps/search/?api=1&query=25.686990,-100.324235",sin_conteos_reales|indice_via=proxy_clase_OSM|peso_personas=juicio_no_calibrado|municipio_sin_TomTom(usa_total_ZMM)
55,places-55,ESC-0320 Av. Dr. Plinio D. Ordóñez SUR - NTE,bus,,General Escobedo,25.78116,-100.33045,Avenida Acueducto,primaria,autos circulan hacia SE (156°) y NO (337°); cartel debe mirar NO (336°) y SE (157°) para ver autos que llegan,67.6,0.729,1.044,1.305,"https://www.google.com/maps/search/?api=1&query=25.781160,-100.330450",sin_conteos_reales|indice_via=proxy_clase_OSM|peso_personas=juicio_no_calibrado|fuente_Places_parcial
56,n1041637014,San Nicolás,metro,Línea 2,San Nicolás de los Garza,25.752672,-100.29804,Avenida Universidad,troncal/autopista,autos circulan hacia N (18°) y S (197°); cartel debe mirar S (198°) y N (17°) para ver autos que llegan,67.6,0.638,1.191,1.191,"https://www.google.com/maps/search/?api=1&query=25.752672,-100.298040",sin_conteos_reales|indice_via=proxy_clase_OSM|peso_personas=juicio_no_calibrado|municipio_sin_TomTom(usa_total_ZMM)
57,places-57,Parabús,bus,,Monterrey,25.671384,-100.314749,Avenida Benito Juárez,primaria,"doble sentido (S-N, 186°/6°); cartel puede mirar S o N",66.6,0.786,0.953,1.191,"https://www.google.com/maps/search/?api=1&query=25.671384,-100.314749",sin_conteos_reales|indice_via=proxy_clase_OSM|peso_personas=juicio_no_calibrado|fuente_Places_parcial|municipio_sin_TomTom(usa_total_ZMM)
58,n1402821228,(sin nombre),bus,,Guadalupe,25.693414,-100.240861,Avenida Miguel Alemán,troncal/autopista,autos circulan hacia E (74°) y O (253°); cartel debe mirar O (254°) y E (73°) para ver autos que llegan,66.5,0.56,1.335,1.335,"https://www.google.com/maps/search/?api=1&query=25.693414,-100.240861",sin_conteos_reales|indice_via=proxy_clase_OSM|peso_personas=juicio_no_calibrado|OSM_parcial
59,places-59,MTY-0743 Av. Eugenio Garza Sada SUR - NTE,bus,,Monterrey,25.6437,-100.28732,Avenida Eugenio Garza Sada,troncal/autopista,autos circulan hacia NO (330°) y SE (151°); cartel debe mirar SE (150°) y NO (331°) para ver autos que llegan,66.3,0.627,1.191,1.191,"https://www.google.com/maps/search/?api=1&query=25.643700,-100.287320",sin_conteos_reales|indice_via=proxy_clase_OSM|peso_personas=juicio_no_calibrado|fuente_Places_parcial|municipio_sin_TomTom(usa_total_ZMM)
60,w655702823,Adolfo Prieto,terminal,,Guadalupe,25.703183,-100.254326,Avenida Adolfo Ruíz Cortines,primaria,autos circulan hacia O (270°) y E (91°); cartel debe mirar E (90°) y O (271°) para ver autos que llegan,66.2,0.698,1.068,1.335,"https://www.google.com/maps/search/?api=1&query=25.703183,-100.254326",sin_conteos_reales|indice_via=proxy_clase_OSM|peso_personas=juicio_no_calibrado
61,w1529668156,Barrio Antiguo,metro,Línea 4,Monterrey,25.665833,-100.303334,Avenida Constitución,troncal/autopista,autos circulan hacia SO (233°); cartel debe mirar NE (53°) para ver autos que llegan,65.9,0.623,1.191,1.191,"https://www.google.com/maps/search/?api=1&query=25.665833,-100.303334",sin_conteos_reales|indice_via=proxy_clase_OSM|peso_personas=juicio_no_calibrado|municipio_sin_TomTom(usa_total_ZMM)
62,n4162081169,(sin nombre),bus,,San Nicolás de los Garza,25.728662,-100.254397,Avenida Licenciado Adolfo López Mateos,primaria,autos circulan hacia NE (52°) y SO (234°); cartel debe mirar SO (232°) y NE (54°) para ver autos que llegan,65.6,0.775,0.953,1.191,"https://www.google.com/maps/search/?api=1&query=25.728662,-100.254397",sin_conteos_reales|indice_via=proxy_clase_OSM|peso_personas=juicio_no_calibrado|OSM_parcial|municipio_sin_TomTom(usa_total_ZMM)
63,n5108553595,Santa Lucía,metro,Linea 3,Monterrey,25.671504,-100.298507,Avenida Félix Uresti Gómez,primaria,autos circulan hacia N (6°) y S (188°); cartel debe mirar S (186°) y N (8°) para ver autos que llegan,65.0,0.768,0.953,1.191,"https://www.google.com/maps/search/?api=1&query=25.671504,-100.298507",sin_conteos_reales|indice_via=proxy_clase_OSM|peso_personas=juicio_no_calibrado|municipio_sin_TomTom(usa_total_ZMM)
64,n3788005135,Colonia Obrera,metro,linea 3,Monterrey,25.678352,-100.297603,Avenida Félix Uresti Gómez,primaria,autos circulan hacia N (7°) y S (187°); cartel debe mirar S (187°) y N (7°) para ver autos que llegan,65.0,0.767,0.953,1.191,"https://www.google.com/maps/search/?api=1&query=25.678352,-100.297603",sin_conteos_reales|indice_via=proxy_clase_OSM|peso_personas=juicio_no_calibrado|municipio_sin_TomTom(usa_total_ZMM)
65,n308521303,Y Griega,metro,Línea 1;Línea 6,Monterrey,25.683285,-100.279454,Avenida Cristóbal Colón,primaria,autos circulan hacia NO (297°); cartel debe mirar SE (117°) para ver autos que llegan,64.8,0.766,0.953,1.191,"https://www.google.com/maps/search/?api=1&query=25.683285,-100.279454",sin_conteos_reales|indice_via=proxy_clase_OSM|peso_personas=juicio_no_calibrado|municipio_sin_TomTom(usa_total_ZMM)
66,n7893949153,(sin nombre),bus,,García,25.747343,-100.528021,Carretera a García,primaria,autos circulan hacia N (339°) y S (159°); cartel debe mirar S (159°) y N (339°) para ver autos que llegan,64.7,0.745,0.977,1.221,"https://www.google.com/maps/search/?api=1&query=25.747343,-100.528021",sin_conteos_reales|indice_via=proxy_clase_OSM|peso_personas=juicio_no_calibrado|OSM_parcial|sin_segmento_EG-personas<80m
67,places-67,Parada de Transmetro,bus,,Apodaca,25.780347,-100.253755,Avenida Afganistán,primaria,autos circulan hacia NE (36°) y SO (219°); cartel debe mirar SO (216°) y NE (39°) para ver autos que llegan,64.2,0.733,0.986,1.232,"https://www.google.com/maps/search/?api=1&query=25.780347,-100.253755",sin_conteos_reales|indice_via=proxy_clase_OSM|peso_personas=juicio_no_calibrado|fuente_Places_parcial
68,w656583705,Coyoacán,brt,Ecovía,Monterrey,25.703592,-100.278688,Avenida Adolfo Ruíz Cortines,primaria,autos circulan hacia O (271°) y E (91°); cartel debe mirar E (91°) y O (271°) para ver autos que llegan,64.1,0.757,0.953,1.191,"https://www.google.com/maps/search/?api=1&query=25.703592,-100.278688",sin_conteos_reales|indice_via=proxy_clase_OSM|peso_personas=juicio_no_calibrado|municipio_sin_TomTom(usa_total_ZMM)
69,places-69,GAR-0091 Av. Heberto Castillo Martínez SUR - NTE,bus,,García,25.79099,-100.58245,Heberto Castillo Martínez,primaria,autos circulan hacia N (338°) y S (158°); cartel debe mirar S (158°) y N (338°) para ver autos que llegan,64.0,0.737,0.977,1.221,"https://www.google.com/maps/search/?api=1&query=25.790990,-100.582450",sin_conteos_reales|indice_via=proxy_clase_OSM|peso_personas=juicio_no_calibrado|fuente_Places_parcial
70,n10158834886,(sin nombre),bus,,Monterrey,25.712327,-100.328495,Avenida General Bernardo Reyes,primaria,autos circulan hacia S (169°) y N (348°); cartel debe mirar N (349°) y S (168°) para ver autos que llegan,63.8,0.754,0.953,1.191,"https://www.google.com/maps/search/?api=1&query=25.712327,-100.328495",sin_conteos_reales|indice_via=proxy_clase_OSM|peso_personas=juicio_no_calibrado|OSM_parcial|municipio_sin_TomTom(usa_total_ZMM)
71,n3533239717,Ruta 203,terminal,,Santa Catarina,25.686772,-100.494066,Carretera Saltillo - Monterrey,primaria,autos circulan hacia SE (113°) y O (292°); cartel debe mirar NO (293°) y E (112°) para ver autos que llegan,63.7,0.725,0.988,1.235,"https://www.google.com/maps/search/?api=1&query=25.686772,-100.494066",sin_conteos_reales|indice_via=proxy_clase_OSM|peso_personas=juicio_no_calibrado
72,places-72,GAR-0024 Av. Abraham Lincoln OTE - PTE,bus,,García,25.78826,-100.48993,Avenida Abraham Lincoln,primaria,autos circulan hacia O (283°) y E (103°); cartel debe mirar E (103°) y O (283°) para ver autos que llegan,63.5,0.731,0.977,1.221,"https://www.google.com/maps/search/?api=1&query=25.788260,-100.489930",sin_conteos_reales|indice_via=proxy_clase_OSM|peso_personas=juicio_no_calibrado|fuente_Places_parcial
73,n308516813,Del Golfo,metro,Línea 1,Monterrey,25.68506,-100.306571,Avenida Cristóbal Colón,primaria,autos circulan hacia O (276°); cartel debe mirar E (96°) para ver autos que llegan,63.5,0.75,0.953,1.191,"https://www.google.com/maps/search/?api=1&query=25.685060,-100.306571",sin_conteos_reales|indice_via=proxy_clase_OSM|peso_personas=juicio_no_calibrado|municipio_sin_TomTom(usa_total_ZMM)
74,n12352377701,Transmetro Romulo Garza - Hospital Metropolitano,bus,,San Nicolás de los Garza,25.713244,-100.257509,Avenida Rómulo Garza,primaria,autos circulan hacia E (68°) y O (248°); cartel debe mirar O (248°) y E (68°) para ver autos que llegan,63.3,0.747,0.953,1.191,"https://www.google.com/maps/search/?api=1&query=25.713244,-100.257509",sin_conteos_reales|indice_via=proxy_clase_OSM|peso_personas=juicio_no_calibrado|OSM_parcial|municipio_sin_TomTom(usa_total_ZMM)
75,w437686614,viva aerobus,terminal,,Monterrey,25.681965,-100.275609,Avenida Cristóbal Colón Oriente,primaria,autos circulan hacia O (290°) y E (109°); cartel debe mirar E (110°) y O (289°) para ver autos que llegan,63.1,0.746,0.953,1.191,"https://www.google.com/maps/search/?api=1&query=25.681965,-100.275609",sin_conteos_reales|indice_via=proxy_clase_OSM|peso_personas=juicio_no_calibrado|municipio_sin_TomTom(usa_total_ZMM)
76,w748890091,Benito Juárez,brt,Transmetro,Guadalupe,25.67882,-100.23774,Avenida Benito Juárez,primaria,autos circulan hacia O (275°) y E (98°); cartel debe mirar E (95°) y O (278°) para ver autos que llegan,63.0,0.664,1.068,1.335,"https://www.google.com/maps/search/?api=1&query=25.678820,-100.237740",sin_conteos_reales|indice_via=proxy_clase_OSM|peso_personas=juicio_no_calibrado
77,places-77,GAR-0377 Carretera García PTE - OTE,bus,,García,25.77664,-100.56821,Carretera a Garcia,primaria,autos circulan hacia SE (125°) y NO (304°); cartel debe mirar NO (305°) y SE (124°) para ver autos que llegan,62.6,0.721,0.977,1.221,"https://www.google.com/maps/search/?api=1&query=25.776640,-100.568210",sin_conteos_reales|indice_via=proxy_clase_OSM|peso_personas=juicio_no_calibrado|fuente_Places_parcial
78,n6267211053,(sin nombre),bus,,Apodaca,25.754462,-100.169778,Carretera A Apodaca,primaria,autos circulan hacia NO (336°) y SE (156°); cartel debe mirar SE (156°) y NO (336°) para ver autos que llegan,62.5,0.714,0.986,1.232,"https://www.google.com/maps/search/?api=1&query=25.754462,-100.169778",sin_conteos_reales|indice_via=proxy_clase_OSM|peso_personas=juicio_no_calibrado|OSM_parcial
79,w1540803281,Estación OSM sin nombre,metro,Metrorrey Línea 6,Apodaca,25.774811,-100.116031,Boulevard Aeropuerto,troncal/autopista,autos circulan hacia SE (122°) y NO (302°); cartel debe mirar NO (302°) y SE (122°) para ver autos que llegan,62.2,0.568,1.232,1.232,"https://www.google.com/maps/search/?api=1&query=25.774811,-100.116031",sin_conteos_reales|indice_via=proxy_clase_OSM|peso_personas=juicio_no_calibrado|sin_segmento_EG-personas<80m
80,n1798887652,Estación OSM sin nombre,terminal,,Guadalupe,25.706491,-100.178581,Avenida Adolfo Ruíz Cortines,primaria,autos circulan hacia SE (127°) y NO (308°); cartel debe mirar NO (307°) y SE (128°) para ver autos que llegan,62.0,0.653,1.068,1.335,"https://www.google.com/maps/search/?api=1&query=25.706491,-100.178581",sin_conteos_reales|indice_via=proxy_clase_OSM|peso_personas=juicio_no_calibrado|sin_segmento_EG-personas<80m
81,n6267211042,(sin nombre),bus,,Apodaca,25.71321,-100.136119,Libramiento Norte de Monterrey,primaria,"doble sentido (S-N, 166°/346°); cartel puede mirar S o N",61.6,0.703,0.986,1.232,"https://www.google.com/maps/search/?api=1&query=25.713210,-100.136119",sin_conteos_reales|indice_via=proxy_clase_OSM|peso_personas=juicio_no_calibrado|OSM_parcial
82,n1798882005,(sin nombre),bus,,Guadalupe,25.705974,-100.163571,Avenida Adolfo Ruíz Cortines,primaria,autos circulan hacia O (270°) y E (93°); cartel debe mirar E (90°) y O (273°) para ver autos que llegan,61.5,0.648,1.068,1.335,"https://www.google.com/maps/search/?api=1&query=25.705974,-100.163571",sin_conteos_reales|indice_via=proxy_clase_OSM|peso_personas=juicio_no_calibrado|OSM_parcial
83,n1849023738,(sin nombre),bus,,San Pedro Garza García,25.665934,-100.412916,Autopista de Peaje Monterrey-Saltillo,troncal/autopista,autos circulan hacia NE (67°) y O (248°); cartel debe mirar SO (247°) y E (68°) para ver autos que llegan,61.5,0.581,1.191,1.191,"https://www.google.com/maps/search/?api=1&query=25.665934,-100.412916",sin_conteos_reales|indice_via=proxy_clase_OSM|peso_personas=juicio_no_calibrado|OSM_parcial|municipio_sin_TomTom(usa_total_ZMM)
84,n13907211626,Churubusco,metro,Línea 6,Monterrey,25.686132,-100.267201,Prolongación Francisco I. Madero,troncal/autopista,autos circulan hacia O (253°) y E (73°); cartel debe mirar E (73°) y O (253°) para ver autos que llegan,61.4,0.58,1.191,1.191,"https://www.google.com/maps/search/?api=1&query=25.686132,-100.267201",sin_conteos_reales|indice_via=proxy_clase_OSM|peso_personas=juicio_no_calibrado|municipio_sin_TomTom(usa_total_ZMM)
85,n6267211037,(sin nombre),bus,,Apodaca,25.710537,-100.135095,Libramiento Norte de Monterrey,primaria,"doble sentido (S-N, 165°/345°); cartel puede mirar S o N",61.4,0.7,0.986,1.232,"https://www.google.com/maps/search/?api=1&query=25.710537,-100.135095",sin_conteos_reales|indice_via=proxy_clase_OSM|peso_personas=juicio_no_calibrado|OSM_parcial
86,n1041599598,Padre Mier,metro,Línea 2,Monterrey,25.668608,-100.315567,Avenida Benito Juárez,primaria,"doble sentido (S-N, 185°/5°); cartel puede mirar S o N",61.1,0.722,0.953,1.191,"https://www.google.com/maps/search/?api=1&query=25.668608,-100.315567",sin_conteos_reales|indice_via=proxy_clase_OSM|peso_personas=juicio_no_calibrado|municipio_sin_TomTom(usa_total_ZMM)
87,n1041636979,Sendero,metro,Línea 2,General Escobedo,25.768806,-100.292867,Avenida Universidad,troncal/autopista,autos circulan hacia S (202°) y N (22°); cartel debe mirar N (22°) y S (202°) para ver autos que llegan,61.0,0.526,1.305,1.305,"https://www.google.com/maps/search/?api=1&query=25.768806,-100.292867",sin_conteos_reales|indice_via=proxy_clase_OSM|peso_personas=juicio_no_calibrado
88,n13798081429,(sin nombre),bus,,Juárez,25.685996,-100.118825,Libramiento Norte de Monterrey,primaria,autos circulan hacia NO (324°) y SE (144°); cartel debe mirar SE (144°) y NO (324°) para ver autos que llegan,60.9,0.749,0.914,1.143,"https://www.google.com/maps/search/?api=1&query=25.685996,-100.118825",sin_conteos_reales|indice_via=proxy_clase_OSM|peso_personas=juicio_no_calibrado|OSM_parcial
89,n6267211029,(sin nombre),bus,,Apodaca,25.701651,-100.130969,Libramiento Norte de Monterrey,primaria,"doble sentido (NO-SE, 325°/145°); cartel puede mirar NO o SE",60.9,0.695,0.986,1.232,"https://www.google.com/maps/search/?api=1&query=25.701651,-100.130969",sin_conteos_reales|indice_via=proxy_clase_OSM|peso_personas=juicio_no_calibrado|OSM_parcial
90,w709723033,Ruta 601,terminal,,García,25.811014,-100.621051,Juárez,secundaria,"doble sentido (O-E, 284°/104°); cartel puede mirar O o E",60.5,0.929,0.733,1.221,"https://www.google.com/maps/search/?api=1&query=25.811014,-100.621051",sin_conteos_reales|indice_via=proxy_clase_OSM|peso_personas=juicio_no_calibrado
91,n308521309,Arena Monterrey,metro,Línea 1,Monterrey,25.683735,-100.288129,Avenida Cristóbal Colón,primaria,autos circulan hacia O (271°); cartel debe mirar E (91°) para ver autos que llegan,60.4,0.713,0.953,1.191,"https://www.google.com/maps/search/?api=1&query=25.683735,-100.288129",sin_conteos_reales|indice_via=proxy_clase_OSM|peso_personas=juicio_no_calibrado|municipio_sin_TomTom(usa_total_ZMM)
92,n13909731702,La Fe,metro,Línea 6,San Nicolás de los Garza,25.720015,-100.21644,Avenida Miguel Alemán,troncal/autopista,autos circulan hacia NE (26°) y SO (208°); cartel debe mirar SO (206°) y NE (28°) para ver autos que llegan,60.4,0.57,1.191,1.191,"https://www.google.com/maps/search/?api=1&query=25.720015,-100.216440",sin_conteos_reales|indice_via=proxy_clase_OSM|peso_personas=juicio_no_calibrado|municipio_sin_TomTom(usa_total_ZMM)
93,places-93,STC-0482 Carretera Monterrey-Saltillo PTE - OTE,bus,,Santa Catarina,25.685,-100.48027,Carretera Saltillo - Monterrey,primaria,autos circulan hacia E (89°) y O (269°); cartel debe mirar O (269°) y E (89°) para ver autos que llegan,60.4,0.687,0.988,1.235,"https://www.google.com/maps/search/?api=1&query=25.685000,-100.480270",sin_conteos_reales|indice_via=proxy_clase_OSM|peso_personas=juicio_no_calibrado|fuente_Places_parcial
94,w1529639873,Obispado / Torre Rise,metro,Línea 4,Monterrey,25.670696,-100.347105,Avenida Constitución,troncal/autopista,autos circulan hacia O (288°); cartel debe mirar E (108°) para ver autos que llegan,60.1,0.567,1.191,1.191,"https://www.google.com/maps/search/?api=1&query=25.670696,-100.347105",sin_conteos_reales|indice_via=proxy_clase_OSM|peso_personas=juicio_no_calibrado|municipio_sin_TomTom(usa_total_ZMM)|sin_segmento_EG-personas<80m
95,n11460248271,211 (Pabellón)-219 (Churubusco y Provivienda)-225 (Huinalá),bus,,Guadalupe,25.729071,-100.190181,Avenida Guadalajara,secundaria,"doble sentido (N-S, 8°/188°); cartel puede mirar N o S",59.7,0.839,0.801,1.335,"https://www.google.com/maps/search/?api=1&query=25.729071,-100.190181",sin_conteos_reales|indice_via=proxy_clase_OSM|peso_personas=juicio_no_calibrado|OSM_parcial
96,n11380477133,Autobuses Futura,terminal,,San Nicolás de los Garza,25.757277,-100.296115,Avenida Universidad,troncal/autopista,autos circulan hacia N (18°) y S (199°); cartel debe mirar S (198°) y N (19°) para ver autos que llegan,59.5,0.562,1.191,1.191,"https://www.google.com/maps/search/?api=1&query=25.757277,-100.296115",sin_conteos_reales|indice_via=proxy_clase_OSM|peso_personas=juicio_no_calibrado|municipio_sin_TomTom(usa_total_ZMM)
97,n9403792938,Interenlace,terminal,,Juárez,25.652958,-100.111268,Avenida Licenciado Arturo B. De la Garza,primaria,autos circulan hacia O (281°) y E (101°); cartel debe mirar E (101°) y O (281°) para ver autos que llegan,59.3,0.729,0.914,1.143,"https://www.google.com/maps/search/?api=1&query=25.652958,-100.111268",sin_conteos_reales|indice_via=proxy_clase_OSM|peso_personas=juicio_no_calibrado
98,places-98,GAR-0462 Av. Juárez PTE - OTE,bus,,García,25.81128,-100.62471,Juárez,secundaria,"doble sentido (O-E, 262°/82°); cartel puede mirar O o E",59.1,0.908,0.733,1.221,"https://www.google.com/maps/search/?api=1&query=25.811280,-100.624710",sin_conteos_reales|indice_via=proxy_clase_OSM|peso_personas=juicio_no_calibrado|fuente_Places_parcial
99,places-99,18423,bus,,Monterrey,25.66695,-100.32047,Avenida José María Pino Suárez,troncal/autopista,autos circulan hacia S (193°); cartel debe mirar N (13°) para ver autos que llegan,58.9,0.556,1.191,1.191,"https://www.google.com/maps/search/?api=1&query=25.666950,-100.320470",sin_conteos_reales|indice_via=proxy_clase_OSM|peso_personas=juicio_no_calibrado|fuente_Places_parcial|municipio_sin_TomTom(usa_total_ZMM)
100,n3473129897,Diaz Ordaz y 20 Noviembre,bus,,Santa Catarina,25.673898,-100.420073,Boulevard Licenciado Gustavo Díaz Ordaz,primaria,autos circulan hacia E (78°) y O (260°); cartel debe mirar O (258°) y E (80°) para ver autos que llegan,58.8,0.67,0.988,1.235,"https://www.google.com/maps/search/?api=1&query=25.673898,-100.420073",sin_conteos_reales|indice_via=proxy_clase_OSM|peso_personas=juicio_no_calibrado|OSM_parcial
