cve_col,colonia,municipio,rank_base,score_base,area_km2,viv_hab_censo_est,viv_ha_censo,dens_star,score_dens_DA_05,rank_dens_DA_05,score_dens_DA_10,rank_dens_DA_10,score_dens_DA_20,rank_dens_DA_20,score_dens_DA_30,rank_dens_DA_30,score_dens_ALL_10,rank_dens_ALL_10,score_dens_ALL_20,rank_dens_ALL_20,etiqueta
19039_0041,Ampliacion Municipal,Monterrey,1,73.73,0.0964,435.1,45.13,0.9277,75.24,1,76.76,1,79.79,1,82.82,1,75.63,1,77.54,1,"MODELO (viv Censo 2020 por traslape colonia-AGEB / area poligono CONAPO); sensibilidad, no reemplaza score_base"
19039_0289,Fomerrey 112 (San Bernabe 9),Monterrey,2,69.55,0.4326,874.7,20.22,0.1928,67.69,3,65.82,9,62.1,21,58.38,41,64.52,10,59.49,21,"MODELO (viv Censo 2020 por traslape colonia-AGEB / area poligono CONAPO); sensibilidad, no reemplaza score_base"
19021_0247,San Miguel Residencial,General Escobedo,3,69.46,1.3658,3394.2,24.85,0.3554,68.42,2,67.37,4,65.29,10,63.21,22,66.07,3,62.67,11,"MODELO (viv Censo 2020 por traslape colonia-AGEB / area poligono CONAPO); sensibilidad, no reemplaza score_base"
19039_0167,Croc,Monterrey,4,68.73,1.6803,3895.3,23.18,0.2952,66.55,5,64.37,12,60.01,30,55.65,51,64.81,7,60.89,16,"MODELO (viv Censo 2020 por traslape colonia-AGEB / area poligono CONAPO); sensibilidad, no reemplaza score_base"
19006_0406,Pueblo Nuevo 4To Sector,Apodaca,5,67.0,0.3323,718.4,21.62,0.259,65.65,9,64.3,13,61.61,22,58.91,39,62.89,14,58.78,25,"MODELO (viv Censo 2020 por traslape colonia-AGEB / area poligono CONAPO); sensibilidad, no reemplaza score_base"
19006_0403,Pueblo Nuevo 1Er Sector,Apodaca,6,66.83,0.191,393.0,20.58,0.2108,65.25,10,63.68,15,60.52,28,57.37,45,62.25,16,57.68,29,"MODELO (viv Censo 2020 por traslape colonia-AGEB / area poligono CONAPO); sensibilidad, no reemplaza score_base"
19039_0296,Fomerrey 24,Monterrey,7,66.3,0.1252,383.5,30.63,0.5,66.21,6,66.12,8,65.93,9,65.75,17,64.67,8,63.04,9,"MODELO (viv Censo 2020 por traslape colonia-AGEB / area poligono CONAPO); sensibilidad, no reemplaza score_base"
19039_0321,Gloria Mendiola,Monterrey,8,65.73,0.3865,1602.6,41.46,0.8675,67.51,4,69.3,2,72.87,2,76.44,2,67.83,2,69.93,2,"MODELO (viv Censo 2020 por traslape colonia-AGEB / area poligono CONAPO); sensibilidad, no reemplaza score_base"
19046_0080,Floridos Bosques del Nogalar,San Nicolás de los Garza,9,65.66,0.1733,437.9,25.27,0.3675,64.95,12,64.24,14,62.82,17,61.4,26,62.77,15,59.88,20,"MODELO (viv Censo 2020 por traslape colonia-AGEB / area poligono CONAPO); sensibilidad, no reemplaza score_base"
19048_0216,Rincon de Las Mitras (Fomerrey 2),Santa Catarina,10,65.2,0.2609,933.2,35.77,0.6566,65.97,7,66.74,6,68.27,7,69.81,10,65.24,6,65.29,7,"MODELO (viv Censo 2020 por traslape colonia-AGEB / area poligono CONAPO); sensibilidad, no reemplaza score_base"
19026_0236,La Playa,Guadalupe,11,64.98,0.1617,389.5,24.09,0.3253,64.11,14,63.24,17,61.49,23,59.75,36,61.74,17,58.49,26,"MODELO (viv Censo 2020 por traslape colonia-AGEB / area poligono CONAPO); sensibilidad, no reemplaza score_base"
19039_0666,San Bernabe 1Er Sector,Monterrey,12,64.59,1.0752,3434.3,31.94,0.5542,64.08,15,63.57,16,62.54,18,61.51,25,63.67,11,62.76,10,"MODELO (viv Censo 2020 por traslape colonia-AGEB / area poligono CONAPO); sensibilidad, no reemplaza score_base"
19048_0151,Paseo de Las Minas,Santa Catarina,13,64.01,0.146,587.8,40.26,0.8373,65.77,8,67.53,3,71.04,3,74.56,3,65.98,4,67.96,3,"MODELO (viv Censo 2020 por traslape colonia-AGEB / area poligono CONAPO); sensibilidad, no reemplaza score_base"
19046_0207,Paseo del Nogalar,San Nicolás de los Garza,14,63.54,0.2283,906.3,39.7,0.8193,65.24,11,66.94,5,70.34,4,73.74,5,65.38,5,67.22,4,"MODELO (viv Censo 2020 por traslape colonia-AGEB / area poligono CONAPO); sensibilidad, no reemplaza score_base"
19026_0291,Miguel Hidalgo,Guadalupe,15,62.97,0.2281,644.2,28.24,0.4277,62.75,17,62.54,18,62.1,20,61.67,23,60.95,18,58.93,24,"MODELO (viv Censo 2020 por traslape colonia-AGEB / area poligono CONAPO); sensibilidad, no reemplaza score_base"
19039_0298,Fomerrey 35 (Tierra Propia),Monterrey,16,62.63,0.4153,1651.0,39.75,0.8253,64.42,13,66.22,7,69.81,5,73.4,6,64.62,9,66.61,5,"MODELO (viv Censo 2020 por traslape colonia-AGEB / area poligono CONAPO); sensibilidad, no reemplaza score_base"
19039_0430,Lazaro Cardenas,Monterrey,17,62.41,0.3829,440.3,11.5,0.0723,60.46,23,58.5,29,54.6,44,50.69,70,56.89,31,51.38,49,"MODELO (viv Censo 2020 por traslape colonia-AGEB / area poligono CONAPO); sensibilidad, no reemplaza score_base"
19039_0295,Fomerrey 23 ( Laderas de Topo Chico),Monterrey,18,61.83,0.1189,457.2,38.45,0.741,63.26,16,64.69,11,67.55,8,70.42,9,63.06,13,64.28,8,"MODELO (viv Censo 2020 por traslape colonia-AGEB / area poligono CONAPO); sensibilidad, no reemplaza score_base"
19039_0292,Fomerrey 115 (San Bernabe 12),Monterrey,19,61.48,0.2972,939.4,31.61,0.5361,61.91,19,62.34,19,63.21,16,64.07,21,60.69,19,59.91,19,"MODELO (viv Censo 2020 por traslape colonia-AGEB / area poligono CONAPO); sensibilidad, no reemplaza score_base"
19048_0071,Indeco La Fama 1,Santa Catarina,20,60.75,0.1604,445.8,27.79,0.4217,60.66,21,60.57,24,60.4,29,60.22,33,58.89,24,57.03,31,"MODELO (viv Censo 2020 por traslape colonia-AGEB / area poligono CONAPO); sensibilidad, no reemplaza score_base"
19039_0291,Fomerrey 114 (San Bernabe 13),Monterrey,21,60.6,0.221,642.6,29.08,0.4578,60.7,20,60.8,21,61.01,27,61.22,29,59.12,22,57.63,30,"MODELO (viv Censo 2020 por traslape colonia-AGEB / area poligono CONAPO); sensibilidad, no reemplaza score_base"
19026_0432,Unidad Piloto,Guadalupe,22,60.28,0.2717,811.5,29.87,0.4759,60.5,22,60.71,23,61.15,24,61.58,24,59.01,23,57.74,28,"MODELO (viv Censo 2020 por traslape colonia-AGEB / area poligono CONAPO); sensibilidad, no reemplaza score_base"
19021_0280,Villas de San Francisco,General Escobedo,23,59.98,0.834,3662.6,43.92,0.9096,62.39,18,64.79,10,69.61,6,74.42,4,63.08,12,66.18,6,"MODELO (viv Censo 2020 por traslape colonia-AGEB / area poligono CONAPO); sensibilidad, no reemplaza score_base"
19026_0434,Union Modelo,Guadalupe,24,59.73,0.2946,486.9,16.53,0.1386,58.3,28,56.87,34,54.01,47,51.15,65,55.14,36,50.56,52,"MODELO (viv Censo 2020 por traslape colonia-AGEB / area poligono CONAPO); sensibilidad, no reemplaza score_base"
19021_0177,Nuevo Leon Estado de Progreso (Alianza Real),General Escobedo,25,59.51,1.6806,5514.9,32.81,0.5723,59.52,25,59.52,25,59.53,31,59.54,37,59.28,21,59.05,23,"MODELO (viv Censo 2020 por traslape colonia-AGEB / area poligono CONAPO); sensibilidad, no reemplaza score_base"
19039_0508,Moctezuma,Monterrey,26,59.37,0.2532,655.4,25.89,0.3976,59.26,26,59.15,27,58.93,33,58.71,40,57.41,28,55.45,36,"MODELO (viv Censo 2020 por traslape colonia-AGEB / area poligono CONAPO); sensibilidad, no reemplaza score_base"
19031_0219,Villas de San Jose 7 Sector,Juárez,27,58.57,0.1151,435.6,37.85,0.7169,60.11,24,61.66,20,64.74,13,67.83,14,59.88,20,61.19,14,"MODELO (viv Censo 2020 por traslape colonia-AGEB / area poligono CONAPO); sensibilidad, no reemplaza score_base"
19039_0727,Topo Chico,Monterrey,28,57.79,1.1804,2641.3,22.38,0.2831,56.46,33,55.13,36,52.47,55,49.81,77,54.84,38,51.9,47,"MODELO (viv Censo 2020 por traslape colonia-AGEB / area poligono CONAPO); sensibilidad, no reemplaza score_base"
19026_0017,25 de Noviembre,Guadalupe,29,57.16,0.2586,695.3,26.89,0.4096,57.27,29,57.38,32,57.59,37,57.81,43,55.54,33,53.92,43,"MODELO (viv Censo 2020 por traslape colonia-AGEB / area poligono CONAPO); sensibilidad, no reemplaza score_base"
19039_0626,Rene Alvarez,Monterrey,30,56.42,0.0972,385.2,39.62,0.8072,58.57,27,60.72,22,65.02,12,69.32,11,58.85,25,61.28,13,"MODELO (viv Censo 2020 por traslape colonia-AGEB / area poligono CONAPO); sensibilidad, no reemplaza score_base"
19039_0284,Fomerrey 1 ( Reforma ),Monterrey,31,56.12,0.3247,1144.4,35.24,0.6446,56.49,32,56.87,35,57.62,36,58.37,42,56.95,30,57.78,27,"MODELO (viv Censo 2020 por traslape colonia-AGEB / area poligono CONAPO); sensibilidad, no reemplaza score_base"
19039_0257,Emiliano Zapata,Monterrey,32,54.85,0.3923,620.7,15.82,0.1265,53.71,38,52.57,44,50.28,63,48.0,85,50.63,48,46.41,80,"MODELO (viv Censo 2020 por traslape colonia-AGEB / area poligono CONAPO); sensibilidad, no reemplaza score_base"
19039_0656,Riveras del Rio,Monterrey,33,54.78,1.4557,2059.4,14.15,0.0904,52.44,43,50.1,59,45.43,88,40.75,110,50.2,52,45.63,88,"MODELO (viv Censo 2020 por traslape colonia-AGEB / area poligono CONAPO); sensibilidad, no reemplaza score_base"
19039_0288,Fomerrey 110 (San Bernabe 15),Monterrey,34,54.7,0.2455,845.5,34.44,0.6265,54.89,36,55.09,38,55.47,42,55.86,49,55.49,35,56.29,34,"MODELO (viv Censo 2020 por traslape colonia-AGEB / area poligono CONAPO); sensibilidad, no reemplaza score_base"
19039_0550,Paseo de San Bernabe,Monterrey,35,54.09,0.3496,529.9,15.16,0.1024,52.88,41,51.67,48,49.26,71,46.84,88,49.7,53,45.32,90,"MODELO (viv Censo 2020 por traslape colonia-AGEB / area poligono CONAPO); sensibilidad, no reemplaza score_base"
19048_0056,Eugenio Canavati,Santa Catarina,36,53.98,0.0925,375.4,40.58,0.8494,56.52,31,59.05,28,64.12,15,69.19,12,57.08,29,60.17,17,"MODELO (viv Censo 2020 por traslape colonia-AGEB / area poligono CONAPO); sensibilidad, no reemplaza score_base"
19006_0405,Pueblo Nuevo 3Er Sector,Apodaca,37,53.92,0.3266,1427.8,43.72,0.8976,56.7,30,59.48,26,65.04,11,70.6,8,57.5,27,61.09,15,"MODELO (viv Censo 2020 por traslape colonia-AGEB / area poligono CONAPO); sensibilidad, no reemplaza score_base"
19048_0058,Fama Iii,Santa Catarina,38,53.65,0.2307,1119.9,48.54,0.9639,55.84,34,58.02,30,62.4,19,66.77,16,57.92,26,62.19,12,"MODELO (viv Censo 2020 por traslape colonia-AGEB / area poligono CONAPO); sensibilidad, no reemplaza score_base"
19048_0032,Cerro de Las Mitras (Raul Salinas Lozano),Santa Catarina,39,52.91,0.0948,363.4,38.33,0.7349,54.94,35,56.98,33,61.06,26,65.14,18,54.96,37,57.02,32,"MODELO (viv Censo 2020 por traslape colonia-AGEB / area poligono CONAPO); sensibilidad, no reemplaza score_base"
19046_0021,Azteca,San Nicolás de los Garza,40,52.83,0.3288,831.6,25.29,0.3735,53.07,40,53.3,41,53.78,50,54.25,55,51.28,43,49.73,53,"MODELO (viv Censo 2020 por traslape colonia-AGEB / area poligono CONAPO); sensibilidad, no reemplaza score_base"
19039_0156,Constituyentes del 57,Monterrey,41,52.59,0.3341,855.8,25.61,0.3795,52.87,42,53.16,42,53.72,51,54.29,54,51.12,46,49.66,54,"MODELO (viv Censo 2020 por traslape colonia-AGEB / area poligono CONAPO); sensibilidad, no reemplaza score_base"
19021_0055,Fernando Amilpa,General Escobedo,42,52.42,0.928,2235.4,24.09,0.3193,52.42,44,52.41,46,52.4,56,52.39,60,50.38,49,48.33,63,"MODELO (viv Censo 2020 por traslape colonia-AGEB / area poligono CONAPO); sensibilidad, no reemplaza score_base"
19039_0061,Argentina,Monterrey,43,52.31,0.2092,502.5,24.02,0.3133,52.28,45,52.25,47,52.2,58,52.14,62,50.21,51,48.11,65,"MODELO (viv Censo 2020 por traslape colonia-AGEB / area poligono CONAPO); sensibilidad, no reemplaza score_base"
19048_0220,San Gilberto,Santa Catarina,44,52.23,0.6315,2664.6,42.2,0.8735,53.68,39,55.13,37,58.03,35,60.93,31,55.74,32,59.25,22,"MODELO (viv Censo 2020 por traslape colonia-AGEB / area poligono CONAPO); sensibilidad, no reemplaza score_base"
19039_0684,San Martin,Monterrey,45,51.68,0.585,1302.3,22.26,0.2771,50.59,50,49.5,63,47.31,76,45.13,95,49.29,58,46.89,73,"MODELO (viv Censo 2020 por traslape colonia-AGEB / area poligono CONAPO); sensibilidad, no reemplaza score_base"
19026_0461,Vicente Guerrero,Guadalupe,46,51.26,0.3062,653.9,21.35,0.247,50.98,48,50.7,54,50.13,64,49.56,79,48.61,60,45.95,85,"MODELO (viv Censo 2020 por traslape colonia-AGEB / area poligono CONAPO); sensibilidad, no reemplaza score_base"
19048_0033,Cimas de Las Mitras (Ampl Raul Salinas Lozano),Santa Catarina,47,51.03,0.0928,444.6,47.91,0.9578,54.32,37,57.61,31,64.18,14,70.75,7,55.51,34,59.98,18,"MODELO (viv Censo 2020 por traslape colonia-AGEB / area poligono CONAPO); sensibilidad, no reemplaza score_base"
19031_0116,Monte Kristal,Juárez,48,50.84,3.743,3053.8,8.16,0.0422,48.02,66,45.19,77,39.54,110,33.88,136,46.18,72,41.52,107,"MODELO (viv Censo 2020 por traslape colonia-AGEB / area poligono CONAPO); sensibilidad, no reemplaza score_base"
19006_0407,Pueblo Nuevo 5To Sector,Apodaca,49,50.64,0.5526,1421.5,25.72,0.3855,49.83,55,49.02,67,47.39,75,45.77,92,49.43,54,48.22,64,"MODELO (viv Censo 2020 por traslape colonia-AGEB / area poligono CONAPO); sensibilidad, no reemplaza score_base"
19039_0433,Libertadores de America,Monterrey,50,50.33,0.2429,538.5,22.17,0.2711,50.23,52,50.14,58,49.94,66,49.75,78,48.01,65,45.69,87,"MODELO (viv Censo 2020 por traslape colonia-AGEB / area poligono CONAPO); sensibilidad, no reemplaza score_base"
19031_0057,Hector Caballero,Juárez,51,50.24,0.5067,1038.2,20.49,0.2048,49.82,56,49.4,64,48.56,72,47.71,86,47.27,67,44.29,93,"MODELO (viv Censo 2020 por traslape colonia-AGEB / area poligono CONAPO); sensibilidad, no reemplaza score_base"
19031_0109,Los Valles 2Do Sector,Juárez,52,49.62,0.1717,421.0,24.52,0.3373,49.9,54,50.19,57,50.76,61,51.33,63,48.03,64,46.44,79,"MODELO (viv Censo 2020 por traslape colonia-AGEB / area poligono CONAPO); sensibilidad, no reemplaza score_base"
19039_0518,Niño Artillero,Monterrey,53,49.56,1.0552,1544.4,14.64,0.0964,47.22,68,44.87,78,40.17,106,35.47,130,45.57,76,41.58,106,"MODELO (viv Censo 2020 por traslape colonia-AGEB / area poligono CONAPO); sensibilidad, no reemplaza score_base"
19006_0310,Noria Norte,Apodaca,54,49.4,0.4843,1892.3,39.07,0.7651,51.05,47,52.7,43,56.01,40,59.31,38,52.11,40,54.82,40,"MODELO (viv Censo 2020 por traslape colonia-AGEB / area poligono CONAPO); sensibilidad, no reemplaza score_base"
19046_0300,Vicente Guerrero 3 Sector,San Nicolás de los Garza,55,49.29,0.4917,1927.1,39.19,0.7771,51.8,46,54.31,39,59.32,32,64.34,20,52.14,39,54.98,38,"MODELO (viv Censo 2020 por traslape colonia-AGEB / area poligono CONAPO); sensibilidad, no reemplaza score_base"
19026_0310,Nuevo Almaguer,Guadalupe,56,49.19,0.4464,1368.4,30.65,0.506,50.35,51,51.51,49,53.83,48,56.15,48,49.33,57,49.47,56,"MODELO (viv Censo 2020 por traslape colonia-AGEB / area poligono CONAPO); sensibilidad, no reemplaza score_base"
19039_0725,Tierra Y Libertad,Monterrey,57,49.12,0.2815,1061.6,37.71,0.7048,49.45,58,49.79,60,50.47,62,51.15,64,51.25,44,53.39,45,"MODELO (viv Censo 2020 por traslape colonia-AGEB / area poligono CONAPO); sensibilidad, no reemplaza score_base"
19021_0281,Villas de San Francisco 2Do Sector,General Escobedo,58,48.81,0.417,710.6,17.04,0.1566,48.25,65,47.69,68,46.57,84,45.45,93,45.5,78,42.18,103,"MODELO (viv Censo 2020 por traslape colonia-AGEB / area poligono CONAPO); sensibilidad, no reemplaza score_base"
19026_0072,Cañada Blanca,Guadalupe,59,48.71,0.8335,3305.7,39.66,0.8133,50.61,49,52.51,45,56.32,39,60.13,34,51.97,41,55.23,37,"MODELO (viv Censo 2020 por traslape colonia-AGEB / area poligono CONAPO); sensibilidad, no reemplaza score_base"
19039_0293,Fomerrey 116 (San Bernabe 8),Monterrey,60,48.46,0.3315,1196.6,36.1,0.6747,49.61,57,50.76,52,53.06,53,55.37,53,50.36,50,52.26,46,"MODELO (viv Censo 2020 por traslape colonia-AGEB / area poligono CONAPO); sensibilidad, no reemplaza score_base"
19031_0108,Los Valles,Juárez,61,48.17,0.2651,521.7,19.68,0.1807,46.15,72,44.13,85,40.09,108,36.05,128,45.16,79,42.15,105,"MODELO (viv Censo 2020 por traslape colonia-AGEB / area poligono CONAPO); sensibilidad, no reemplaza score_base"
19039_0287,Fomerrey 109 (San Bernabe 14),Monterrey,62,48.08,0.2221,760.2,34.23,0.6084,48.58,63,49.08,65,50.08,65,51.07,66,49.36,56,50.64,51,"MODELO (viv Censo 2020 por traslape colonia-AGEB / area poligono CONAPO); sensibilidad, no reemplaza score_base"
19039_0250,El Porvenir,Monterrey,63,47.75,0.2497,980.7,39.28,0.7892,49.39,59,51.04,51,54.33,46,57.62,44,50.86,47,53.98,42,"MODELO (viv Censo 2020 por traslape colonia-AGEB / area poligono CONAPO); sensibilidad, no reemplaza score_base"
19039_0030,Alfonso Reyes,Monterrey,64,47.69,0.2858,897.0,31.39,0.5241,49.04,61,50.4,56,53.11,52,55.83,50,48.16,63,48.63,61,"MODELO (viv Censo 2020 por traslape colonia-AGEB / area poligono CONAPO); sensibilidad, no reemplaza score_base"
19039_0343,Independencia,Monterrey,65,47.66,2.9466,8330.7,28.27,0.4337,47.61,67,47.56,70,47.47,74,47.37,87,47.23,69,46.8,75,"MODELO (viv Censo 2020 por traslape colonia-AGEB / area poligono CONAPO); sensibilidad, no reemplaza score_base"
19031_0010,Arboledas de San Roque,Juárez,66,47.61,0.2825,917.4,32.47,0.5602,49.15,60,50.69,55,53.78,49,56.87,46,48.45,61,49.29,58,"MODELO (viv Censo 2020 por traslape colonia-AGEB / area poligono CONAPO); sensibilidad, no reemplaza score_base"
19026_0049,Atoyac de Alvarez,Guadalupe,67,47.35,0.1294,377.0,29.14,0.4639,48.43,64,49.51,62,51.67,60,53.83,57,47.25,68,47.16,70,"MODELO (viv Censo 2020 por traslape colonia-AGEB / area poligono CONAPO); sensibilidad, no reemplaza score_base"
19031_0154,Rancho Viejo,Juárez,68,46.59,1.4828,1097.5,7.4,0.0301,43.42,81,40.26,103,33.93,136,27.6,152,42.23,93,37.87,114,"MODELO (viv Censo 2020 por traslape colonia-AGEB / area poligono CONAPO); sensibilidad, no reemplaza score_base"
19006_0404,Pueblo Nuevo 2Do Sector,Apodaca,69,46.45,0.2098,994.5,47.4,0.9398,48.93,62,51.41,50,56.37,38,61.32,27,51.21,45,55.96,35,"MODELO (viv Censo 2020 por traslape colonia-AGEB / area poligono CONAPO); sensibilidad, no reemplaza score_base"
19046_0052,Const de Queretaro 1 Sec,San Nicolás de los Garza,70,46.39,0.174,851.6,48.94,0.9699,50.07,53,53.75,40,61.11,25,68.46,13,51.45,42,56.51,33,"MODELO (viv Censo 2020 por traslape colonia-AGEB / area poligono CONAPO); sensibilidad, no reemplaza score_base"
19021_0052,Eulalio Villarreal,General Escobedo,71,45.26,0.1305,391.5,30.0,0.4819,44.77,79,44.28,83,43.31,96,42.33,100,45.55,77,45.85,86,"MODELO (viv Censo 2020 por traslape colonia-AGEB / area poligono CONAPO); sensibilidad, no reemplaza score_base"
19018_0077,Los Nogales,García,72,45.09,0.174,550.3,31.63,0.5422,45.15,76,45.21,76,45.33,89,45.44,94,46.01,73,46.92,72,"MODELO (viv Censo 2020 por traslape colonia-AGEB / area poligono CONAPO); sensibilidad, no reemplaza score_base"
19039_0002,10 de Marzo,Monterrey,73,45.03,0.1867,588.5,31.52,0.5301,45.16,75,45.29,74,45.55,87,45.82,91,45.82,74,46.62,78,"MODELO (viv Censo 2020 por traslape colonia-AGEB / area poligono CONAPO); sensibilidad, no reemplaza score_base"
19006_0361,Prados de La Cieneguita,Apodaca,74,44.84,0.5008,1750.4,34.95,0.6386,45.03,78,45.21,75,45.58,86,45.94,90,46.74,71,48.65,60,"MODELO (viv Censo 2020 por traslape colonia-AGEB / area poligono CONAPO); sensibilidad, no reemplaza score_base"
19021_0174,Nueva Esperanza,General Escobedo,75,44.46,0.4945,1828.9,36.99,0.6867,45.77,73,47.09,72,49.72,67,52.36,61,46.88,70,49.3,57,"MODELO (viv Censo 2020 por traslape colonia-AGEB / area poligono CONAPO); sensibilidad, no reemplaza score_base"
19048_0115,Lomas de La Fama,Santa Catarina,76,43.94,0.1792,900.7,50.26,0.9819,46.79,69,49.63,61,55.31,43,61.0,30,49.37,55,54.79,41,"MODELO (viv Censo 2020 por traslape colonia-AGEB / area poligono CONAPO); sensibilidad, no reemplaza score_base"
19021_0002,18 de Octubre,General Escobedo,77,43.86,1.1156,1739.4,15.59,0.1084,42.61,85,41.36,96,38.87,113,36.37,126,40.56,103,37.25,118,"MODELO (viv Censo 2020 por traslape colonia-AGEB / area poligono CONAPO); sensibilidad, no reemplaza score_base"
19039_0637,Revolucion Proletaria,Monterrey,78,43.57,0.1118,688.4,61.57,1.0,46.3,71,49.03,66,54.48,45,59.93,35,49.22,59,54.86,39,"MODELO (viv Censo 2020 por traslape colonia-AGEB / area poligono CONAPO); sensibilidad, no reemplaza score_base"
19021_0183,Pedregal del Topo Chico [19021_0183],General Escobedo,79,43.56,0.6522,2326.7,35.67,0.6506,45.07,77,46.58,73,49.6,68,52.62,59,45.71,75,47.86,67,"MODELO (viv Censo 2020 por traslape colonia-AGEB / area poligono CONAPO); sensibilidad, no reemplaza score_base"
19039_0770,Valle de Santa Lucia (Granja Sanitaria),Monterrey,80,43.09,1.2124,4934.7,40.7,0.8554,45.33,74,47.58,69,52.07,59,56.56,47,47.33,66,51.58,48,"MODELO (viv Censo 2020 por traslape colonia-AGEB / area poligono CONAPO); sensibilidad, no reemplaza score_base"
19021_0206,Privadas de Camino Real Ii,General Escobedo,81,42.64,0.2963,1519.5,51.28,0.988,46.68,70,50.71,53,58.79,34,66.86,15,48.25,62,53.87,44,"MODELO (viv Censo 2020 por traslape colonia-AGEB / area poligono CONAPO); sensibilidad, no reemplaza score_base"
19018_0002,Ampl Los Nogales ( El Polvorin ),García,82,42.4,0.3083,933.0,30.26,0.488,42.16,89,41.92,93,41.44,100,40.96,109,43.04,88,43.68,96,"MODELO (viv Censo 2020 por traslape colonia-AGEB / area poligono CONAPO); sensibilidad, no reemplaza score_base"
19026_0070,Campestre La Silla,Guadalupe,83,42.4,0.2486,619.6,24.92,0.3614,41.83,91,41.27,98,40.15,107,39.02,116,41.77,96,41.15,108,"MODELO (viv Censo 2020 por traslape colonia-AGEB / area poligono CONAPO); sensibilidad, no reemplaza score_base"
19021_0184,Pedregal del Topo Chico [19021_0184],General Escobedo,84,42.35,1.3079,402.7,3.08,0.006,41.5,92,40.65,101,38.95,111,37.24,124,38.18,113,34.0,133,"MODELO (viv Censo 2020 por traslape colonia-AGEB / area poligono CONAPO); sensibilidad, no reemplaza score_base"
19039_0664,San Angel Sur ( Los Remates ),Monterrey,85,42.16,0.8065,2770.3,34.35,0.6145,43.51,80,44.86,79,47.56,73,50.27,73,44.08,85,46.01,83,"MODELO (viv Censo 2020 por traslape colonia-AGEB / area poligono CONAPO); sensibilidad, no reemplaza score_base"
19039_0104,Burocratas Municipales,Monterrey,86,42.1,0.7589,2299.3,30.3,0.494,42.19,88,42.29,92,42.48,97,42.67,98,42.83,89,43.56,97,"MODELO (viv Censo 2020 por traslape colonia-AGEB / area poligono CONAPO); sensibilidad, no reemplaza score_base"
19039_0345,Industrial,Monterrey,87,42.0,1.301,2435.3,18.72,0.1687,40.63,97,39.26,111,36.52,125,33.78,137,39.49,107,36.97,121,"MODELO (viv Censo 2020 por traslape colonia-AGEB / area poligono CONAPO); sensibilidad, no reemplaza score_base"
19026_0220,Josefa Zozaya 2Do Sector,Guadalupe,88,41.7,0.1836,523.3,28.5,0.4398,41.37,94,41.04,99,40.39,103,39.73,113,41.93,94,42.15,104,"MODELO (viv Censo 2020 por traslape colonia-AGEB / area poligono CONAPO); sensibilidad, no reemplaza score_base"
19039_0381,La Altamira,Monterrey,89,41.6,0.4802,1725.0,35.92,0.6687,42.92,83,44.23,84,46.86,81,49.49,80,44.13,84,46.66,77,"MODELO (viv Censo 2020 por traslape colonia-AGEB / area poligono CONAPO); sensibilidad, no reemplaza score_base"
19021_0040,Colinas del Topo Chico,General Escobedo,90,41.43,0.1617,632.3,39.1,0.7711,42.87,84,44.3,82,47.18,78,50.06,76,45.0,80,48.56,62,"MODELO (viv Censo 2020 por traslape colonia-AGEB / area poligono CONAPO); sensibilidad, no reemplaza score_base"
19048_0232,Sarabia,Santa Catarina,91,41.34,0.4802,836.6,17.42,0.1627,41.34,95,41.35,97,41.35,101,41.36,105,38.83,111,36.33,124,"MODELO (viv Censo 2020 por traslape colonia-AGEB / area poligono CONAPO); sensibilidad, no reemplaza score_base"
19021_0103,La Unidad,General Escobedo,92,41.01,0.6884,2470.4,35.89,0.6627,42.54,86,44.07,86,47.14,80,50.21,74,43.53,86,46.06,81,"MODELO (viv Censo 2020 por traslape colonia-AGEB / area poligono CONAPO); sensibilidad, no reemplaza score_base"
19006_0327,Parque Industrial Intermex Industrial Campus Apodaca,Apodaca,93,40.82,0.788,837.0,10.62,0.0602,40.35,100,39.88,106,38.94,112,37.99,123,37.34,115,33.86,134,"MODELO (viv Censo 2020 por traslape colonia-AGEB / area poligono CONAPO); sensibilidad, no reemplaza score_base"
19021_0175,Nuevo Escobedo,General Escobedo,94,40.47,0.3395,1243.4,36.63,0.6807,42.16,90,43.84,87,47.22,77,50.6,71,43.23,87,45.99,84,"MODELO (viv Censo 2020 por traslape colonia-AGEB / area poligono CONAPO); sensibilidad, no reemplaza score_base"
19048_0021,Balcones de Santa Catarina ( Fomerrey 134),Santa Catarina,95,40.11,0.2054,827.4,40.28,0.8434,42.42,87,44.72,80,49.34,70,53.95,56,44.53,82,48.95,59,"MODELO (viv Censo 2020 por traslape colonia-AGEB / area poligono CONAPO); sensibilidad, no reemplaza score_base"
19039_0663,San Angel Norte,Monterrey,96,39.57,0.0854,368.8,43.18,0.8916,41.47,93,43.38,90,47.18,79,50.99,67,44.53,83,49.49,55,"MODELO (viv Censo 2020 por traslape colonia-AGEB / area poligono CONAPO); sensibilidad, no reemplaza score_base"
19031_0009,Arboledas de Los Naranjos,Juárez,97,39.07,0.1181,389.2,32.95,0.5783,39.42,102,39.78,107,40.5,102,41.22,107,40.94,99,42.82,99,"MODELO (viv Censo 2020 por traslape colonia-AGEB / area poligono CONAPO); sensibilidad, no reemplaza score_base"
19026_0021,31 de Diciembre,Guadalupe,98,38.78,0.3816,742.4,19.45,0.1747,37.63,111,36.49,119,34.19,135,31.89,141,36.65,119,34.52,130,"MODELO (viv Censo 2020 por traslape colonia-AGEB / area poligono CONAPO); sensibilidad, no reemplaza score_base"
19039_0299,Fomerrey 45,Monterrey,99,38.7,0.1989,768.5,38.64,0.753,40.68,96,42.67,91,46.63,83,50.59,72,42.36,91,46.02,82,"MODELO (viv Censo 2020 por traslape colonia-AGEB / area poligono CONAPO); sensibilidad, no reemplaza score_base"
19021_0224,Puerta del Sol,General Escobedo,100,38.56,0.0914,468.9,51.31,0.994,42.92,82,47.28,71,55.99,41,64.71,19,44.64,81,50.73,50,"MODELO (viv Censo 2020 por traslape colonia-AGEB / area poligono CONAPO); sensibilidad, no reemplaza score_base"
19021_0057,Fomerrey 9 (Solidaridad Social),General Escobedo,101,38.26,0.3428,1149.4,33.53,0.6024,38.77,105,39.29,110,40.31,104,41.33,106,40.46,104,42.66,101,"MODELO (viv Censo 2020 por traslape colonia-AGEB / area poligono CONAPO); sensibilidad, no reemplaza score_base"
19026_0013,2 de Mayo,Guadalupe,102,38.12,0.342,735.6,21.51,0.253,37.46,113,36.81,118,35.49,127,34.18,134,36.84,117,35.56,126,"MODELO (viv Censo 2020 por traslape colonia-AGEB / area poligono CONAPO); sensibilidad, no reemplaza score_base"
19021_0056,Fomerrey 36,General Escobedo,103,37.68,0.2732,1020.4,37.35,0.6928,38.62,106,39.56,109,41.44,99,43.32,96,40.84,100,44.0,95,"MODELO (viv Censo 2020 por traslape colonia-AGEB / area poligono CONAPO); sensibilidad, no reemplaza score_base"
19021_0248,Santa Lucia,General Escobedo,104,37.68,0.1261,535.9,42.5,0.8795,39.53,101,41.38,95,45.07,91,48.77,82,42.71,90,47.73,68,"MODELO (viv Censo 2020 por traslape colonia-AGEB / area poligono CONAPO); sensibilidad, no reemplaza score_base"
19021_0006,Agropecuaria Emiliano Zapata (Col Nueva Esperanza),General Escobedo,105,37.52,4.3486,1337.8,3.08,0.0,36.07,122,34.61,130,31.7,143,28.8,149,33.77,139,30.02,146,"MODELO (viv Censo 2020 por traslape colonia-AGEB / area poligono CONAPO); sensibilidad, no reemplaza score_base"
19021_0239,Rivera de Los Naranjos,General Escobedo,106,37.47,0.3331,670.4,20.12,0.1867,36.45,117,35.43,125,33.39,137,31.35,142,35.59,124,33.71,137,"MODELO (viv Censo 2020 por traslape colonia-AGEB / area poligono CONAPO); sensibilidad, no reemplaza score_base"
19021_0188,Portal de San Francisco Sector 20 de Noviembre,General Escobedo,107,37.33,0.1307,493.4,37.75,0.7108,40.37,99,43.4,89,49.46,69,55.52,52,40.71,102,44.08,94,"MODELO (viv Censo 2020 por traslape colonia-AGEB / area poligono CONAPO); sensibilidad, no reemplaza score_base"
19039_0112,Carmen Serdan,Monterrey,108,37.31,0.2464,535.9,21.75,0.2651,36.15,121,35.0,128,32.68,140,30.36,144,36.23,120,35.15,129,"MODELO (viv Censo 2020 por traslape colonia-AGEB / area poligono CONAPO); sensibilidad, no reemplaza score_base"
19048_0195,Puerta del Sol,Santa Catarina,109,37.26,0.6441,675.2,10.48,0.0542,34.95,131,32.63,141,28.01,152,23.38,159,34.08,133,30.89,144,"MODELO (viv Censo 2020 por traslape colonia-AGEB / area poligono CONAPO); sensibilidad, no reemplaza score_base"
19046_0081,Fomerrey 129 (Mirador San Nicolas),San Nicolás de los Garza,110,37.23,1.2215,864.0,7.07,0.0241,35.68,124,34.14,134,31.05,145,27.96,151,33.74,140,30.26,145,"MODELO (viv Censo 2020 por traslape colonia-AGEB / area poligono CONAPO); sensibilidad, no reemplaza score_base"
19039_0741,Unidad Pedreras ( Fomerrey 106 ),Monterrey,111,37.12,0.3421,891.5,26.06,0.4036,36.7,116,36.27,120,35.42,129,34.56,133,37.45,114,37.77,116,"MODELO (viv Censo 2020 por traslape colonia-AGEB / area poligono CONAPO); sensibilidad, no reemplaza score_base"
19021_0251,Serranias,General Escobedo,112,36.79,0.1131,507.7,44.89,0.9217,39.13,103,41.47,94,46.16,85,50.84,69,42.32,92,47.86,66,"MODELO (viv Censo 2020 por traslape colonia-AGEB / area poligono CONAPO); sensibilidad, no reemplaza score_base"
19048_0237,Union de Colonos,Santa Catarina,113,36.75,0.2915,485.2,16.65,0.1446,36.99,115,37.24,116,37.72,117,38.2,122,34.52,128,32.29,142,"MODELO (viv Censo 2020 por traslape colonia-AGEB / area poligono CONAPO); sensibilidad, no reemplaza score_base"
19018_0055,Hacienda Renacimiento,García,114,36.52,0.222,974.7,43.91,0.9036,40.58,98,44.63,81,52.73,54,60.84,32,41.91,95,47.29,69,"MODELO (viv Censo 2020 por traslape colonia-AGEB / area poligono CONAPO); sensibilidad, no reemplaza score_base"
19031_0117,Monte Kristal 4To Sector,Juárez,115,36.48,0.3505,546.8,15.6,0.1145,34.98,129,33.47,138,30.46,148,27.45,153,33.98,134,31.47,143,"MODELO (viv Censo 2020 por traslape colonia-AGEB / area poligono CONAPO); sensibilidad, no reemplaza score_base"
19026_0316,Nuevo San Rafael,Guadalupe,116,36.47,0.5375,1551.8,28.87,0.4518,37.43,114,38.39,113,40.3,105,42.22,101,37.34,116,38.22,113,"MODELO (viv Censo 2020 por traslape colonia-AGEB / area poligono CONAPO); sensibilidad, no reemplaza score_base"
19026_0160,Garza Melo,Guadalupe,117,36.39,0.1938,472.4,24.37,0.3313,35.51,125,34.63,129,32.87,139,31.12,143,36.06,121,35.73,125,"MODELO (viv Censo 2020 por traslape colonia-AGEB / area poligono CONAPO); sensibilidad, no reemplaza score_base"
19048_0014,Arboledas de Las Mitras (Carlos Salinas de Gortari),Santa Catarina,118,35.87,0.1559,613.5,39.35,0.8012,38.0,108,40.13,105,44.39,94,48.64,83,40.3,105,44.72,92,"MODELO (viv Censo 2020 por traslape colonia-AGEB / area poligono CONAPO); sensibilidad, no reemplaza score_base"
19039_0314,Francisco Villa,Monterrey,119,35.63,0.3298,1457.4,44.19,0.9157,37.91,110,40.18,104,44.74,93,49.3,81,41.22,98,46.81,74,"MODELO (viv Censo 2020 por traslape colonia-AGEB / area poligono CONAPO); sensibilidad, no reemplaza score_base"
19039_0553,Paseo del Vergel 1Er Sector,Monterrey,120,35.62,0.2089,441.6,21.14,0.241,36.42,118,37.22,117,38.83,114,40.44,111,34.46,129,33.31,139,"MODELO (viv Censo 2020 por traslape colonia-AGEB / area poligono CONAPO); sensibilidad, no reemplaza score_base"
19039_0316,Fray Servando Teresa de Mier (Fomerrey 6 ),Monterrey,121,35.58,0.0807,378.5,46.9,0.9337,38.0,109,40.43,102,45.27,90,50.12,75,41.36,97,47.14,71,"MODELO (viv Censo 2020 por traslape colonia-AGEB / area poligono CONAPO); sensibilidad, no reemplaza score_base"
19039_0384,La Condesa,Monterrey,122,35.56,0.3763,774.7,20.59,0.2169,34.95,130,34.35,133,33.14,138,31.94,140,34.17,131,32.78,141,"MODELO (viv Censo 2020 por traslape colonia-AGEB / area poligono CONAPO); sensibilidad, no reemplaza score_base"
19006_0345,Pimsa Sur,Apodaca,123,35.5,0.3311,370.3,11.18,0.0663,35.43,127,35.37,126,35.25,131,35.13,131,32.61,144,29.72,147,"MODELO (viv Censo 2020 por traslape colonia-AGEB / area poligono CONAPO); sensibilidad, no reemplaza score_base"
19039_0383,La Campana,Monterrey,124,35.39,0.2188,849.7,38.84,0.759,37.58,112,39.78,108,44.17,95,48.57,84,39.44,108,43.49,98,"MODELO (viv Censo 2020 por traslape colonia-AGEB / area poligono CONAPO); sensibilidad, no reemplaza score_base"
19048_0065,Hacienda Santa Catarina (Fomerrey 29),Santa Catarina,125,35.2,0.2493,945.4,37.92,0.7229,36.32,119,37.45,115,39.7,109,41.95,102,38.91,110,42.62,102,"MODELO (viv Censo 2020 por traslape colonia-AGEB / area poligono CONAPO); sensibilidad, no reemplaza score_base"
19046_0036,Carmen Romano,San Nicolás de los Garza,126,35.14,0.3523,1412.2,40.08,0.8313,38.06,107,40.99,100,46.84,82,52.69,58,39.94,106,44.74,91,"MODELO (viv Censo 2020 por traslape colonia-AGEB / area poligono CONAPO); sensibilidad, no reemplaza score_base"
19039_0739,Unidad del Pueblo,Monterrey,127,34.91,0.2193,632.2,28.83,0.4458,35.47,126,36.03,121,37.16,122,38.28,121,35.88,123,36.85,122,"MODELO (viv Censo 2020 por traslape colonia-AGEB / area poligono CONAPO); sensibilidad, no reemplaza score_base"
19046_0057,Constituyentes de Queretaro 4 Sec,San Nicolás de los Garza,128,34.7,0.1748,837.4,47.9,0.9518,39.12,104,43.55,88,52.39,57,61.24,28,40.75,101,46.8,76,"MODELO (viv Censo 2020 por traslape colonia-AGEB / area poligono CONAPO); sensibilidad, no reemplaza score_base"
19039_0318,Garza Nieto,Monterrey,129,34.62,0.4052,960.1,23.69,0.3012,33.75,136,32.87,140,31.12,144,29.36,146,34.17,130,33.72,136,"MODELO (viv Censo 2020 por traslape colonia-AGEB / area poligono CONAPO); sensibilidad, no reemplaza score_base"
19021_0061,Gloria Mendiola,General Escobedo,130,34.5,1.8373,777.0,4.23,0.0181,33.04,140,31.58,147,28.67,151,25.75,155,31.23,148,27.96,152,"MODELO (viv Censo 2020 por traslape colonia-AGEB / area poligono CONAPO); sensibilidad, no reemplaza score_base"
19039_0525,Nueva Estanzuela,Monterrey,131,34.42,0.4381,996.1,22.74,0.2892,34.49,132,34.57,131,34.71,134,34.85,132,33.87,136,33.32,138,"MODELO (viv Censo 2020 por traslape colonia-AGEB / area poligono CONAPO); sensibilidad, no reemplaza score_base"
19026_0457,Valles del Sol,Guadalupe,132,34.2,0.3637,1216.2,33.44,0.5964,35.04,128,35.89,122,37.59,119,39.29,115,36.74,118,39.28,109,"MODELO (viv Censo 2020 por traslape colonia-AGEB / area poligono CONAPO); sensibilidad, no reemplaza score_base"
19039_0290,Fomerrey 113 (San Bernabe 9),Monterrey,133,33.77,0.4244,1664.8,39.23,0.7831,35.89,123,38.01,114,42.26,98,46.51,89,38.22,112,42.68,100,"MODELO (viv Censo 2020 por traslape colonia-AGEB / area poligono CONAPO); sensibilidad, no reemplaza score_base"
19039_0091,Bosques de La Estanzuela,Monterrey,134,33.7,0.5617,916.4,16.31,0.1325,32.98,141,32.25,144,30.8,146,29.35,147,31.66,147,29.61,148,"MODELO (viv Censo 2020 por traslape colonia-AGEB / area poligono CONAPO); sensibilidad, no reemplaza score_base"
19039_0297,Fomerrey 25,Monterrey,135,33.42,0.2798,926.2,33.1,0.5904,34.45,133,35.48,123,37.54,121,39.6,114,35.98,122,38.55,111,"MODELO (viv Censo 2020 por traslape colonia-AGEB / area poligono CONAPO); sensibilidad, no reemplaza score_base"
19039_0711,Sierra Ventana,Monterrey,136,33.26,0.4788,2287.4,47.77,0.9458,36.2,120,39.13,112,45.0,92,50.87,68,39.4,109,45.53,89,"MODELO (viv Censo 2020 por traslape colonia-AGEB / area poligono CONAPO); sensibilidad, no reemplaza score_base"
19026_0183,Ignacio Zaragoza,Guadalupe,137,33.19,0.3485,899.9,25.82,0.3916,33.64,137,34.1,136,35.0,133,35.9,129,33.79,137,34.38,131,"MODELO (viv Censo 2020 por traslape colonia-AGEB / area poligono CONAPO); sensibilidad, no reemplaza score_base"
19021_0250,Santa Martha,General Escobedo,138,32.83,0.3024,937.4,31.0,0.512,33.48,138,34.14,135,35.44,128,36.75,125,34.66,127,36.5,123,"MODELO (viv Censo 2020 por traslape colonia-AGEB / area poligono CONAPO); sensibilidad, no reemplaza score_base"
19039_0784,Venustiano Carranza,Monterrey,139,32.56,0.4728,566.9,11.99,0.0783,31.04,146,29.52,149,26.47,157,23.43,158,30.08,149,27.61,153,"MODELO (viv Censo 2020 por traslape colonia-AGEB / area poligono CONAPO); sensibilidad, no reemplaza score_base"
19039_0038,Alvaro Obregon,Monterrey,140,32.51,0.5064,1509.4,29.81,0.4699,33.8,135,35.09,127,37.68,118,40.26,112,33.96,135,35.41,128,"MODELO (viv Censo 2020 por traslape colonia-AGEB / area poligono CONAPO); sensibilidad, no reemplaza score_base"
19046_0292,Valle del Mezquital,San Nicolás de los Garza,141,32.35,0.2806,917.4,32.69,0.5663,33.9,134,35.45,124,38.56,115,41.67,104,34.77,126,37.2,119,"MODELO (viv Censo 2020 por traslape colonia-AGEB / area poligono CONAPO); sensibilidad, no reemplaza score_base"
19046_0147,Lagos de Chapultepec,San Nicolás de los Garza,142,32.27,0.1128,387.7,34.37,0.6205,33.35,139,34.44,132,36.6,124,38.76,118,35.25,125,38.23,112,"MODELO (viv Censo 2020 por traslape colonia-AGEB / area poligono CONAPO); sensibilidad, no reemplaza score_base"
19018_0010,Brisas Residencial,García,143,31.83,0.3946,557.0,14.12,0.0843,30.46,147,29.1,151,26.38,158,23.66,157,29.49,150,27.15,155,"MODELO (viv Censo 2020 por traslape colonia-AGEB / area poligono CONAPO); sensibilidad, no reemplaza score_base"
19039_0039,America 2,Monterrey,144,31.81,0.1858,500.6,26.95,0.4157,31.99,142,32.17,145,32.53,141,32.89,139,32.79,142,33.76,135,"MODELO (viv Censo 2020 por traslape colonia-AGEB / area poligono CONAPO); sensibilidad, no reemplaza score_base"
19018_0003,Ampliacion Cerritos,García,145,30.88,1.3081,553.0,4.23,0.012,28.83,154,26.79,155,22.71,160,18.62,163,27.91,154,24.94,159,"MODELO (viv Censo 2020 por traslape colonia-AGEB / area poligono CONAPO); sensibilidad, no reemplaza score_base"
19026_0460,Vicente Ferrer,Guadalupe,146,30.78,0.3348,522.7,15.61,0.1205,29.74,151,28.7,153,26.61,156,24.53,156,28.9,152,27.03,156,"MODELO (viv Censo 2020 por traslape colonia-AGEB / area poligono CONAPO); sensibilidad, no reemplaza score_base"
19039_0521,Nogales de La Sierra,Monterrey,147,30.17,0.2257,466.6,20.67,0.2229,29.52,152,28.86,152,27.56,153,26.25,154,29.38,151,28.59,151,"MODELO (viv Censo 2020 por traslape colonia-AGEB / area poligono CONAPO); sensibilidad, no reemplaza score_base"
19026_0426,Tierra Propia 2Do Sector,Guadalupe,148,29.76,0.359,1353.4,37.7,0.6988,31.89,143,34.02,137,38.28,116,42.54,99,33.77,138,37.78,115,"MODELO (viv Censo 2020 por traslape colonia-AGEB / area poligono CONAPO); sensibilidad, no reemplaza score_base"
19018_0146,Renacimiento,García,149,29.65,0.1799,593.0,32.96,0.5843,31.12,145,32.6,142,35.55,126,38.5,120,32.53,145,35.41,127,"MODELO (viv Censo 2020 por traslape colonia-AGEB / area poligono CONAPO); sensibilidad, no reemplaza score_base"
19031_0097,Los Encinos,Juárez,150,29.22,0.2294,730.7,31.85,0.5482,30.03,150,30.84,148,32.46,142,34.07,135,31.78,146,34.34,132,"MODELO (viv Censo 2020 por traslape colonia-AGEB / area poligono CONAPO); sensibilidad, no reemplaza score_base"
19026_0381,Riberas de La Silla,Guadalupe,151,29.2,0.5506,1127.4,20.48,0.1988,29.25,153,29.29,150,29.38,150,29.47,145,28.27,153,27.34,154,"MODELO (viv Censo 2020 por traslape colonia-AGEB / area poligono CONAPO); sensibilidad, no reemplaza score_base"
19039_0300,Fomerrey 51,Monterrey,152,29.09,0.1656,650.5,39.28,0.7952,31.21,144,33.33,139,37.56,120,41.8,103,34.14,132,39.18,110,"MODELO (viv Censo 2020 por traslape colonia-AGEB / area poligono CONAPO); sensibilidad, no reemplaza score_base"
19048_0120,Lomas del Poniente 1Er Sector,Santa Catarina,153,28.28,0.1576,608.7,38.63,0.747,30.05,149,31.81,146,35.35,130,38.88,117,32.92,141,37.56,117,"MODELO (viv Censo 2020 por traslape colonia-AGEB / area poligono CONAPO); sensibilidad, no reemplaza score_base"
19039_0319,Genaro Vazquez Rojas,Monterrey,154,28.22,0.2676,1018.3,38.05,0.7289,30.35,148,32.48,143,36.75,123,41.01,108,32.69,143,37.15,120,"MODELO (viv Censo 2020 por traslape colonia-AGEB / area poligono CONAPO); sensibilidad, no reemplaza score_base"
19006_0312,Novapodaca,Apodaca,155,25.24,0.328,550.9,16.8,0.1506,24.19,157,23.14,158,21.04,161,18.94,162,24.22,158,23.21,160,"MODELO (viv Censo 2020 por traslape colonia-AGEB / area poligono CONAPO); sensibilidad, no reemplaza score_base"
19026_0448,Valle Soleado,Guadalupe,156,24.4,0.7779,1912.8,24.59,0.3434,25.11,155,25.82,157,27.24,154,28.66,150,25.4,157,26.39,157,"MODELO (viv Censo 2020 por traslape colonia-AGEB / area poligono CONAPO); sensibilidad, no reemplaza score_base"
19021_0071,"Hacienda San Miguel, Sector Palmiras",General Escobedo,157,23.07,0.252,788.2,31.28,0.5181,24.78,156,26.5,156,29.94,149,33.37,138,25.94,156,28.82,150,"MODELO (viv Censo 2020 por traslape colonia-AGEB / area poligono CONAPO); sensibilidad, no reemplaza score_base"
19039_0085,Bella Vista,Monterrey,158,22.73,0.9765,741.9,7.6,0.0361,21.9,159,21.06,160,19.39,164,17.72,166,20.82,160,18.91,164,"MODELO (viv Censo 2020 por traslape colonia-AGEB / area poligono CONAPO); sensibilidad, no reemplaza score_base"
19031_0067,Joaquin Garza Y Garza,Juárez,159,21.46,1.0412,984.9,9.46,0.0482,21.07,160,20.68,161,19.91,162,19.13,161,19.8,161,18.13,166,"MODELO (viv Censo 2020 por traslape colonia-AGEB / area poligono CONAPO); sensibilidad, no reemplaza score_base"
19048_0129,Martires de Cananea,Santa Catarina,160,19.58,0.4796,1961.0,40.89,0.8614,23.5,158,27.41,154,35.24,132,43.07,97,26.24,155,32.89,140,"MODELO (viv Censo 2020 por traslape colonia-AGEB / area poligono CONAPO); sensibilidad, no reemplaza score_base"
19021_0113,Las Malvinas,General Escobedo,161,18.89,0.2639,553.8,20.99,0.2289,18.81,161,18.74,162,18.59,165,18.43,165,19.29,162,19.69,162,"MODELO (viv Censo 2020 por traslape colonia-AGEB / area poligono CONAPO); sensibilidad, no reemplaza score_base"
19006_0235,Lomas del Pedregal,Apodaca,162,15.91,0.3559,848.7,23.85,0.3072,16.35,164,16.78,166,17.66,166,18.54,164,17.39,164,18.87,165,"MODELO (viv Censo 2020 por traslape colonia-AGEB / area poligono CONAPO); sensibilidad, no reemplaza score_base"
19018_0076,Los Encinos Residencial,García,163,15.49,0.4335,1069.1,24.66,0.3494,16.53,163,17.57,164,19.65,163,21.74,160,17.44,163,19.38,163,"MODELO (viv Censo 2020 por traslape colonia-AGEB / area poligono CONAPO); sensibilidad, no reemplaza score_base"
19031_0111,Mirador del Parque,Juárez,164,14.44,0.1729,742.1,42.92,0.8855,18.49,162,22.53,159,30.61,147,38.69,119,21.86,159,29.27,149,"MODELO (viv Censo 2020 por traslape colonia-AGEB / area poligono CONAPO); sensibilidad, no reemplaza score_base"
19031_0133,Portal de Vaquerias,Juárez,165,12.19,0.1625,564.4,34.73,0.6325,14.96,165,17.73,163,23.27,159,28.81,148,17.3,165,22.41,161,"MODELO (viv Censo 2020 por traslape colonia-AGEB / area poligono CONAPO); sensibilidad, no reemplaza score_base"
19046_0187,Nogalar,San Nicolás de los Garza,166,8.02,0.2288,481.7,21.05,0.2349,8.74,167,9.46,167,10.89,167,12.33,167,9.57,167,11.12,167,"MODELO (viv Censo 2020 por traslape colonia-AGEB / area poligono CONAPO); sensibilidad, no reemplaza score_base"
19006_0251,Los Fresnos 1Er Sector,Apodaca,167,7.61,0.1111,548.6,49.38,0.9759,12.37,166,17.13,165,26.66,155,36.18,127,16.61,166,25.61,158,"MODELO (viv Censo 2020 por traslape colonia-AGEB / area poligono CONAPO); sensibilidad, no reemplaza score_base"
