v3_rank,score_v3,v2_rank,score_v2,delta_rank,cve_col,municipio,colonia,grado,pob_conapo,viviendas_est,D_star,A_star,C_star,anclas_pond,anclas_por_1000viv,comp_n_300m,comp_por_1000viv,n_cerveza,n_tortilleria,n_banco_bienestar_azteca,n_oxxo,n_express,n_iglesia,n_escuela,n_parada,n_farmacia,n_abarrotes,n_anclas_scout,score_v3_sin_scout,rank_v3_sin_scout,cells_pos,lat,lon
1,75.06,1,76.5,0,19039_0167,Monterrey,Croc,Medio,16321,4534,1.0,0.8916,0.7229,183.25,40.42,8,1.765,52,11,0,2,4,3,12,0,1,175,63,58.98,20,169,25.7823,-100.374094
2,74.81,73,46.18,71,19039_0041,Monterrey,Ampliacion Municipal,Alto,1922,534,0.3929,0.9699,0.0,27.25,51.05,0,0.0,3,7,0,0,1,0,1,0,0,30,4,73.73,1,9,25.7675,-100.362414
3,71.87,15,58.78,12,19039_0321,Monterrey,Gloria Mendiola,Alto,6847,1902,0.6266,0.5602,0.0,48.85,25.68,0,0.0,7,7,0,0,0,0,0,0,0,74,6,65.91,4,40,25.77005,-100.361181
4,68.37,3,71.73,-1,19021_0247,General Escobedo,San Miguel Residencial,Medio,12393,3443,0.878,0.5361,0.4277,86.45,25.11,3,0.871,18,6,0,1,2,0,3,13,2,88,20,56.63,23,123,25.8352,-100.371768
5,66.9,94,44.63,89,19039_0626,Monterrey,Rene Alvarez,Alto,1613,448,0.272,0.8675,0.0,16.85,37.62,0,0.0,4,1,0,0,0,0,0,0,0,24,4,56.42,25,10,25.76385,-100.357152
6,66.65,133,41.49,127,19006_0403,Apodaca,Pueblo Nuevo 1Er Sector,Medio,1575,438,0.1707,0.994,0.0,28.3,64.67,0,0.0,1,8,0,0,0,0,1,0,2,37,0,66.83,3,18,25.76115,-100.165866
7,66.46,51,49.58,44,19006_0406,Apodaca,Pueblo Nuevo 4To Sector,Medio,2896,805,0.1976,0.9518,0.0,40.55,50.4,0,0.0,0,8,2,0,0,0,2,11,2,42,0,67.0,2,34,25.7589,-100.171196
8,65.3,161,37.16,153,19046_0080,San Nicolás de los Garza,Floridos Bosques del Nogalar,Medio,1742,484,0.1505,0.9759,0.0,25.05,51.76,0,0.0,0,5,0,0,0,1,3,0,0,37,0,65.66,6,17,25.7233,-100.269835
9,64.8,96,44.55,87,19026_0236,Guadalupe,La Playa,Medio,1516,421,0.1291,0.988,0.0,25.15,59.73,0,0.0,1,5,0,1,1,0,3,0,0,31,0,64.98,8,14,25.6622,-100.203162
10,64.59,19,55.96,9,19039_0666,Monterrey,San Bernabe 1Er Sector,Medio,13612,3781,0.8422,0.3675,0.3373,84.8,22.43,2,0.529,3,16,3,0,2,1,5,1,6,112,0,65.86,5,101,25.75405,-100.375455
11,64.29,48,49.91,37,19048_0216,Santa Catarina,Rincon de Las Mitras (Fomerrey 2),Alto,3825,1063,0.3649,0.6566,0.0,30.65,28.84,0,0.0,0,6,0,0,1,0,2,3,3,41,0,65.2,7,26,25.6849,-100.428835
12,62.75,38,51.87,26,19048_0151,Santa Catarina,Paseo de Las Minas,Medio,2506,696,0.4798,0.4518,0.0,16.65,23.92,0,0.0,0,1,0,0,0,0,1,0,0,36,0,64.01,9,15,25.69195,-100.422813
13,62.09,117,42.98,104,19046_0207,San Nicolás de los Garza,Paseo del Nogalar,Alto,3911,1087,0.2376,0.753,0.0,34.35,31.61,0,0.0,0,9,0,0,0,0,5,0,1,44,0,63.54,10,25,25.7241,-100.27192
14,61.88,120,42.73,106,19026_0291,Guadalupe,Miguel Hidalgo,Medio,2483,690,0.1962,0.8012,0.0,23.45,34.0,0,0.0,1,4,0,0,0,1,2,1,0,33,0,63.15,11,22,25.66195,-100.207341
15,61.54,46,50.47,31,19039_0298,Monterrey,Fomerrey 35 (Tierra Propia),Medio,7185,1996,0.3503,0.5843,0.0,52.45,26.28,0,0.0,3,6,1,0,1,0,4,2,3,78,0,62.63,12,41,25.79245,-100.379727
16,61.5,8,65.63,-8,19021_0177,General Escobedo,Nuevo Leon Estado de Progreso (Alianza Real),Medio,22588,6274,0.8959,0.1627,0.3072,108.6,17.31,1,0.159,3,17,1,3,2,1,2,8,4,164,3,60.78,15,163,25.8465,-100.391392
17,60.21,88,45.33,71,19039_0292,Monterrey,Fomerrey 115 (San Bernabe 12),Medio,4015,1115,0.3939,0.4819,0.0,27.1,24.3,0,0.0,0,3,0,0,1,0,2,3,1,44,0,61.48,13,31,25.7703,-100.380438
18,59.67,81,45.67,63,19048_0071,Santa Catarina,Indeco La Fama 1,Medio,1668,463,0.0775,0.8855,0.0,18.45,39.81,0,0.0,0,3,0,0,1,0,4,2,2,18,0,60.75,16,17,25.68455,-100.425038
19,59.51,89,45.29,70,19039_0291,Monterrey,Fomerrey 114 (San Bernabe 13),Medio,2871,798,0.3312,0.5422,0.0,20.15,25.26,0,0.0,0,3,0,0,0,0,2,0,0,36,0,60.78,14,23,25.76755,-100.378744
20,59.37,111,43.49,91,19039_0508,Monterrey,Moctezuma,Medio,2415,671,0.1604,0.7651,0.0,21.8,32.5,0,0.0,1,1,0,2,1,0,4,1,1,27,1,59.37,19,21,25.73655,-100.346125
21,59.02,29,52.8,8,19026_0432,Guadalupe,Unidad Piloto,Medio,3524,979,0.4453,0.3735,0.0,22.0,22.47,0,0.0,0,1,0,0,2,0,0,1,0,45,0,60.28,17,26,25.6443,-100.214984
22,58.83,148,39.84,126,19026_0434,Guadalupe,Union Modelo,Medio,1759,489,0.0927,0.8373,0.0,17.4,35.62,0,0.0,1,4,0,0,0,0,3,2,0,16,0,59.73,18,29,25.6867,-100.202328
23,57.98,39,51.85,16,19039_0289,Monterrey,Fomerrey 112 (San Bernabe 9),Medio,3800,1055,0.4465,0.7952,0.4578,35.8,33.92,1,0.947,2,4,0,0,0,0,5,0,4,52,3,55.81,27,43,25.76655,-100.373295
24,57.12,160,37.35,136,19031_0219,Juárez,Villas de San Jose 7 Sector,Medio,1676,465,0.1088,0.759,0.0,15.05,32.33,0,0.0,0,4,0,2,0,0,0,1,1,17,0,58.57,21,10,25.64895,-100.080922
25,56.6,67,47.36,42,19039_0250,Monterrey,El Porvenir,Alto,4167,1158,0.3759,0.8072,0.4217,39.9,34.47,1,0.864,7,6,0,0,0,2,2,0,3,41,8,49.55,53,25,25.7692,-100.366521
26,56.22,4,67.56,-22,19039_0656,Monterrey,Riveras del Rio,Medio,8362,2323,0.8499,0.1566,0.4157,40.2,17.31,2,0.861,1,2,2,0,0,0,1,4,1,73,0,56.59,24,72,25.7909,-100.391685
27,56.08,60,48.27,33,19026_0017,Guadalupe,25 de Noviembre,Medio,2913,809,0.2227,0.5723,0.0,21.05,26.01,0,0.0,4,2,0,1,0,1,1,1,0,22,0,57.16,22,22,25.65545,-100.26905
28,55.44,9,64.57,-19,19039_0727,Monterrey,Topo Chico,Medio,10387,2885,0.5231,0.7711,0.6205,94.05,32.6,4,1.386,15,13,0,1,3,1,5,0,1,112,16,49.66,50,118,25.7345,-100.330183
29,55.42,119,42.91,90,19039_0288,Monterrey,Fomerrey 110 (San Bernabe 15),Medio,3562,989,0.369,0.8494,0.494,35.85,36.23,1,1.011,1,9,0,0,0,0,3,0,1,49,0,56.33,26,24,25.76,-100.385376
30,54.67,41,51.49,11,19039_0284,Monterrey,Fomerrey 1 ( Reforma ),Medio,4859,1350,0.4496,0.8976,0.6747,57.75,42.79,2,1.482,11,7,0,0,0,1,2,0,3,70,12,49.61,52,32,25.7609,-100.359719
31,54.19,23,53.86,-8,19048_0058,Santa Catarina,Fama Iii,Medio,5031,1398,0.4963,0.5301,0.3855,34.85,24.94,1,0.716,2,4,0,0,0,0,2,5,3,49,0,55.27,28,23,25.68665,-100.421426
32,53.95,132,41.56,100,19039_0257,Monterrey,Emiliano Zapata,Medio,2145,596,0.1288,0.6265,0.0,16.55,27.78,0,0.0,0,4,1,2,0,0,0,0,3,17,0,54.85,29,38,25.702,-100.358756
33,53.56,32,52.32,-1,19006_0405,Apodaca,Pueblo Nuevo 3Er Sector,Medio,6049,1680,0.485,0.1386,0.0,28.55,16.99,0,0.0,1,5,0,0,0,1,3,0,0,42,0,53.92,32,32,25.76155,-100.15977
34,52.82,80,45.78,46,19039_0550,Monterrey,Paseo de San Bernabe,Medio,2040,567,0.2408,0.4398,0.0,13.55,23.91,0,0.0,1,0,0,0,0,0,1,3,0,22,0,54.09,30,28,25.77185,-100.41639
35,52.72,116,42.99,81,19048_0056,Santa Catarina,Eugenio Canavati,Medio,1630,453,0.2562,0.4157,0.0,10.55,23.31,0,0.0,0,0,0,0,0,0,1,1,0,22,0,53.98,31,10,25.68955,-100.426643
36,52.41,2,74.53,-34,19048_0220,Santa Catarina,San Gilberto,Medio,11410,3169,0.5692,0.5542,0.5663,81.25,25.64,4,1.262,7,17,0,4,1,1,5,8,5,75,0,53.85,33,62,25.69855,-100.460199
37,52.24,20,55.52,-17,19021_0055,General Escobedo,Fernando Amilpa,Medio,8990,2497,0.4296,0.1687,0.0,43.3,17.34,0,0.0,2,7,0,1,1,0,2,3,1,62,0,52.42,37,86,25.80605,-100.26916
38,51.74,87,45.36,49,19046_0021,San Nicolás de los Garza,Azteca,Medio,3237,899,0.1641,0.506,0.0,22.1,24.58,0,0.0,0,3,0,0,0,1,4,1,2,29,0,52.83,35,29,25.72035,-100.268111
39,51.64,140,41.17,101,19048_0032,Santa Catarina,Cerro de Las Mitras (Raul Salinas Lozano),Medio,1578,438,0.2338,0.4096,0.0,10.2,23.27,0,0.0,0,0,0,0,0,0,1,0,0,23,0,52.91,34,9,25.69155,-100.425656
40,51.32,115,43.01,75,19039_0156,Monterrey,Constituyentes del 57,Alto,2996,832,0.2123,0.4277,0.0,19.5,23.43,0,0.0,0,3,0,0,0,1,1,1,2,30,0,52.59,36,32,25.72635,-100.32849
41,51.13,5,66.1,-36,19021_0280,General Escobedo,Villas de San Francisco,Medio,13161,3656,0.7405,0.0301,0.3133,45.05,12.32,1,0.274,3,6,0,2,2,0,0,3,4,62,2,50.58,45,86,25.83905,-100.367511
42,50.86,147,39.86,105,19039_0061,Monterrey,Argentina,Medio,1663,462,0.1104,0.5482,0.0,11.75,25.43,0,0.0,0,1,0,0,0,0,2,0,1,20,0,52.31,38,22,25.6912,-100.2848
43,50.84,11,62.47,-32,19031_0116,Juárez,Monte Kristal,Medio,11401,3167,0.6024,0.5783,0.6867,82.9,26.18,5,1.579,5,11,0,2,0,1,5,13,3,106,0,51.93,40,134,25.61125,-100.137467
44,50.82,34,52.04,-10,19006_0407,Apodaca,Pueblo Nuevo 5To Sector,Medio,6211,1725,0.3714,0.7349,0.5361,54.0,31.3,2,1.159,2,11,2,0,1,1,5,7,5,50,0,52.27,39,54,25.75755,-100.165418
45,50.36,143,40.69,98,19026_0461,Guadalupe,Vicente Guerrero,Medio,2336,649,0.0617,0.5964,0.0,17.4,26.81,0,0.0,1,3,0,0,0,0,2,1,2,21,0,51.26,41,30,25.6898,-100.227519
46,50.13,106,43.84,60,19048_0033,Santa Catarina,Cimas de Las Mitras (Ampl Raul Salinas Lozano),Medio,1880,522,0.2864,0.2892,0.0,10.45,20.01,0,0.0,0,1,0,0,0,0,0,0,0,23,0,51.03,42,9,25.69355,-100.424754
47,49.93,122,42.22,75,19039_0518,Monterrey,Niño Artillero,Medio,5147,1430,0.3355,0.8434,0.6265,51.3,35.88,2,1.399,5,7,0,0,1,3,5,3,2,57,0,50.83,43,83,25.71675,-100.325766
48,49.76,35,52.02,-13,19006_0310,Apodaca,Noria Norte,Medio,7136,1982,0.2365,0.6687,0.3253,57.35,28.93,1,0.504,4,10,0,0,1,2,7,7,4,54,0,50.66,44,49,25.7347,-100.192512
49,49.52,53,49.06,4,19031_0057,Juárez,Hector Caballero,Medio,4119,1144,0.2802,0.2771,0.0,22.65,19.79,0,0.0,2,2,0,1,1,0,0,1,0,36,0,50.24,46,45,25.6352,-100.127216
50,49.43,16,58.66,-34,19026_0072,Guadalupe,Cañada Blanca,Medio,12893,3581,0.5083,0.3133,0.3434,72.85,20.34,2,0.558,6,9,1,4,1,2,1,5,4,94,0,49.97,47,78,25.7253,-100.185664
51,49.28,10,62.66,-41,19039_0343,Monterrey,Independencia,Medio,29734,8260,0.7261,0.0663,0.3916,122.35,14.81,6,0.726,12,16,0,5,2,1,6,1,8,164,0,49.28,55,242,25.6586,-100.32053
52,49.19,25,53.61,-27,19026_0310,Guadalupe,Nuevo Almaguer,Medio,5563,1545,0.4482,0.0422,0.0,20.4,13.2,0,0.0,0,0,0,0,2,0,0,0,0,46,0,49.19,56,35,25.64775,-100.216805
53,48.82,27,52.94,-26,19039_0293,Monterrey,Fomerrey 116 (San Bernabe 8),Medio,5410,1503,0.3982,0.4699,0.3735,36.2,24.09,1,0.665,1,6,0,0,0,1,2,2,3,53,0,49.9,48,31,25.7649,-100.384206
54,48.75,99,44.11,45,19046_0300,San Nicolás de los Garza,Vicente Guerrero 3 Sector,Medio,7390,2053,0.2745,0.259,0.0,40.1,19.53,0,0.0,3,6,0,0,0,1,5,0,1,54,0,49.29,54,49,25.7556,-100.252402
55,48.63,128,41.69,73,19039_0287,Monterrey,Fomerrey 109 (San Bernabe 14),Medio,3239,900,0.2804,0.7771,0.5301,29.8,33.12,1,1.111,1,6,0,1,0,0,2,0,2,42,0,49.89,49,17,25.7637,-100.387451
56,48.35,104,43.92,48,19031_0109,Juárez,Los Valles 2Do Sector,Medio,1708,474,0.1561,0.4036,0.0,11.0,23.19,0,0.0,2,0,0,0,0,0,0,0,0,20,0,49.62,51,17,25.62265,-100.16186
57,47.81,45,50.6,-12,19031_0108,Juárez,Los Valles,Alto,2020,561,0.3504,0.8614,0.7349,20.5,36.54,1,1.782,1,4,0,0,0,0,0,0,0,35,0,48.9,57,25,25.61965,-100.166467
58,47.73,93,44.65,35,19021_0281,General Escobedo,Villas de San Francisco 2Do Sector,Medio,2446,680,0.1766,0.3554,0.0,15.15,22.29,0,0.0,0,2,0,1,0,0,0,1,1,26,0,48.81,58,36,25.82615,-100.366548
59,47.69,42,51.23,-17,19039_0030,Monterrey,Alfonso Reyes,Medio,3501,973,0.406,0.0482,0.0,13.8,14.19,0,0.0,0,0,0,0,0,0,1,0,0,32,0,47.69,60,28,25.6472,-100.309855
60,47.67,40,51.6,-20,19039_0725,Monterrey,Tierra Y Libertad,Medio,4940,1372,0.4508,0.9036,0.9157,58.95,42.96,5,3.644,6,7,0,0,0,0,1,0,2,98,6,47.13,63,27,25.7404,-100.337951
61,47.06,90,44.85,29,19031_0010,Juárez,Arboledas de San Roque,Alto,3862,1073,0.1826,0.3253,0.0,22.05,20.55,0,0.0,3,2,0,0,0,0,0,5,1,27,0,47.61,61,28,25.60415,-100.152756
62,47.0,63,47.71,1,19006_0404,Apodaca,Pueblo Nuevo 2Do Sector,Medio,4035,1121,0.4023,0.4639,0.4337,27.0,24.09,1,0.892,1,5,0,0,0,0,3,1,3,35,0,48.08,59,20,25.75755,-100.157543
63,46.98,50,49.72,-13,19039_0684,Monterrey,San Martin,Medio,5267,1463,0.4246,0.6084,0.6084,40.05,27.37,2,1.367,4,6,0,0,0,0,2,1,2,57,2,46.44,65,56,25.7543,-100.359392
64,46.81,59,48.57,-5,19026_0049,Guadalupe,Atoyac de Alvarez,Medio,1966,546,0.2304,0.253,0.0,10.55,19.32,0,0.0,1,1,0,0,0,0,1,0,0,17,0,47.35,62,12,25.657,-100.271916
65,45.68,17,57.22,-48,19031_0154,Juárez,Rancho Viejo,Medio,4390,1219,0.5276,0.8133,0.994,42.1,34.52,7,5.74,4,7,0,2,1,0,2,1,4,49,0,46.77,64,54,25.62715,-100.169918
66,45.46,101,44.0,35,19018_0077,García,Los Nogales,Medio,2197,610,0.2102,0.9337,0.6988,29.0,47.52,1,1.639,4,6,0,0,1,1,1,0,1,30,0,46.18,67,18,25.7989,-100.6021
67,45.31,155,38.91,88,19046_0052,San Nicolás de los Garza,Const de Queretaro 1 Sec,Medio,2750,764,0.0077,0.5,0.0,18.75,24.55,0,0.0,1,1,0,0,1,0,4,4,0,20,0,46.39,66,18,25.71685,-100.252674
68,45.08,83,45.57,15,19021_0052,General Escobedo,Eulalio Villarreal,Medio,1707,474,0.2821,0.9578,0.8313,23.95,50.51,1,2.109,1,4,0,0,1,0,0,1,1,38,0,45.62,70,14,25.8024,-100.370956
69,45.03,6,65.93,-63,19048_0115,Santa Catarina,Lomas de La Fama,Medio,3909,1086,0.4706,0.3193,0.4458,22.2,20.44,1,0.921,0,2,0,0,0,1,2,2,0,38,0,45.57,71,19,25.68945,-100.421165
70,44.94,21,55.36,-49,19021_0002,General Escobedo,18 de Octubre,Medio,7038,1955,0.491,0.1747,0.3313,34.5,17.65,1,0.511,2,8,0,0,1,0,0,0,1,50,0,45.12,73,73,25.7993,-100.399366
71,44.83,33,52.23,-38,19021_0183,General Escobedo,Pedregal del Topo Chico [19021_0183],Medio,9397,2610,0.3797,0.3072,0.3193,52.7,20.19,1,0.383,2,8,0,1,1,0,1,0,3,88,1,44.83,75,62,25.8055,-100.363151
72,44.82,49,49.84,-23,19021_0174,General Escobedo,Nueva Esperanza,Medio,7610,2114,0.384,0.4337,0.4518,50.2,23.75,2,0.946,2,12,0,1,0,0,0,0,4,73,0,46.08,69,50,25.79745,-100.391379
73,44.66,131,41.57,58,19039_0002,Monterrey,10 de Marzo,Medio,2521,700,0.2898,0.741,0.6386,22.0,31.41,1,1.428,3,2,0,1,0,0,1,0,2,30,0,46.11,68,17,25.6924,-100.331009
74,44.48,149,39.66,75,19039_0295,Monterrey,Fomerrey 23 ( Laderas de Topo Chico),Medio,2020,561,0.1587,1.0,0.7289,36.55,65.14,1,1.782,10,3,0,1,1,1,3,0,2,27,13,38.88,100,12,25.7692,-100.370054
75,44.3,12,62.27,-63,19006_0361,Apodaca,Prados de La Cieneguita,Medio,7333,2037,0.5473,0.6446,0.8976,58.05,28.5,6,2.946,7,12,2,1,1,1,2,3,4,52,0,45.21,72,52,25.7782,-100.257099
76,44.11,95,44.6,19,19039_0637,Monterrey,Revolucion Proletaria,Medio,2990,830,0.2851,0.6506,0.5602,23.85,28.72,1,1.204,4,3,0,1,0,0,1,0,1,29,0,45.02,74,10,25.634,-100.288525
77,43.23,14,59.21,-63,19039_0381,Monterrey,La Altamira,Medio,6979,1939,0.6244,0.1145,0.506,31.65,16.33,2,1.032,2,4,0,2,0,2,2,1,1,41,0,43.23,79,45,25.642,-100.30651
78,42.82,7,65.65,-71,19039_0104,Monterrey,Burocratas Municipales,Medio,9806,2724,0.6458,0.2349,0.6687,51.05,18.74,4,1.469,7,5,0,0,0,3,4,0,1,67,0,43.18,80,67,25.6352,-100.296522
79,42.74,55,48.88,-24,19039_0433,Monterrey,Libertadores de America,Alto,2556,710,0.3501,0.5904,0.6325,18.85,26.55,1,1.408,4,1,0,0,0,0,0,0,0,29,4,31.35,144,19,25.76075,-100.354411
80,42.7,37,51.94,-43,19039_0664,Monterrey,San Angel Sur ( Los Remates ),Medio,11197,3110,0.3807,0.2711,0.3554,61.3,19.71,2,0.643,10,8,0,0,1,0,2,8,1,67,0,43.42,78,75,25.61705,-100.264072
81,42.64,109,43.51,28,19021_0206,General Escobedo,Privadas de Camino Real Ii,Medio,5682,1578,0.2256,0.1205,0.0,25.9,16.41,0,0.0,0,3,0,2,1,0,1,5,0,36,0,42.64,83,28,25.84125,-100.400539
82,42.58,70,46.99,-12,19026_0070,Guadalupe,Campestre La Silla,Medio,2488,691,0.3099,0.6627,0.6566,19.95,28.87,1,1.447,1,3,0,0,1,0,0,2,2,28,0,43.48,77,18,25.64675,-100.202989
83,42.55,30,52.6,-53,19039_0770,Monterrey,Valle de Santa Lucia (Granja Sanitaria),Medio,18466,5129,0.4944,0.3012,0.5422,103.5,20.18,6,1.17,6,17,0,0,2,0,7,3,12,140,2,42.19,87,116,25.7448,-100.354065
84,42.45,18,56.52,-66,19021_0103,General Escobedo,La Unidad,Medio,9683,2690,0.4288,0.247,0.4036,50.45,18.76,2,0.744,2,10,0,0,1,1,0,5,4,68,0,42.81,82,63,25.79555,-100.415904
85,42.37,24,53.82,-61,19039_0741,Monterrey,Unidad Pedreras ( Fomerrey 106 ),Medio,3991,1109,0.3769,0.8193,0.9096,39.0,35.18,4,3.608,5,4,0,0,2,0,0,0,1,60,6,36.94,115,34,25.74955,-100.343905
86,42.36,68,47.29,-18,19039_0345,Monterrey,Industrial,Medio,8460,2350,0.4581,0.3795,0.5783,53.5,22.77,3,1.277,5,3,1,1,1,2,0,12,4,65,0,43.63,76,97,25.6938,-100.324118
87,42.17,47,49.96,-40,19021_0184,General Escobedo,Pedregal del Topo Chico [19021_0184],Alto,1552,431,0.2908,0.0181,0.0,5.2,12.06,0,0.0,0,0,0,0,0,0,0,0,0,13,0,42.35,86,7,25.7993,-100.361536
88,41.86,64,47.69,-24,19018_0002,García,Ampl Los Nogales ( El Polvorin ),Medio,3497,971,0.2513,0.8795,0.8193,38.35,39.48,2,2.059,4,7,0,1,0,1,2,0,0,49,0,42.94,81,29,25.80255,-100.600988
89,41.74,153,39.13,64,19039_0663,Monterrey,San Angel Norte,Medio,1551,431,0.1986,0.9819,0.8554,23.3,54.07,1,2.32,4,2,0,0,0,0,2,0,0,32,4,40.11,95,9,25.7503,-100.3482
90,41.73,121,42.61,31,19039_0296,Monterrey,Fomerrey 24,Alto,1731,481,0.2028,0.9458,0.8253,24.2,50.33,1,2.08,3,2,0,1,0,0,2,0,2,33,3,41.55,90,12,25.78765,-100.377857
91,41.52,144,40.53,53,19026_0220,Guadalupe,Josefa Zozaya 2Do Sector,Medio,1941,539,0.175,0.9157,0.7651,23.65,43.87,1,1.855,1,4,0,3,0,1,1,1,2,26,0,42.42,85,18,25.7261,-100.179668
92,41.43,146,40.32,54,19021_0040,General Escobedo,Colinas del Topo Chico,Medio,2080,578,0.1637,0.8735,0.7108,22.4,38.78,1,1.731,3,2,0,0,1,0,0,0,0,36,0,42.51,84,17,25.7992,-100.374642
93,41.34,84,45.57,-9,19048_0232,Santa Catarina,Sarabia,Medio,3047,846,0.2248,0.0783,0.0,12.95,15.3,0,0.0,1,1,0,1,0,0,0,0,0,23,0,41.34,91,32,25.6891,-100.46361
94,40.83,77,46.07,-17,19021_0175,General Escobedo,Nuevo Escobedo,Medio,4865,1351,0.2798,0.3855,0.3976,31.0,22.94,1,0.74,4,4,0,0,1,0,0,0,2,45,0,42.1,88,34,25.79885,-100.377994
95,40.82,74,46.15,-21,19006_0327,Apodaca,Parque Industrial Intermex Industrial Campus Apodaca,Medio,3439,955,0.2661,0.006,0.0,10.55,11.04,0,0.0,0,1,0,0,0,0,1,2,0,17,0,40.82,92,16,25.76655,-100.15929
96,40.65,85,45.5,-11,19048_0021,Santa Catarina,Balcones de Santa Catarina ( Fomerrey 134),Medio,3533,981,0.2482,0.5241,0.5,24.25,24.71,1,1.019,3,4,0,1,0,0,1,3,1,25,0,41.74,89,19,25.67555,-100.480323
97,40.32,36,52.01,-61,19039_0314,Monterrey,Francisco Villa,Medio,6182,1717,0.5021,0.5663,0.8916,44.5,25.92,5,2.912,5,6,0,0,0,0,3,0,1,65,4,35.45,125,34,25.7524,-100.355251
98,39.14,123,42.17,25,19026_0021,Guadalupe,31 de Diciembre,Medio,2774,771,0.1382,0.7169,0.5964,23.85,30.95,1,1.298,2,2,0,0,1,0,0,5,0,34,0,40.41,93,40,25.66885,-100.138369
99,39.06,79,45.8,-20,19039_0299,Monterrey,Fomerrey 45,Medio,3577,994,0.2266,0.488,0.488,24.3,24.46,1,1.006,3,3,0,0,0,0,0,1,1,37,0,40.33,94,20,25.5904,-100.245404
100,38.84,108,43.66,8,19026_0013,Guadalupe,2 de Mayo,Medio,2823,784,0.1443,0.6747,0.5723,22.95,29.27,1,1.275,1,2,2,0,0,0,4,1,1,28,0,39.75,96,33,25.6568,-100.211944
101,38.56,152,39.35,51,19021_0224,General Escobedo,Puerta del Sol,Medio,1750,486,0.1417,0.0964,0.0,7.55,15.53,0,0.0,0,1,0,0,0,0,0,2,0,12,0,38.56,103,9,25.84495,-100.403527
102,38.56,22,54.93,-80,19021_0239,General Escobedo,Rivera de Los Naranjos,Medio,2619,728,0.5031,0.2289,0.6145,13.6,18.69,1,1.374,1,0,0,0,1,0,0,2,0,24,0,38.92,99,27,25.79305,-100.393952
103,38.56,114,43.11,11,19039_0430,Monterrey,Lazaro Cardenas,Medio,1824,507,0.1326,0.9096,0.8012,22.1,43.62,1,1.974,3,5,0,1,0,0,0,1,0,24,2,38.38,104,35,25.74445,-100.323905
104,38.52,52,49.32,-52,19031_0009,Juárez,Arboledas de Los Naranjos,Alto,1547,430,0.2176,0.8554,0.8614,15.7,36.53,1,2.327,0,3,0,1,0,0,1,1,0,23,0,39.61,97,12,25.62715,-100.167143
105,38.04,91,44.81,-14,19039_0112,Monterrey,Carmen Serdan,Medio,2150,597,0.2461,0.9277,0.988,28.1,47.04,3,5.023,5,1,0,1,1,1,2,1,0,34,6,35.33,128,18,25.74125,-100.344273
106,37.88,54,49.02,-52,19021_0006,General Escobedo,Agropecuaria Emiliano Zapata (Col Nueva Esperanza),Medio,5397,1499,0.2196,0.3494,0.3795,33.35,22.24,1,0.667,1,4,0,1,0,3,0,1,1,54,0,38.96,98,95,25.8143,-100.285851
107,37.72,135,41.36,28,19021_0057,General Escobedo,Fomerrey 9 (Solidaridad Social),Medio,4292,1192,0.2337,0.8253,0.8795,41.95,35.19,3,2.516,1,6,2,1,1,0,6,7,4,38,0,38.63,102,34,25.7837,-100.328549
108,37.59,76,46.1,-32,19046_0081,San Nicolás de los Garza,Fomerrey 129 (Mirador San Nicolas),Medio,3591,998,0.2168,0.4458,0.4819,23.85,23.91,1,1.002,0,3,0,1,0,0,3,0,1,39,0,38.85,101,74,25.7588,-100.322907
109,37.56,44,50.91,-65,19026_0316,Guadalupe,Nuevo San Rafael,Medio,6128,1702,0.3019,0.1988,0.3494,30.65,18.01,1,0.588,0,4,0,0,0,1,3,1,1,51,0,37.74,107,51,25.6923,-100.205076
110,37.33,113,43.13,3,19021_0188,General Escobedo,Portal de San Francisco Sector 20 de Noviembre,Medio,1725,479,0.1156,0.0904,0.0,7.35,15.34,0,0.0,0,1,0,0,0,0,0,0,1,14,0,37.33,110,14,25.84435,-100.411734
111,37.14,130,41.59,19,19021_0248,General Escobedo,Santa Lucia,Medio,1903,529,0.1694,0.9398,0.9277,26.5,50.13,2,3.783,2,5,0,0,0,0,0,1,1,40,0,37.86,106,12,25.8025,-100.368753
112,36.96,31,52.36,-81,19021_0056,General Escobedo,Fomerrey 36,Medio,4169,1158,0.3185,0.7108,0.9036,35.6,30.74,4,3.454,2,5,0,0,1,0,6,3,3,39,0,38.22,105,27,25.77435,-100.330464
113,36.57,118,42.92,5,19048_0237,Santa Catarina,Union de Colonos,Medio,1800,500,0.1553,0.012,0.0,5.9,11.8,0,0.0,0,0,1,0,0,0,0,3,0,6,0,36.75,116,16,25.67635,-100.431755
114,36.54,26,53.45,-88,19048_0195,Santa Catarina,Puerta del Sol,Medio,2669,741,0.2583,0.8313,0.9578,26.25,35.41,3,4.046,2,2,0,4,0,0,1,9,2,20,0,37.44,109,44,25.6822,-100.480671
115,36.52,100,44.09,-15,19018_0055,García,Hacienda Renacimiento,Medio,3106,863,0.0637,0.1325,0.0,14.25,16.51,0,0.0,0,0,0,0,1,0,1,3,0,25,0,36.52,118,23,25.8087,-100.63569
116,36.47,62,48.11,-54,19039_0383,Monterrey,La Campana,Medio,3371,937,0.347,0.2651,0.512,18.3,19.54,1,1.068,2,2,0,0,0,2,0,0,0,27,0,37.01,112,16,25.6392,-100.301052
117,36.43,158,37.88,41,19021_0251,General Escobedo,Serranias,Medio,1810,503,0.0793,0.9217,0.8133,22.65,45.04,1,1.989,2,5,0,1,1,0,0,0,2,26,0,37.33,111,12,25.80465,-100.367516
118,36.3,98,44.12,-20,19031_0117,Juárez,Monte Kristal 4To Sector,Medio,2053,570,0.1665,0.7048,0.7169,17.35,30.42,1,1.753,2,2,0,0,1,0,0,1,1,24,0,37.56,108,21,25.62565,-100.158529
119,36.12,13,59.49,-106,19021_0061,General Escobedo,Gloria Mendiola,Alto,3345,929,0.5416,0.0,0.5181,8.65,9.31,1,1.076,1,0,0,0,0,0,0,1,0,16,0,36.12,120,18,25.80675,-100.381937
120,36.04,105,43.88,-15,19046_0036,San Nicolás de los Garza,Carmen Romano,Medio,5582,1551,0.2595,0.2169,0.3614,28.8,18.57,1,0.645,1,4,0,0,0,0,3,0,1,47,0,36.4,119,34,25.72805,-100.272911
121,36.02,97,44.44,-24,19026_0160,Guadalupe,Garza Melo,Medio,1740,483,0.1506,0.9639,0.9639,24.6,50.9,2,4.138,2,5,0,0,0,1,2,1,0,29,0,36.57,117,19,25.64845,-100.205224
122,35.94,72,46.64,-50,19039_0290,Monterrey,Fomerrey 113 (San Bernabe 9),Medio,7338,2038,0.4285,0.494,0.8675,50.0,24.53,5,2.453,8,7,0,0,0,1,4,1,3,55,8,29.07,151,40,25.77605,-100.376492
123,35.92,92,44.79,-31,19039_0384,Monterrey,La Condesa,Medio,3040,844,0.2067,0.4759,0.5542,20.45,24.22,1,1.184,2,1,0,1,0,0,0,6,3,23,0,37.0,113,34,25.61885,-100.270233
124,35.69,65,47.48,-59,19048_0014,Santa Catarina,Arboledas de Las Mitras (Carlos Salinas de Gortari),Medio,2504,695,0.3095,0.4217,0.6446,16.25,23.36,1,1.438,0,1,0,0,0,0,0,4,0,30,0,36.96,114,14,25.69015,-100.417454
125,35.69,57,48.69,-68,19039_0525,Monterrey,Nueva Estanzuela,Medio,3936,1093,0.2913,0.241,0.4398,20.5,18.75,1,0.915,1,2,1,0,0,0,1,5,1,25,0,36.05,122,33,25.58235,-100.239307
126,35.62,138,41.21,12,19039_0553,Monterrey,Paseo del Vergel 1Er Sector,Medio,1646,457,0.1133,0.0361,0.0,5.75,12.57,0,0.0,0,0,0,0,1,0,0,1,0,10,0,35.62,123,8,25.5874,-100.239426
127,35.31,126,41.87,-1,19006_0345,Apodaca,Pimsa Sur,Medio,1508,419,0.1148,0.0241,0.0,5.05,12.06,0,0.0,0,0,0,0,0,0,0,3,0,7,0,35.5,124,9,25.7658,-100.170044
128,35.15,43,51.2,-85,19039_0091,Monterrey,Bosques de La Estanzuela,Medio,3631,1008,0.3365,0.1928,0.4699,18.1,17.95,1,0.992,0,1,0,0,2,0,0,3,2,29,0,35.33,127,24,25.59265,-100.240199
129,34.67,137,41.24,8,19039_0316,Monterrey,Fray Servando Teresa de Mier (Fomerrey 6 ),Medio,1601,445,0.2072,0.7229,0.8434,13.8,31.03,1,2.249,0,1,0,0,0,0,1,1,0,27,0,36.12,121,7,25.7458,-100.347878
130,34.34,86,45.48,-44,19046_0057,San Nicolás de los Garza,Constituyentes de Queretaro 4 Sec,Medio,2955,821,0.0,0.1446,0.0,13.95,16.99,0,0.0,0,0,0,0,0,0,2,3,1,23,0,34.7,131,17,25.71295,-100.264024
131,33.99,28,52.92,-103,19039_0711,Monterrey,Sierra Ventana,Medio,9068,2519,0.4521,0.2229,0.6928,47.05,18.68,4,1.588,3,10,0,1,0,0,3,1,1,62,0,34.35,133,41,25.6297,-100.286894
132,33.93,78,45.92,-54,19048_0065,Santa Catarina,Hacienda Santa Catarina (Fomerrey 29),Medio,3698,1027,0.2745,0.747,0.9819,32.35,31.5,5,4.868,4,3,0,1,1,1,1,6,1,34,0,35.38,126,24,25.6747,-100.475683
133,33.9,167,27.03,34,19039_0318,Monterrey,Garza Nieto,Medio,3625,1007,0.3008,0.6807,0.9518,29.8,29.59,4,3.972,2,5,0,0,1,1,0,1,2,42,0,34.8,129,34,25.7018,-100.329547
134,33.83,136,41.36,2,19026_0457,Guadalupe,Valles del Sol,Medio,4837,1344,0.2585,0.6205,0.8373,37.1,27.61,3,2.233,3,10,0,0,1,0,1,2,2,39,0,34.74,130,34,25.65375,-100.167325
135,33.73,156,38.41,21,19026_0183,Guadalupe,Ignacio Zaragoza,Medio,3049,847,0.0301,0.6325,0.5482,23.55,27.81,1,1.181,2,3,0,0,1,0,2,2,3,27,0,34.64,132,32,25.6857,-100.228643
136,32.89,127,41.78,-9,19046_0292,San Nicolás de los Garza,Valle del Mezquital,Medio,3637,1010,0.149,0.3614,0.4639,22.55,22.32,1,0.99,1,3,0,0,1,0,4,2,0,27,0,33.97,135,28,25.74175,-100.24345
137,32.88,150,39.56,13,19039_0297,Monterrey,Fomerrey 25,Medio,3941,1095,0.3431,0.3976,0.759,25.3,23.11,2,1.827,0,5,0,0,1,0,2,1,1,37,0,34.15,134,27,25.7539,-100.381486
138,32.87,159,37.6,21,19039_0038,Monterrey,Alvaro Obregon,Medio,5547,1541,0.126,0.2952,0.3675,30.85,20.02,1,0.649,2,2,1,1,0,1,2,4,3,39,0,33.77,136,50,25.7321,-100.367939
139,32.46,82,45.66,-57,19021_0250,General Escobedo,Santa Martha,Medio,3859,1072,0.2559,0.512,0.7711,26.35,24.58,2,1.866,2,5,0,1,0,0,0,0,1,39,0,33.55,137,28,25.8028,-100.387008
140,32.2,145,40.32,5,19039_0784,Monterrey,Venustiano Carranza,Medio,1870,520,0.0549,0.7831,0.7831,17.25,33.2,1,1.925,0,2,0,0,0,1,3,1,0,25,0,33.46,138,39,25.6928,-100.273
141,31.64,69,47.08,-72,19018_0010,García,Brisas Residencial,Medio,1983,551,0.0863,0.6867,0.747,16.5,29.96,1,1.815,0,0,0,0,0,0,2,6,0,25,0,32.55,140,29,25.83,-100.593975
142,31.55,124,42.09,-18,19046_0147,San Nicolás de los Garza,Lagos de Chapultepec,Medio,1581,439,0.1517,0.6988,0.8494,13.35,30.4,1,2.277,0,3,0,0,0,0,2,0,0,19,0,32.81,139,11,25.7286,-100.267395
143,31.45,129,41.65,-14,19039_0039,Monterrey,America 2,Medio,1814,504,0.1628,0.6386,0.8072,14.05,27.88,1,1.985,0,2,0,0,0,0,2,1,0,22,0,32.36,141,17,25.64845,-100.313442
144,31.32,61,48.23,-83,19026_0460,Guadalupe,Vicente Ferrer,Medio,2082,578,0.3131,0.3313,0.7048,11.95,20.66,1,1.729,0,0,0,1,0,0,2,1,2,18,0,31.86,142,17,25.6402,-100.214689
145,31.02,102,44.0,-43,19026_0426,Guadalupe,Tierra Propia 2Do Sector,Medio,5555,1543,0.3102,0.2108,0.5904,28.1,18.21,2,1.296,2,5,0,0,1,0,0,1,3,39,0,31.38,143,36,25.63885,-100.189668
146,31.01,75,46.12,-71,19026_0381,Guadalupe,Riberas de La Silla,Medio,4561,1267,0.2692,0.0843,0.4096,19.4,15.31,1,0.789,1,4,0,0,0,1,2,2,0,21,0,31.01,146,28,25.69275,-100.195994
147,30.01,66,47.38,-81,19018_0146,García,Renacimiento,Alto,2496,693,0.2352,0.3373,0.6506,14.55,20.98,1,1.442,0,3,0,0,1,0,1,0,0,22,0,30.91,147,16,25.8058,-100.636189
148,29.99,112,43.33,-36,19039_0521,Monterrey,Nogales de La Sierra,Medio,1835,510,0.1443,0.6024,0.7952,13.95,27.37,1,1.962,0,2,1,0,0,0,0,0,2,23,0,30.89,148,23,25.5845,-100.235292
149,29.97,110,43.51,-39,19018_0003,García,Ampliacion Cerritos,Medio,1832,509,0.1168,0.7892,0.9458,16.9,33.21,2,3.93,2,1,0,2,1,0,1,3,0,16,0,31.24,145,38,25.81935,-100.60905
150,29.49,71,46.79,-79,19039_0739,Monterrey,Unidad del Pueblo,Alto,2877,799,0.299,0.4578,0.8735,19.2,24.02,2,2.502,1,2,0,0,0,0,0,0,0,38,1,27.14,154,18,25.7451,-100.337899
151,28.76,56,48.7,-95,19039_0319,Monterrey,Genaro Vazquez Rojas,Medio,3968,1102,0.3892,0.1807,0.741,19.65,17.83,2,1.815,1,3,0,1,0,0,1,0,0,31,0,28.94,152,24,25.7343,-100.358497
152,28.37,163,34.36,11,19039_0300,Monterrey,Fomerrey 51,Medio,2737,760,0.2349,0.5181,0.8855,18.7,24.59,2,2.63,1,2,0,0,0,0,1,0,1,33,0,29.46,149,15,25.7554,-100.385834
153,28.14,107,43.66,-46,19031_0097,Juárez,Los Encinos,Medio,2864,796,0.1251,0.6928,0.9217,24.05,30.23,3,3.77,3,3,0,2,1,0,2,2,1,22,0,29.4,150,24,25.64685,-100.116138
154,27.56,125,41.98,-29,19048_0120,Santa Catarina,Lomas del Poniente 1Er Sector,Medio,2405,668,0.2055,0.6145,0.9699,18.4,27.55,3,4.491,0,4,0,1,0,0,1,2,3,21,0,28.46,153,14,25.6948,-100.456922
155,26.03,58,48.58,-97,19026_0448,Guadalupe,Valle Soleado,Medio,8105,2252,0.2757,0.1024,0.6024,35.5,15.77,3,1.332,2,4,0,0,0,0,3,4,3,50,0,26.03,155,50,25.70115,-100.168366
156,23.97,139,41.2,-17,19021_0071,General Escobedo,"Hacienda San Miguel, Sector Palmiras",Medio,2811,781,0.03,0.3434,0.5843,17.05,21.84,1,1.281,0,2,0,0,0,0,0,1,2,32,0,24.87,157,20,25.8431,-100.425019
157,23.8,134,41.42,-23,19006_0312,Apodaca,Novapodaca,Medio,1906,530,0.0482,0.7289,1.0,16.45,31.07,4,7.554,2,1,0,2,0,0,3,2,1,13,0,25.24,156,19,25.78915,-100.187357
158,23.46,165,28.23,7,19039_0085,Monterrey,Bella Vista,Medio,2407,669,0.234,0.1506,0.6807,11.55,17.28,1,1.496,2,0,0,0,0,1,0,1,0,17,0,23.82,158,42,25.6987,-100.32146
159,22.91,142,41.09,-17,19031_0067,Juárez,Joaquin Garza Y Garza,Medio,3342,928,0.0757,0.1867,0.5241,16.6,17.88,1,1.077,1,2,0,1,0,0,0,0,4,24,0,23.09,159,58,25.6501,-100.0989
160,21.21,154,39.09,-6,19048_0129,Santa Catarina,Martires de Cananea,Medio,7194,1998,0.0558,0.1084,0.4759,32.5,16.26,2,1.001,1,1,0,0,0,2,5,9,4,35,0,21.21,160,43,25.6883,-100.439636
161,17.8,162,35.55,1,19021_0113,General Escobedo,Las Malvinas,Medio,1899,528,0.1017,0.3916,0.9337,12.15,23.03,2,3.791,0,3,0,0,0,0,0,0,0,21,0,19.07,161,23,25.79685,-100.295525
162,15.85,103,43.96,-59,19018_0076,García,Los Encinos Residencial,Medio,3675,1021,0.0846,0.2048,0.7892,18.55,18.17,2,1.959,1,4,0,0,0,0,1,5,1,17,0,16.22,162,36,25.824,-100.592476
163,15.53,157,38.1,-6,19031_0111,Juárez,Mirador del Parque,Medio,2486,691,0.081,0.0723,0.6627,10.45,15.13,1,1.448,0,1,0,0,1,0,1,0,0,18,0,15.53,164,15,25.64775,-100.076342
164,15.18,141,41.14,-23,19006_0235,Apodaca,Lomas del Pedregal,Medio,3159,878,0.1492,0.2831,0.9759,17.4,19.83,4,4.558,0,1,0,0,1,0,1,1,2,31,0,16.09,163,33,25.7285,-100.168204
165,12.92,151,39.39,-14,19031_0133,Juárez,Portal de Vaquerias,Medio,1976,549,0.0428,0.1265,0.753,9.05,16.49,1,1.822,1,1,0,1,0,0,0,0,1,12,0,12.92,165,14,25.63855,-100.146507
166,8.33,164,31.81,-2,19006_0251,Apodaca,Los Fresnos 1Er Sector,Medio,1921,534,0.0005,0.0542,0.7771,7.65,14.34,1,1.874,0,1,0,0,0,0,1,0,2,11,0,8.33,166,11,25.76935,-100.257838
167,8.2,166,28.23,-1,19046_0187,San Nicolás de los Garza,Nogalar,Medio,1875,521,0.1147,0.0602,0.9398,7.65,14.69,2,3.841,0,1,0,0,0,1,1,0,0,11,0,8.2,167,5,25.72205,-100.277453
