cve_col,colonia,municipio,rank_base,score_base,viviendas_est,anclas_pond,anclas_por_1000viv,n_abarrotes,n_oxxo,n_tortilleria,n_parada,n_farmacia,n_escuela,n_iglesia,n_anclas_total,scout_marks,cobertura_campo,comp_300m_con_scout,denue_pts_zona,places_pts_zona,osm_pts_zona,denue_compet_crudo_300m,places_purif_crudo_300m,scout_purif_300m,dist_competidor_mas_cercano_m,competidores_<=600m_borde,competidores_<=1000m_borde,esperados_si_tasa_media,p_cero_si_tasa_media,comercio_barrio_por_1000viv,clasificacion,evidencia,senales_brecha,senales_real,prioridad_scout,etiqueta
19039_0041,Ampliacion Municipal,Monterrey,1,73.73,534,21.75,40.74,30,0,7,0,0,0,0,38,1,parcial,0,45,9,0,0,0,0,442,1,1,0.53,0.586,69.3,indeterminado_inclina_brecha,comercio de barrio 69/1000 viv ≥ mediana 38; competidor a 442 m del borde (vecino),2,1,1.0,heuristica con evidencia (no es verdad de campo); no altera score
19039_0289,Fomerrey 112 (San Bernabe 9),Monterrey,2,69.55,1055,31.8,30.13,52,0,4,0,4,4,0,64,0,sin encuesta,1,76,0,4,0,0,1,528,2,6,1.05,0.348,53.1,brecha_confirmada_por_scout,Scout marcó 1 purificadora(s) ≤300 m que DENUE/Places no tenían,0,0,,heuristica con evidencia (no es verdad de campo); no altera score
19021_0247,San Miguel Residencial,General Escobedo,3,69.46,3443,57.95,16.83,88,1,6,13,2,1,0,113,22,encuestada,3,108,32,3,0,0,3,389,1,1,3.44,0.032,27.6,brecha_confirmada_por_scout,Scout marcó 3 purificadora(s) ≤300 m que DENUE/Places no tenían,0,0,,heuristica con evidencia (no es verdad de campo); no altera score
19006_0406,Pueblo Nuevo 4To Sector,Apodaca,5,67.0,805,40.55,50.4,42,0,8,11,2,2,0,67,0,sin encuesta,0,62,20,23,0,0,0,311,2,4,0.8,0.447,62.1,indeterminado_inclina_brecha,comercio de barrio 62/1000 viv ≥ mediana 38; competidor a 311 m del borde (vecino),2,1,2.0,heuristica con evidencia (no es verdad de campo); no altera score
19006_0403,Pueblo Nuevo 1Er Sector,Apodaca,6,66.83,438,28.3,64.67,37,0,8,0,2,1,0,49,0,sin encuesta,0,50,13,1,0,0,0,555,1,3,0.44,0.645,102.7,indeterminado_inclina_brecha,comercio de barrio 103/1000 viv ≥ mediana 38; competidor a 555 m del borde (vecino),2,1,3.0,heuristica con evidencia (no es verdad de campo); no altera score
19039_0296,Fomerrey 24,Monterrey,7,66.3,481,19.7,40.97,33,1,2,0,2,2,0,40,1,parcial,1,43,1,2,0,0,1,594,1,6,0.48,0.618,74.8,brecha_confirmada_por_scout,Scout marcó 1 purificadora(s) ≤300 m que DENUE/Places no tenían,0,0,,heuristica con evidencia (no es verdad de campo); no altera score
19039_0321,Gloria Mendiola,Monterrey,8,65.73,1902,39.85,20.95,74,0,7,0,0,0,0,82,6,parcial,0,98,7,0,0,0,0,680,0,1,1.9,0.149,42.6,indeterminado_inclina_brecha,p(0)≈0.15 con tasa media (1.9 esperados); comercio de barrio 43/1000 viv ≥ mediana 38,2,0,4.0,heuristica con evidencia (no es verdad de campo); no altera score
19046_0080,Floridos Bosques del Nogalar,San Nicolás de los Garza,9,65.66,484,25.05,51.76,37,0,5,0,0,3,1,46,0,sin encuesta,0,50,4,4,0,0,0,462,3,4,0.48,0.616,86.8,indeterminado_inclina_brecha,comercio de barrio 87/1000 viv ≥ mediana 38; competidor a 462 m del borde (vecino),2,1,5.0,heuristica con evidencia (no es verdad de campo); no altera score
19048_0216,Rincon de Las Mitras (Fomerrey 2),Santa Catarina,10,65.2,1063,30.65,28.84,41,0,6,3,3,2,0,56,0,sin encuesta,0,58,13,2,0,0,0,764,0,3,1.06,0.346,44.2,indeterminado,comercio de barrio 44/1000 viv ≥ mediana 38,1,0,6.0,heuristica con evidencia (no es verdad de campo); no altera score
19026_0236,La Playa,Guadalupe,11,64.98,421,25.15,59.73,31,1,5,0,0,3,0,42,0,sin encuesta,0,41,12,4,0,0,0,361,2,4,0.42,0.657,87.9,indeterminado_inclina_brecha,comercio de barrio 88/1000 viv ≥ mediana 38; competidor a 361 m del borde (vecino),2,1,7.0,heuristica con evidencia (no es verdad de campo); no altera score
19048_0151,Paseo de Las Minas,Santa Catarina,13,64.01,696,16.65,23.92,36,0,1,0,0,1,0,38,0,sin encuesta,0,42,0,1,0,0,0,535,1,2,0.7,0.499,53.2,brecha_probable,comercio de barrio 53/1000 viv ≥ mediana 38; competidor a 535 m del borde (vecino); sin puntos de Places en la zona (cobertura débil),3,1,8.0,heuristica con evidencia (no es verdad de campo); no altera score
19046_0207,Paseo del Nogalar,San Nicolás de los Garza,14,63.54,1087,34.35,31.61,44,0,9,0,1,5,0,59,0,sin encuesta,0,62,8,5,0,0,0,423,3,4,1.09,0.337,48.8,indeterminado_inclina_brecha,comercio de barrio 49/1000 viv ≥ mediana 38; competidor a 423 m del borde (vecino),2,0,9.0,heuristica con evidencia (no es verdad de campo); no altera score
19026_0291,Miguel Hidalgo,Guadalupe,15,62.97,690,23.45,34.0,33,0,4,1,0,2,1,42,0,sin encuesta,0,43,5,3,0,0,0,541,1,3,0.69,0.502,53.6,indeterminado_inclina_brecha,comercio de barrio 54/1000 viv ≥ mediana 38; competidor a 541 m del borde (vecino),2,1,10.0,heuristica con evidencia (no es verdad de campo); no altera score
19039_0298,Fomerrey 35 (Tierra Propia),Monterrey,16,62.63,1996,52.45,26.28,78,0,6,2,3,4,0,98,0,sin encuesta,0,103,12,4,0,0,0,341,1,7,1.99,0.136,42.1,brecha_probable,p(0)≈0.14 con tasa media (2.0 esperados); comercio de barrio 42/1000 viv ≥ mediana 38; competidor a 341 m del borde (vecino),3,0,11.0,heuristica con evidencia (no es verdad de campo); no altera score
19039_0430,Lazaro Cardenas,Monterrey,17,62.41,507,19.1,37.7,24,1,5,1,0,0,0,32,0,sin encuesta,1,33,9,0,0,0,1,1116,0,0,0.51,0.602,59.2,brecha_confirmada_por_scout,Scout marcó 1 purificadora(s) ≤300 m que DENUE/Places no tenían,0,0,,heuristica con evidencia (no es verdad de campo); no altera score
19039_0295,Fomerrey 23 ( Laderas de Topo Chico),Monterrey,18,61.83,561,19.55,34.84,27,1,3,0,2,2,0,36,5,parcial,1,36,4,2,0,0,1,592,1,3,0.56,0.571,55.3,brecha_confirmada_por_scout,Scout marcó 1 purificadora(s) ≤300 m que DENUE/Places no tenían,0,0,,heuristica con evidencia (no es verdad de campo); no altera score
19039_0292,Fomerrey 115 (San Bernabe 12),Monterrey,19,61.48,1115,27.1,24.3,44,0,3,3,1,2,0,54,0,sin encuesta,0,61,9,2,0,0,0,320,4,10,1.11,0.328,42.2,indeterminado_inclina_brecha,comercio de barrio 42/1000 viv ≥ mediana 38; competidor a 320 m del borde (vecino),2,0,12.0,heuristica con evidencia (no es verdad de campo); no altera score
19048_0071,Indeco La Fama 1,Santa Catarina,20,60.75,463,18.45,39.81,18,0,3,2,2,4,0,30,0,sin encuesta,0,24,13,5,0,0,0,426,2,3,0.46,0.63,45.4,indeterminado_inclina_brecha,comercio de barrio 45/1000 viv ≥ mediana 38; competidor a 426 m del borde (vecino),2,1,13.0,heuristica con evidencia (no es verdad de campo); no altera score
19039_0291,Fomerrey 114 (San Bernabe 13),Monterrey,21,60.6,798,20.15,25.26,36,0,3,0,0,2,0,41,0,sin encuesta,0,47,0,2,0,0,0,598,1,4,0.8,0.45,48.9,brecha_probable,comercio de barrio 49/1000 viv ≥ mediana 38; competidor a 598 m del borde (vecino); sin puntos de Places en la zona (cobertura débil),3,1,14.0,heuristica con evidencia (no es verdad de campo); no altera score
19026_0432,Unidad Piloto,Guadalupe,22,60.28,979,22.0,22.47,45,0,1,1,0,0,0,49,0,sin encuesta,0,55,3,1,0,0,0,627,0,3,0.98,0.376,47.0,indeterminado,comercio de barrio 47/1000 viv ≥ mediana 38,1,0,15.0,heuristica con evidencia (no es verdad de campo); no altera score
19021_0280,Villas de San Francisco,General Escobedo,23,59.98,3656,42.05,11.5,62,2,6,3,4,0,0,80,1,parcial,1,83,26,1,0,0,1,862,0,1,3.65,0.026,19.1,brecha_confirmada_por_scout,Scout marcó 1 purificadora(s) ≤300 m que DENUE/Places no tenían,0,0,,heuristica con evidencia (no es verdad de campo); no altera score
19026_0434,Union Modelo,Guadalupe,24,59.73,489,17.4,35.62,16,0,4,2,0,3,0,26,0,sin encuesta,0,22,7,4,0,0,0,579,1,4,0.49,0.613,40.9,indeterminado_inclina_brecha,comercio de barrio 41/1000 viv ≥ mediana 38; competidor a 579 m del borde (vecino),2,1,,heuristica con evidencia (no es verdad de campo); no altera score
19039_0508,Moctezuma,Monterrey,26,59.37,671,20.8,31.01,27,2,1,1,1,4,0,37,0,sin encuesta,0,32,7,5,0,0,0,313,3,6,0.67,0.511,44.7,indeterminado_inclina_brecha,comercio de barrio 45/1000 viv ≥ mediana 38; competidor a 313 m del borde (vecino),2,1,,heuristica con evidencia (no es verdad de campo); no altera score
19031_0219,Villas de San Jose 7 Sector,Juárez,27,58.57,465,15.05,32.33,17,2,4,1,1,0,0,25,0,sin encuesta,0,25,8,0,0,0,0,746,0,2,0.46,0.628,49.5,indeterminado,comercio de barrio 50/1000 viv ≥ mediana 38; p(0)≈0.63 (colonia chica),1,1,,heuristica con evidencia (no es verdad de campo); no altera score
19026_0017,25 de Noviembre,Guadalupe,29,57.16,809,21.05,26.01,22,1,2,1,0,1,1,32,0,sin encuesta,0,27,11,2,0,0,0,604,0,1,0.81,0.446,30.9,indeterminado_inclina_real,p(0)≈0.45 (colonia chica); comercio bajo con cobertura DENUE+Places,0,2,,heuristica con evidencia (no es verdad de campo); no altera score
19039_0626,Rene Alvarez,Monterrey,30,56.42,448,10.85,24.22,24,0,1,0,0,0,0,25,0,sin encuesta,0,28,2,0,0,0,0,615,0,1,0.45,0.639,55.8,indeterminado,comercio de barrio 56/1000 viv ≥ mediana 38; p(0)≈0.64 (colonia chica),1,1,,heuristica con evidencia (no es verdad de campo); no altera score
19039_0257,Emiliano Zapata,Monterrey,32,54.85,596,16.55,27.78,17,2,4,0,3,0,0,27,0,sin encuesta,0,29,9,0,0,0,0,623,0,4,0.6,0.551,38.6,indeterminado,comercio de barrio 39/1000 viv ≥ mediana 38; p(0)≈0.55 (colonia chica),1,1,,heuristica con evidencia (no es verdad de campo); no altera score
19039_0550,Paseo de San Bernabe,Monterrey,35,54.09,567,13.55,23.91,22,0,0,3,0,1,0,27,0,sin encuesta,0,23,7,1,0,0,0,466,1,4,0.57,0.567,38.8,indeterminado_inclina_brecha,comercio de barrio 39/1000 viv ≥ mediana 38; competidor a 466 m del borde (vecino),2,1,,heuristica con evidencia (no es verdad de campo); no altera score
19048_0056,Eugenio Canavati,Santa Catarina,36,53.98,453,10.55,23.31,22,0,0,1,0,1,0,24,0,sin encuesta,0,27,2,1,0,0,0,749,0,1,0.45,0.636,48.6,indeterminado,comercio de barrio 49/1000 viv ≥ mediana 38; p(0)≈0.64 (colonia chica),1,1,,heuristica con evidencia (no es verdad de campo); no altera score
19006_0405,Pueblo Nuevo 3Er Sector,Apodaca,37,53.92,1680,28.55,16.99,42,0,5,0,0,3,1,52,0,sin encuesta,0,54,5,4,0,0,0,455,2,2,1.68,0.187,28.0,indeterminado,competidor a 455 m del borde (vecino); comercio bajo con cobertura DENUE+Places,1,1,,heuristica con evidencia (no es verdad de campo); no altera score
19048_0032,Cerro de Las Mitras (Raul Salinas Lozano),Santa Catarina,39,52.91,438,10.2,23.27,23,0,0,0,0,1,0,24,0,sin encuesta,0,27,0,1,0,0,0,792,0,1,0.44,0.645,52.5,indeterminado_inclina_brecha,comercio de barrio 52/1000 viv ≥ mediana 38; sin puntos de Places en la zona (cobertura débil),2,1,,heuristica con evidencia (no es verdad de campo); no altera score
19046_0021,Azteca,San Nicolás de los Garza,40,52.83,899,22.1,24.58,29,0,3,1,2,4,1,40,0,sin encuesta,0,38,0,8,0,0,0,318,1,4,0.9,0.407,35.6,indeterminado_inclina_brecha,competidor a 318 m del borde (vecino); sin puntos de Places en la zona (cobertura débil),2,1,,heuristica con evidencia (no es verdad de campo); no altera score
19039_0156,Constituyentes del 57,Monterrey,41,52.59,832,19.5,23.43,30,0,3,1,2,1,1,38,0,sin encuesta,0,42,1,4,0,0,0,320,2,3,0.83,0.435,39.7,indeterminado_inclina_brecha,comercio de barrio 40/1000 viv ≥ mediana 38; competidor a 320 m del borde (vecino),2,1,,heuristica con evidencia (no es verdad de campo); no altera score
19021_0055,Fernando Amilpa,General Escobedo,42,52.42,2497,43.3,17.34,62,1,7,3,1,2,0,79,0,sin encuesta,0,84,16,2,0,0,0,925,0,1,2.5,0.082,28.0,indeterminado,p(0)≈0.08 con tasa media (2.5 esperados); comercio bajo con cobertura DENUE+Places,1,1,,heuristica con evidencia (no es verdad de campo); no altera score
19039_0061,Argentina,Monterrey,43,52.31,462,11.75,25.43,20,0,1,0,1,2,0,24,0,sin encuesta,0,25,0,3,0,0,0,358,6,9,0.46,0.63,45.5,brecha_probable,comercio de barrio 46/1000 viv ≥ mediana 38; competidor a 358 m del borde (vecino); sin puntos de Places en la zona (cobertura débil),3,1,,heuristica con evidencia (no es verdad de campo); no altera score
19026_0461,Vicente Guerrero,Guadalupe,46,51.26,649,17.4,26.81,21,0,3,1,2,2,0,30,0,sin encuesta,0,26,4,6,0,0,0,474,1,4,0.65,0.523,37.0,indeterminado_inclina_real,p(0)≈0.52 (colonia chica); comercio bajo con cobertura DENUE+Places,1,2,,heuristica con evidencia (no es verdad de campo); no altera score
19048_0033,Cimas de Las Mitras (Ampl Raul Salinas Lozano),Santa Catarina,47,51.03,522,10.45,20.01,23,0,1,0,0,0,0,24,0,sin encuesta,0,28,0,0,0,0,0,897,0,1,0.52,0.594,46.0,indeterminado_inclina_brecha,comercio de barrio 46/1000 viv ≥ mediana 38; sin puntos de Places en la zona (cobertura débil),2,1,,heuristica con evidencia (no es verdad de campo); no altera score
19039_0433,Libertadores de America,Monterrey,50,50.33,710,12.85,18.1,29,0,1,0,0,0,0,30,0,sin encuesta,1,32,2,0,0,0,1,765,0,3,0.71,0.492,42.3,brecha_confirmada_por_scout,Scout marcó 1 purificadora(s) ≤300 m que DENUE/Places no tenían,0,0,,heuristica con evidencia (no es verdad de campo); no altera score
19031_0057,Hector Caballero,Juárez,51,50.24,1144,22.65,19.79,36,1,2,1,0,0,0,43,0,sin encuesta,0,41,10,0,0,0,0,527,1,5,1.14,0.319,34.1,indeterminado,competidor a 527 m del borde (vecino); comercio bajo con cobertura DENUE+Places,1,1,,heuristica con evidencia (no es verdad de campo); no altera score
19031_0109,Los Valles 2Do Sector,Juárez,52,49.62,474,11.0,23.19,20,0,0,0,0,0,0,22,0,sin encuesta,0,24,2,0,0,0,0,327,3,8,0.47,0.623,42.2,indeterminado_inclina_brecha,comercio de barrio 42/1000 viv ≥ mediana 38; competidor a 327 m del borde (vecino),2,1,,heuristica con evidencia (no es verdad de campo); no altera score
19046_0300,Vicente Guerrero 3 Sector,San Nicolás de los Garza,55,49.29,2053,40.1,19.53,54,0,6,0,1,5,1,70,0,sin encuesta,0,77,6,7,0,0,0,334,2,7,2.05,0.129,29.2,indeterminado_inclina_brecha,p(0)≈0.13 con tasa media (2.0 esperados); competidor a 334 m del borde (vecino),2,1,,heuristica con evidencia (no es verdad de campo); no altera score
19026_0310,Nuevo Almaguer,Guadalupe,56,49.19,1545,20.4,13.2,46,0,0,0,0,0,0,48,0,sin encuesta,0,61,1,1,0,0,0,512,1,3,1.54,0.214,29.8,indeterminado,competidor a 512 m del borde (vecino); comercio bajo con cobertura DENUE+Places,1,1,,heuristica con evidencia (no es verdad de campo); no altera score
19021_0281,Villas de San Francisco 2Do Sector,General Escobedo,58,48.81,680,15.15,22.29,26,1,2,1,1,0,0,31,0,sin encuesta,0,33,3,0,0,0,0,1396,0,0,0.68,0.507,42.6,indeterminado_inclina_real,p(0)≈0.51 (colonia chica); ningún competidor ≤1 km,1,2,,heuristica con evidencia (no es verdad de campo); no altera score
19039_0030,Alfonso Reyes,Monterrey,64,47.69,973,13.8,14.19,32,0,0,0,0,1,0,33,0,sin encuesta,0,37,0,1,0,0,0,398,1,5,0.97,0.378,32.9,indeterminado_inclina_brecha,competidor a 398 m del borde (vecino); sin puntos de Places en la zona (cobertura débil),2,0,,heuristica con evidencia (no es verdad de campo); no altera score
19031_0010,Arboledas de San Roque,Juárez,66,47.61,1073,22.05,20.55,27,0,2,5,1,0,0,38,0,sin encuesta,0,39,19,0,0,0,0,1325,0,0,1.07,0.342,27.0,indeterminado_inclina_real,ningún competidor ≤1 km; comercio bajo con cobertura DENUE+Places,0,2,,heuristica con evidencia (no es verdad de campo); no altera score
19026_0049,Atoyac de Alvarez,Guadalupe,67,47.35,546,10.55,19.32,17,0,1,0,0,1,0,20,0,sin encuesta,0,21,3,1,0,0,0,542,1,1,0.55,0.579,33.0,indeterminado_inclina_real,p(0)≈0.58 (colonia chica); comercio bajo con cobertura DENUE+Places,1,2,,heuristica con evidencia (no es verdad de campo); no altera score
19046_0052,Const de Queretaro 1 Sec,San Nicolás de los Garza,70,46.39,764,18.75,24.55,20,0,1,4,0,4,0,31,0,sin encuesta,0,23,2,15,0,0,0,476,2,2,0.76,0.466,27.5,indeterminado_inclina_real,p(0)≈0.47 (colonia chica); comercio bajo con cobertura DENUE+Places,1,2,,heuristica con evidencia (no es verdad de campo); no altera score
19021_0206,Privadas de Camino Real Ii,General Escobedo,81,42.64,1578,25.9,16.41,36,2,3,5,0,1,0,48,0,sin encuesta,0,40,17,1,0,0,0,1206,0,0,1.58,0.207,26.0,indeterminado_inclina_real,ningún competidor ≤1 km; comercio bajo con cobertura DENUE+Places,0,2,,heuristica con evidencia (no es verdad de campo); no altera score
19021_0184,Pedregal del Topo Chico [19021_0184],General Escobedo,84,42.35,431,5.2,12.06,13,0,0,0,0,0,0,13,0,sin encuesta,0,13,0,0,0,0,0,540,1,3,0.43,0.65,30.2,indeterminado_inclina_brecha,competidor a 540 m del borde (vecino); sin puntos de Places en la zona (cobertura débil),2,1,,heuristica con evidencia (no es verdad de campo); no altera score
19048_0232,Sarabia,Santa Catarina,91,41.34,846,12.95,15.3,23,1,1,0,0,0,0,26,0,sin encuesta,0,28,2,0,0,0,0,391,2,5,0.85,0.429,29.6,indeterminado_inclina_real,p(0)≈0.43 (colonia chica); comercio bajo con cobertura DENUE+Places,1,2,,heuristica con evidencia (no es verdad de campo); no altera score
19006_0327,Parque Industrial Intermex Industrial Campus Apodaca,Apodaca,93,40.82,955,10.55,11.04,17,0,1,2,0,1,0,21,0,sin encuesta,0,18,6,1,1,0,0,835,0,2,0.95,0.385,18.8,indeterminado,hay puntos DENUE/Places ≤300 m excluidos como industrial/marca; comercio bajo con cobertura DENUE+Places,1,1,,heuristica con evidencia (no es verdad de campo); no altera score
19021_0224,Puerta del Sol,General Escobedo,100,38.56,486,7.55,15.53,12,0,1,2,0,0,0,15,0,sin encuesta,0,13,4,0,0,0,0,1452,0,0,0.49,0.615,26.7,cero_real_probable,p(0)≈0.61 (colonia chica); ningún competidor ≤1 km; comercio bajo con cobertura DENUE+Places,0,3,,heuristica con evidencia (no es verdad de campo); no altera score
19021_0188,Portal de San Francisco Sector 20 de Noviembre,General Escobedo,107,37.33,479,7.35,15.34,14,0,1,0,1,0,0,16,0,sin encuesta,0,16,0,0,0,0,0,752,0,1,0.48,0.62,31.3,indeterminado,sin puntos de Places en la zona (cobertura débil); p(0)≈0.62 (colonia chica),1,1,,heuristica con evidencia (no es verdad de campo); no altera score
19048_0237,Union de Colonos,Santa Catarina,113,36.75,500,5.9,11.8,6,0,0,3,0,0,0,10,0,sin encuesta,0,6,8,2,0,0,0,957,0,2,0.5,0.607,12.0,indeterminado_inclina_real,p(0)≈0.61 (colonia chica); comercio bajo con cobertura DENUE+Places,0,2,,heuristica con evidencia (no es verdad de campo); no altera score
19018_0055,Hacienda Renacimiento,García,114,36.52,863,14.25,16.51,25,0,0,3,0,1,0,30,0,sin encuesta,0,29,9,1,0,0,0,534,1,1,0.86,0.422,29.0,indeterminado_inclina_real,p(0)≈0.42 (colonia chica); comercio bajo con cobertura DENUE+Places,1,2,,heuristica con evidencia (no es verdad de campo); no altera score
19039_0553,Paseo del Vergel 1Er Sector,Monterrey,120,35.62,457,5.75,12.57,10,0,0,1,0,0,0,12,0,sin encuesta,0,11,2,1,0,0,0,328,1,3,0.46,0.633,21.9,indeterminado_inclina_real,p(0)≈0.63 (colonia chica); comercio bajo con cobertura DENUE+Places,1,2,,heuristica con evidencia (no es verdad de campo); no altera score
19006_0345,Pimsa Sur,Apodaca,123,35.5,419,5.05,12.06,7,0,0,3,0,0,0,10,0,sin encuesta,0,8,2,4,1,0,0,992,0,1,0.42,0.658,16.7,indeterminado_inclina_real,p(0)≈0.66 (colonia chica); comercio bajo con cobertura DENUE+Places,1,2,,heuristica con evidencia (no es verdad de campo); no altera score
19046_0057,Constituyentes de Queretaro 4 Sec,San Nicolás de los Garza,128,34.7,821,13.95,16.99,23,0,0,3,1,2,0,29,0,sin encuesta,0,26,0,8,0,0,0,671,0,2,0.82,0.44,28.0,indeterminado,sin puntos de Places en la zona (cobertura débil); p(0)≈0.44 (colonia chica),1,1,,heuristica con evidencia (no es verdad de campo); no altera score
