cve_col,colonia,municipio,rank_base,score_base,pob_conapo,viviendas_est,viv_censo_hab_modelo,ratio_viv_est_censo,ocup_censo,n_ageb,anclas_pond,anclas_por_1000viv,anclas_por_1000viv_censo,comp_n_300m,comp_por_1000viv,comp_por_1000viv_censo,D_star,A_star,C_star,A_star_censo,C_star_censo,score_base_censo,rank_base_censo,delta_rank_censo,score_base_censo_demviv,rank_base_censo_demviv,delta_rank_censo_demviv,etiqueta
19039_0041,Ampliacion Municipal,Monterrey,1,73.73,1922,534,435,1.227,4.316995607734616,3,21.75,40.74,49.99,0,0.0,0.0,0.3929,0.9337,0.0,0.9518,0.0,74.27,1,0,73.35,2,-1,"MODELO (traslape de areas colonia-AGEB, Censo 2020; no oficial por colonia)"
19039_0289,Fomerrey 112 (San Bernabe 9),Monterrey,2,69.55,3800,1055,875,1.207,4.389788542910324,2,31.8,30.13,36.36,0,0.0,0.0,0.4465,0.7229,0.0,0.8133,0.0,72.26,2,0,71.49,3,-1,"MODELO (traslape de areas colonia-AGEB, Censo 2020; no oficial por colonia)"
19021_0247,San Miguel Residencial,General Escobedo,3,69.46,12393,3443,3394,1.014,3.602083563379732,4,57.95,16.83,17.07,0,0.0,0.0,0.878,0.1446,0.0,0.1386,0.0,69.28,4,-1,74.16,1,2,"MODELO (traslape de areas colonia-AGEB, Censo 2020; no oficial por colonia)"
19039_0167,Croc,Monterrey,4,68.73,16321,4534,3895,1.164,4.208628744578124,7,99.25,21.89,25.48,3,0.662,0.77,1.0,0.3735,0.4157,0.4277,0.4337,69.82,3,1,69.52,4,0,"MODELO (traslape de areas colonia-AGEB, Censo 2020; no oficial por colonia)"
19006_0406,Pueblo Nuevo 4To Sector,Apodaca,5,67.0,2896,805,718,1.12,4.055520537403655,3,40.55,50.4,56.45,0,0.0,0.0,0.1976,0.9699,0.0,0.9759,0.0,67.18,6,-1,67.43,5,0,"MODELO (traslape de areas colonia-AGEB, Censo 2020; no oficial por colonia)"
19006_0403,Pueblo Nuevo 1Er Sector,Apodaca,6,66.83,1575,438,393,1.113,4.024613026492362,2,28.3,64.67,72.01,0,0.0,0.0,0.1707,1.0,0.0,1.0,0.0,66.83,8,-2,67.08,6,0,"MODELO (traslape de areas colonia-AGEB, Censo 2020; no oficial por colonia)"
19039_0296,Fomerrey 24,Monterrey,7,66.3,1731,481,383,1.254,4.202176302398079,2,19.7,40.97,51.37,0,0.0,0.0,0.2028,0.9398,0.0,0.9578,0.0,66.85,7,0,66.21,9,-2,"MODELO (traslape de areas colonia-AGEB, Censo 2020; no oficial por colonia)"
19039_0321,Gloria Mendiola,Monterrey,8,65.73,6847,1902,1603,1.187,4.239000419064933,3,39.85,20.95,24.87,0,0.0,0.0,0.6266,0.3554,0.0,0.4096,0.0,67.35,5,3,66.68,8,0,"MODELO (traslape de areas colonia-AGEB, Censo 2020; no oficial por colonia)"
19046_0080,Floridos Bosques del Nogalar,San Nicolás de los Garza,9,65.66,1742,484,438,1.105,3.9750944075217296,4,25.05,51.76,57.2,0,0.0,0.0,0.1505,0.988,0.0,0.9819,0.0,65.48,12,-3,65.75,12,-3,"MODELO (traslape de areas colonia-AGEB, Censo 2020; no oficial por colonia)"
19048_0216,Rincon de Las Mitras (Fomerrey 2),Santa Catarina,10,65.2,3825,1063,933,1.139,4.027499615569464,2,30.65,28.84,32.84,0,0.0,0.0,0.3649,0.6867,0.0,0.7349,0.0,66.64,9,1,66.86,7,3,"MODELO (traslape de areas colonia-AGEB, Censo 2020; no oficial por colonia)"
19026_0236,La Playa,Guadalupe,11,64.98,1516,421,390,1.081,3.866170021635047,4,25.15,59.73,64.57,0,0.0,0.0,0.1291,0.994,0.0,0.994,0.0,64.98,14,-3,65.34,13,-2,"MODELO (traslape de areas colonia-AGEB, Censo 2020; no oficial por colonia)"
19039_0666,San Bernabe 1Er Sector,Monterrey,12,64.59,13612,3781,3434,1.101,3.969999184693197,7,84.8,22.43,24.69,2,0.529,0.582,0.8422,0.4096,0.3795,0.4036,0.3795,64.41,15,-3,66.07,10,2,"MODELO (traslape de areas colonia-AGEB, Censo 2020; no oficial por colonia)"
19048_0151,Paseo de Las Minas,Santa Catarina,13,64.01,2506,696,588,1.184,4.2595523837325215,6,16.65,23.92,28.32,0,0.0,0.0,0.4798,0.494,0.0,0.5723,0.0,66.36,10,3,65.89,11,2,"MODELO (traslape de areas colonia-AGEB, Censo 2020; no oficial por colonia)"
19046_0207,Paseo del Nogalar,San Nicolás de los Garza,14,63.54,3911,1087,906,1.199,4.197904251147367,2,34.35,31.61,37.9,0,0.0,0.0,0.2376,0.8012,0.0,0.8494,0.0,64.99,13,1,64.64,15,-1,"MODELO (traslape de areas colonia-AGEB, Censo 2020; no oficial por colonia)"
19026_0291,Miguel Hidalgo,Guadalupe,15,62.97,2483,690,644,1.071,3.871848526555924,3,23.45,34.0,36.4,0,0.0,0.0,0.1962,0.8373,0.0,0.8193,0.0,62.43,21,-6,63.05,19,-4,"MODELO (traslape de areas colonia-AGEB, Censo 2020; no oficial por colonia)"
19039_0298,Fomerrey 35 (Tierra Propia),Monterrey,16,62.63,7185,1996,1651,1.209,4.336502939933888,3,52.45,26.28,31.77,0,0.0,0.0,0.3503,0.6205,0.0,0.7169,0.0,65.52,11,5,64.9,14,2,"MODELO (traslape de areas colonia-AGEB, Censo 2020; no oficial por colonia)"
19039_0430,Lazaro Cardenas,Monterrey,17,62.41,1824,507,440,1.15,4.172803691071689,5,19.1,37.7,43.38,0,0.0,0.0,0.1326,0.9036,0.0,0.9157,0.0,62.77,19,-2,62.8,21,-4,"MODELO (traslape de areas colonia-AGEB, Censo 2020; no oficial por colonia)"
19039_0295,Fomerrey 23 ( Laderas de Topo Chico),Monterrey,18,61.83,2020,561,457,1.227,4.058400718778077,1,19.55,34.84,42.76,0,0.0,0.0,0.1587,0.8494,0.0,0.9096,0.0,63.64,17,1,63.26,17,1,"MODELO (traslape de areas colonia-AGEB, Censo 2020; no oficial por colonia)"
19039_0292,Fomerrey 115 (San Bernabe 12),Monterrey,19,61.48,4015,1115,939,1.187,4.321238791470521,3,27.1,24.3,28.85,0,0.0,0.0,0.3939,0.5241,0.0,0.5904,0.0,63.47,18,1,63.04,20,-1,"MODELO (traslape de areas colonia-AGEB, Censo 2020; no oficial por colonia)"
19048_0071,Indeco La Fama 1,Santa Catarina,20,60.75,1668,463,446,1.04,3.743315508021391,1,18.45,39.81,41.39,0,0.0,0.0,0.0775,0.9217,0.0,0.8976,0.0,60.03,23,-3,60.37,24,-4,"MODELO (traslape de areas colonia-AGEB, Censo 2020; no oficial por colonia)"
19039_0291,Fomerrey 114 (San Bernabe 13),Monterrey,21,60.6,2871,798,643,1.241,4.451311832401159,2,20.15,25.26,31.36,0,0.0,0.0,0.3312,0.5783,0.0,0.6928,0.0,64.03,16,5,63.11,18,3,"MODELO (traslape de areas colonia-AGEB, Censo 2020; no oficial por colonia)"
19026_0432,Unidad Piloto,Guadalupe,22,60.28,3524,979,812,1.206,4.225630076682271,3,22.0,22.47,27.11,0,0.0,0.0,0.4453,0.4157,0.0,0.488,0.0,62.45,20,2,61.69,22,0,"MODELO (traslape de areas colonia-AGEB, Censo 2020; no oficial por colonia)"
19021_0280,Villas de San Francisco,General Escobedo,23,59.98,13161,3656,3663,0.998,3.568025297083798,3,42.05,11.5,11.48,0,0.0,0.0,0.7405,0.012,0.0,0.006,0.0,59.8,24,-1,64.46,16,7,"MODELO (traslape de areas colonia-AGEB, Censo 2020; no oficial por colonia)"
19026_0434,Union Modelo,Guadalupe,24,59.73,1759,489,487,1.003,3.708148445711736,3,17.4,35.62,35.74,0,0.0,0.0,0.0927,0.8675,0.0,0.8072,0.0,57.92,27,-3,58.49,26,-2,"MODELO (traslape de areas colonia-AGEB, Censo 2020; no oficial por colonia)"
19021_0177,Nuevo Leon Estado de Progreso (Alianza Real),General Escobedo,25,59.51,22588,6274,5515,1.138,4.083855418811716,6,105.6,16.83,19.15,1,0.159,0.181,0.8959,0.1386,0.3494,0.1687,0.3494,60.41,22,3,60.96,23,2,"MODELO (traslape de areas colonia-AGEB, Censo 2020; no oficial por colonia)"
19039_0508,Moctezuma,Monterrey,26,59.37,2415,671,655,1.023,3.683854354920435,4,20.8,31.01,31.74,0,0.0,0.0,0.1604,0.7651,0.0,0.7108,0.0,57.74,29,-3,58.57,25,1,"MODELO (traslape de areas colonia-AGEB, Censo 2020; no oficial por colonia)"
19031_0219,Villas de San Jose 7 Sector,Juárez,27,58.57,1676,465,436,1.068,3.5289906604957286,5,15.05,32.33,34.55,0,0.0,0.0,0.1088,0.8072,0.0,0.7771,0.0,57.67,30,-3,58.02,27,0,"MODELO (traslape de areas colonia-AGEB, Censo 2020; no oficial por colonia)"
19039_0727,Topo Chico,Monterrey,28,57.79,10387,2885,2641,1.092,3.9329159615862817,5,73.05,25.32,27.66,1,0.347,0.379,0.5231,0.5843,0.3554,0.5241,0.3554,55.98,33,-5,57.19,31,-3,"MODELO (traslape de areas colonia-AGEB, Censo 2020; no oficial por colonia)"
19026_0017,25 de Noviembre,Guadalupe,29,57.16,2913,809,695,1.164,4.271017094033075,3,21.05,26.01,30.28,0,0.0,0.0,0.2227,0.6084,0.0,0.6386,0.0,58.06,26,3,58.0,28,1,"MODELO (traslape de areas colonia-AGEB, Censo 2020; no oficial por colonia)"
19039_0626,Rene Alvarez,Monterrey,30,56.42,1613,448,385,1.163,4.5517812758906375,1,10.85,24.22,28.17,0,0.0,0.0,0.272,0.5181,0.0,0.5663,0.0,57.87,28,2,57.8,30,0,"MODELO (traslape de areas colonia-AGEB, Censo 2020; no oficial por colonia)"
19039_0284,Fomerrey 1 ( Reforma ),Monterrey,31,56.12,4859,1350,1144,1.179,4.144112064907352,4,40.75,30.19,35.61,1,0.741,0.874,0.4496,0.7289,0.4578,0.8012,0.4578,58.29,25,6,57.92,29,2,"MODELO (traslape de areas colonia-AGEB, Censo 2020; no oficial por colonia)"
19039_0257,Emiliano Zapata,Monterrey,32,54.85,2145,596,621,0.96,3.481040386210417,2,16.55,27.78,26.66,0,0.0,0.0,0.1288,0.6566,0.0,0.4819,0.0,49.61,50,-18,50.66,48,-16,"MODELO (traslape de areas colonia-AGEB, Censo 2020; no oficial por colonia)"
19039_0656,Riveras del Rio,Monterrey,33,54.78,8362,2323,2059,1.128,4.032899595516757,6,40.2,17.31,19.52,2,0.861,0.971,0.8499,0.1687,0.4759,0.1867,0.4759,55.32,36,-3,56.14,33,0,"MODELO (traslape de areas colonia-AGEB, Censo 2020; no oficial por colonia)"
19039_0288,Fomerrey 110 (San Bernabe 15),Monterrey,34,54.7,3562,989,846,1.17,4.179816709501626,4,35.85,36.23,42.4,1,1.011,1.183,0.369,0.8795,0.5482,0.9036,0.5663,54.88,39,-5,54.69,37,-3,"MODELO (traslape de areas colonia-AGEB, Censo 2020; no oficial por colonia)"
19039_0550,Paseo de San Bernabe,Monterrey,35,54.09,2040,567,530,1.07,3.812918967844407,3,13.55,23.91,25.57,0,0.0,0.0,0.2408,0.4819,0.0,0.4337,0.0,52.64,40,-5,53.42,39,-4,"MODELO (traslape de areas colonia-AGEB, Censo 2020; no oficial por colonia)"
19048_0056,Eugenio Canavati,Santa Catarina,36,53.98,1630,453,375,1.206,4.386326887350605,2,10.55,23.31,28.1,0,0.0,0.0,0.2562,0.4578,0.0,0.5542,0.0,56.87,31,5,56.44,32,4,"MODELO (traslape de areas colonia-AGEB, Censo 2020; no oficial por colonia)"
19006_0405,Pueblo Nuevo 3Er Sector,Apodaca,37,53.92,6049,1680,1428,1.177,4.170025443132693,3,28.55,16.99,20.0,0,0.0,0.0,0.485,0.1506,0.0,0.2108,0.0,55.73,35,2,55.37,35,2,"MODELO (traslape de areas colonia-AGEB, Censo 2020; no oficial por colonia)"
19048_0058,Fama Iii,Santa Catarina,38,53.65,5031,1398,1120,1.248,4.534702502523525,2,34.85,24.94,31.12,1,0.716,0.893,0.4963,0.5663,0.4398,0.6807,0.4699,56.18,32,6,54.7,36,2,"MODELO (traslape de areas colonia-AGEB, Censo 2020; no oficial por colonia)"
19048_0032,Cerro de Las Mitras (Raul Salinas Lozano),Santa Catarina,39,52.91,1578,438,363,1.206,4.3369935547079255,2,10.2,23.27,28.07,0,0.0,0.0,0.2338,0.4518,0.0,0.5482,0.0,55.8,34,5,55.4,34,5,"MODELO (traslape de areas colonia-AGEB, Censo 2020; no oficial por colonia)"
19046_0021,Azteca,San Nicolás de los Garza,40,52.83,3237,899,832,1.081,3.8999127898726575,3,22.1,24.58,26.58,0,0.0,0.0,0.1641,0.5422,0.0,0.4699,0.0,50.66,47,-7,51.11,47,-7,"MODELO (traslape de areas colonia-AGEB, Censo 2020; no oficial por colonia)"
19039_0156,Constituyentes del 57,Monterrey,41,52.59,2996,832,856,0.972,3.4777509584382296,2,19.5,23.43,22.79,0,0.0,0.0,0.2123,0.4699,0.0,0.3434,0.0,48.79,55,-14,50.39,53,-12,"MODELO (traslape de areas colonia-AGEB, Censo 2020; no oficial por colonia)"
19021_0055,Fernando Amilpa,General Escobedo,42,52.42,8990,2497,2235,1.117,4.027907418062682,3,43.3,17.34,19.37,0,0.0,0.0,0.4296,0.1747,0.0,0.1807,0.0,52.61,41,1,53.19,42,0,"MODELO (traslape de areas colonia-AGEB, Censo 2020; no oficial por colonia)"
19039_0061,Argentina,Monterrey,43,52.31,1663,462,503,0.919,3.288397790055249,1,11.75,25.43,23.38,0,0.0,0.0,0.1104,0.5964,0.0,0.3614,0.0,45.26,72,-29,46.39,70,-27,"MODELO (traslape de areas colonia-AGEB, Censo 2020; no oficial por colonia)"
19048_0220,San Gilberto,Santa Catarina,44,52.23,11410,3169,2665,1.189,4.249544400669213,5,81.25,25.64,30.49,4,1.262,1.501,0.5692,0.6024,0.6205,0.6566,0.6687,52.41,43,1,51.75,45,-1,"MODELO (traslape de areas colonia-AGEB, Censo 2020; no oficial por colonia)"
19039_0684,San Martin,Monterrey,45,51.68,5267,1463,1302,1.123,4.153293663207203,4,37.05,25.32,28.45,1,0.683,0.768,0.4246,0.5904,0.4337,0.5783,0.4277,51.5,44,1,51.98,44,1,"MODELO (traslape de areas colonia-AGEB, Censo 2020; no oficial por colonia)"
19026_0461,Vicente Guerrero,Guadalupe,46,51.26,2336,649,654,0.992,3.47120992240152,4,17.4,26.81,26.61,0,0.0,0.0,0.0617,0.6265,0.0,0.4759,0.0,46.75,66,-20,47.15,66,-20,"MODELO (traslape de areas colonia-AGEB, Censo 2020; no oficial por colonia)"
19048_0033,Cimas de Las Mitras (Ampl Raul Salinas Lozano),Santa Catarina,47,51.03,1880,522,445,1.175,4.186073701792813,3,10.45,20.01,23.51,0,0.0,0.0,0.2864,0.3193,0.0,0.3675,0.0,52.48,42,5,52.29,43,4,"MODELO (traslape de areas colonia-AGEB, Censo 2020; no oficial por colonia)"
19031_0116,Monte Kristal,Juárez,48,50.84,11401,3167,3054,1.037,3.740776112681709,10,82.9,26.18,27.15,5,1.579,1.637,0.6024,0.6145,0.7229,0.494,0.7048,47.77,63,-15,50.51,50,-2,"MODELO (traslape de areas colonia-AGEB, Censo 2020; no oficial por colonia)"
19006_0407,Pueblo Nuevo 5To Sector,Apodaca,49,50.64,6211,1725,1421,1.214,4.295003734478278,2,54.0,31.3,37.99,2,1.159,1.407,0.3714,0.7831,0.5904,0.8554,0.6446,51.18,46,3,50.46,52,-3,"MODELO (traslape de areas colonia-AGEB, Censo 2020; no oficial por colonia)"
19039_0433,Libertadores de America,Monterrey,50,50.33,2556,710,538,1.319,4.625198731166154,2,12.85,18.1,23.86,0,0.0,0.0,0.3501,0.2108,0.0,0.3735,0.0,55.21,37,13,53.47,38,12,"MODELO (traslape de areas colonia-AGEB, Censo 2020; no oficial por colonia)"
19031_0057,Hector Caballero,Juárez,51,50.24,4119,1144,1038,1.102,3.91863474536689,4,22.65,19.79,21.82,0,0.0,0.0,0.2802,0.3012,0.0,0.2952,0.0,50.06,49,2,50.6,49,2,"MODELO (traslape de areas colonia-AGEB, Censo 2020; no oficial por colonia)"
19031_0109,Los Valles 2Do Sector,Juárez,52,49.62,1708,474,421,1.127,4.048859934853421,1,11.0,23.19,26.13,0,0.0,0.0,0.1561,0.4458,0.0,0.4398,0.0,49.44,52,0,49.6,58,-6,"MODELO (traslape de areas colonia-AGEB, Censo 2020; no oficial por colonia)"
19039_0518,Niño Artillero,Monterrey,53,49.56,5147,1430,1544,0.926,3.30539335668807,6,51.3,35.88,33.22,2,1.399,1.295,0.3355,0.8735,0.6687,0.753,0.6024,47.94,60,-7,51.26,46,7,"MODELO (traslape de areas colonia-AGEB, Censo 2020; no oficial por colonia)"
19006_0310,Noria Norte,Apodaca,54,49.4,7136,1982,1892,1.048,3.687122542627954,3,57.35,28.93,30.31,1,0.504,0.528,0.2365,0.6988,0.3675,0.6446,0.3675,47.77,62,-8,48.74,59,-5,"MODELO (traslape de areas colonia-AGEB, Censo 2020; no oficial por colonia)"
19046_0300,Vicente Guerrero 3 Sector,San Nicolás de los Garza,55,49.29,7390,2053,1927,1.065,3.803201119172285,6,40.1,19.53,20.81,0,0.0,0.0,0.2745,0.2771,0.0,0.2711,0.0,49.11,53,2,50.04,55,0,"MODELO (traslape de areas colonia-AGEB, Censo 2020; no oficial por colonia)"
19026_0310,Nuevo Almaguer,Guadalupe,56,49.19,5563,1545,1368,1.129,4.090879526959804,4,20.4,13.2,14.91,0,0.0,0.0,0.4482,0.0422,0.0,0.0723,0.0,50.1,48,8,50.51,51,5,"MODELO (traslape de areas colonia-AGEB, Censo 2020; no oficial por colonia)"
19039_0725,Tierra Y Libertad,Monterrey,57,49.12,4940,1372,1062,1.293,4.672994448464202,4,49.95,36.4,47.05,3,2.186,2.826,0.4508,0.8855,0.8494,0.9398,0.8916,49.48,51,6,47.56,65,-8,"MODELO (traslape de areas colonia-AGEB, Censo 2020; no oficial por colonia)"
19021_0281,Villas de San Francisco 2Do Sector,General Escobedo,58,48.81,2446,680,711,0.956,3.508577634413384,3,15.15,22.29,21.32,0,0.0,0.0,0.1766,0.3916,0.0,0.2771,0.0,45.38,71,-13,46.85,69,-11,"MODELO (traslape de areas colonia-AGEB, Censo 2020; no oficial por colonia)"
19026_0072,Cañada Blanca,Guadalupe,59,48.71,12893,3581,3306,1.083,3.888915553310272,4,72.85,20.34,22.04,2,0.558,0.605,0.5083,0.3313,0.3855,0.3193,0.3855,48.34,59,0,49.69,56,3,"MODELO (traslape de areas colonia-AGEB, Censo 2020; no oficial por colonia)"
19039_0293,Fomerrey 116 (San Bernabe 8),Monterrey,60,48.46,5410,1503,1197,1.256,4.38629653658471,3,36.2,24.09,30.25,1,0.665,0.836,0.3982,0.506,0.4217,0.6325,0.4518,51.35,45,15,50.07,54,6,"MODELO (traslape de areas colonia-AGEB, Censo 2020; no oficial por colonia)"
19031_0108,Los Valles,Juárez,61,48.17,2020,561,522,1.075,3.878884987074561,3,20.5,36.54,39.29,1,1.782,1.917,0.3504,0.8976,0.759,0.8795,0.7952,46.55,67,-6,47.59,64,-3,"MODELO (traslape de areas colonia-AGEB, Censo 2020; no oficial por colonia)"
19039_0287,Fomerrey 109 (San Bernabe 14),Monterrey,62,48.08,3239,900,760,1.184,4.283960211622395,2,29.8,33.12,39.2,1,1.111,1.315,0.2804,0.8133,0.5843,0.8735,0.6145,48.99,54,8,48.72,60,2,"MODELO (traslape de areas colonia-AGEB, Censo 2020; no oficial por colonia)"
19039_0250,El Porvenir,Monterrey,63,47.75,4167,1158,981,1.18,4.114321367980832,3,28.9,24.97,29.47,1,0.864,1.02,0.3759,0.5723,0.4819,0.6024,0.506,47.93,61,2,47.61,63,0,"MODELO (traslape de areas colonia-AGEB, Censo 2020; no oficial por colonia)"
19039_0030,Alfonso Reyes,Monterrey,64,47.69,3501,973,897,1.084,3.9068725917968417,4,13.8,14.19,15.38,0,0.0,0.0,0.406,0.0482,0.0,0.0783,0.0,48.59,57,7,49.65,57,7,"MODELO (traslape de areas colonia-AGEB, Censo 2020; no oficial por colonia)"
19039_0343,Independencia,Monterrey,65,47.66,29734,8260,8331,0.991,3.55052012110401,14,122.35,14.81,14.69,6,0.726,0.72,0.7261,0.0663,0.4458,0.0602,0.4096,48.56,58,7,53.36,40,25,"MODELO (traslape de areas colonia-AGEB, Censo 2020; no oficial por colonia)"
19031_0010,Arboledas de San Roque,Juárez,66,47.61,3862,1073,917,1.169,4.062370062370063,1,22.05,20.55,24.04,0,0.0,0.0,0.1826,0.3434,0.0,0.3795,0.0,48.69,56,10,48.6,61,5,"MODELO (traslape de areas colonia-AGEB, Censo 2020; no oficial por colonia)"
19026_0049,Atoyac de Alvarez,Guadalupe,67,47.35,1966,546,377,1.448,4.534791252485089,1,10.55,19.32,27.98,0,0.0,0.0,0.2304,0.2711,0.0,0.5301,0.0,55.12,38,29,53.25,41,26,"MODELO (traslape de areas colonia-AGEB, Censo 2020; no oficial por colonia)"
19031_0154,Rancho Viejo,Juárez,68,46.59,4390,1219,1098,1.111,3.732626444083386,7,42.1,34.52,38.36,7,5.74,6.378,0.5276,0.8434,0.994,0.8614,0.994,47.13,64,4,47.96,62,6,"MODELO (traslape de areas colonia-AGEB, Censo 2020; no oficial por colonia)"
19006_0404,Pueblo Nuevo 2Do Sector,Apodaca,69,46.45,4035,1121,995,1.127,4.115015672140352,3,27.0,24.09,27.15,1,0.892,1.006,0.4023,0.5,0.488,0.5,0.488,46.45,68,1,46.85,68,1,"MODELO (traslape de areas colonia-AGEB, Censo 2020; no oficial por colonia)"
19046_0052,Const de Queretaro 1 Sec,San Nicolás de los Garza,70,46.39,2750,764,852,0.897,3.258893280632411,1,18.75,24.55,22.02,0,0.0,0.0,0.0077,0.5361,0.0,0.3133,0.0,39.71,97,-27,39.79,97,-27,"MODELO (traslape de areas colonia-AGEB, Censo 2020; no oficial por colonia)"
19021_0052,Eulalio Villarreal,General Escobedo,71,45.26,1707,474,391,1.211,4.040035566281408,2,23.95,50.51,61.18,1,2.109,2.554,0.2821,0.9759,0.8434,0.988,0.8494,45.44,69,2,44.92,73,-2,"MODELO (traslape de areas colonia-AGEB, Censo 2020; no oficial por colonia)"
19018_0077,Los Nogales,García,72,45.09,2197,610,550,1.109,3.897650621917715,2,29.0,47.52,52.7,1,1.639,1.817,0.2102,0.9578,0.7349,0.9699,0.759,44.73,75,-3,45.09,72,0,"MODELO (traslape de areas colonia-AGEB, Censo 2020; no oficial por colonia)"
19039_0002,10 de Marzo,Monterrey,73,45.03,2521,700,589,1.19,4.166644464169927,3,22.0,31.41,37.38,1,1.428,1.699,0.2898,0.7892,0.6747,0.8373,0.7169,45.21,73,0,44.87,76,-3,"MODELO (traslape de areas colonia-AGEB, Censo 2020; no oficial por colonia)"
19006_0361,Prados de La Cieneguita,Apodaca,74,44.84,7333,2037,1750,1.164,4.159863945578231,1,58.05,28.5,33.16,6,2.946,3.428,0.5473,0.6747,0.9096,0.747,0.9096,47.01,65,9,46.85,67,7,"MODELO (traslape de areas colonia-AGEB, Censo 2020; no oficial por colonia)"
19021_0174,Nueva Esperanza,General Escobedo,75,44.46,7610,2114,1829,1.156,4.174840539144348,3,50.2,23.75,27.45,2,0.946,1.094,0.384,0.4759,0.506,0.512,0.5301,44.82,74,1,44.81,77,-2,"MODELO (traslape de areas colonia-AGEB, Censo 2020; no oficial por colonia)"
19048_0115,Lomas de La Fama,Santa Catarina,76,43.94,3909,1086,901,1.206,4.264031458800974,2,22.2,20.44,24.65,1,0.921,1.11,0.4706,0.3373,0.5,0.3976,0.5361,44.67,76,0,43.88,80,-4,"MODELO (traslape de areas colonia-AGEB, Censo 2020; no oficial por colonia)"
19021_0002,18 de Octubre,General Escobedo,77,43.86,7038,1955,1739,1.124,4.011749908962453,4,34.5,17.65,19.83,1,0.511,0.575,0.491,0.1807,0.3735,0.2048,0.3735,44.58,77,0,45.13,71,6,"MODELO (traslape de areas colonia-AGEB, Censo 2020; no oficial por colonia)"
19039_0637,Revolucion Proletaria,Monterrey,78,43.57,2990,830,688,1.206,4.283595815794676,4,23.85,28.72,34.65,1,1.204,1.453,0.2851,0.6807,0.6084,0.7831,0.6506,45.38,70,8,44.9,75,3,"MODELO (traslape de areas colonia-AGEB, Censo 2020; no oficial por colonia)"
19021_0183,Pedregal del Topo Chico [19021_0183],General Escobedo,79,43.56,9397,2610,2327,1.122,3.988504225070024,4,51.7,19.81,22.22,1,0.383,0.43,0.3797,0.3072,0.3614,0.3373,0.3614,44.47,78,1,44.92,74,5,"MODELO (traslape de areas colonia-AGEB, Censo 2020; no oficial por colonia)"
19039_0770,Valle de Santa Lucia (Granja Sanitaria),Monterrey,80,43.09,18466,5129,4935,1.039,3.744566289552052,8,100.5,19.59,20.37,5,0.975,1.013,0.4944,0.2892,0.512,0.2229,0.494,41.64,87,-7,43.84,81,-1,"MODELO (traslape de areas colonia-AGEB, Censo 2020; no oficial por colonia)"
19021_0206,Privadas de Camino Real Ii,General Escobedo,81,42.64,5682,1578,1520,1.039,3.69967663702506,1,25.9,16.41,17.04,0,0.0,0.0,0.2256,0.1205,0.0,0.1325,0.0,43.0,82,-1,44.01,78,3,"MODELO (traslape de areas colonia-AGEB, Censo 2020; no oficial por colonia)"
19018_0002,Ampl Los Nogales ( El Polvorin ),García,82,42.4,3497,971,933,1.041,3.783261514611191,3,38.35,39.48,41.1,2,2.059,2.144,0.2513,0.9157,0.8373,0.8916,0.8313,41.86,85,-3,42.96,86,-4,"MODELO (traslape de areas colonia-AGEB, Censo 2020; no oficial por colonia)"
19026_0070,Campestre La Silla,Guadalupe,83,42.4,2488,691,620,1.115,4.032347816824176,3,19.95,28.87,32.2,1,1.447,1.614,0.3099,0.6928,0.6928,0.7289,0.6928,43.48,80,3,43.92,79,4,"MODELO (traslape de areas colonia-AGEB, Censo 2020; no oficial por colonia)"
19021_0184,Pedregal del Topo Chico [19021_0184],General Escobedo,84,42.35,1552,431,403,1.071,3.872839014999121,4,5.2,12.06,12.91,0,0.0,0.0,0.2908,0.0241,0.0,0.0241,0.0,42.35,84,0,43.27,85,-1,"MODELO (traslape de areas colonia-AGEB, Censo 2020; no oficial por colonia)"
19039_0664,San Angel Sur ( Los Remates ),Monterrey,85,42.16,11197,3110,2770,1.123,4.053035988550526,6,61.3,19.71,22.13,2,0.643,0.722,0.3807,0.2952,0.3976,0.3253,0.4157,42.52,83,2,42.96,87,-2,"MODELO (traslape de areas colonia-AGEB, Censo 2020; no oficial por colonia)"
19039_0104,Burocratas Municipales,Monterrey,86,42.1,9806,2724,2299,1.185,4.199739737909525,6,51.05,18.74,22.2,4,1.469,1.74,0.6458,0.247,0.7048,0.3313,0.7229,44.09,79,7,43.44,84,2,"MODELO (traslape de areas colonia-AGEB, Censo 2020; no oficial por colonia)"
19039_0345,Industrial,Monterrey,87,42.0,8460,2350,2435,0.965,3.455492705966952,7,53.5,22.77,21.97,3,1.277,1.232,0.4581,0.4217,0.6325,0.3072,0.5783,40.19,95,-8,43.8,82,5,"MODELO (traslape de areas colonia-AGEB, Censo 2020; no oficial por colonia)"
19026_0220,Josefa Zozaya 2Do Sector,Guadalupe,88,41.7,1941,539,523,1.03,3.7451513764167537,5,23.65,43.87,45.19,1,1.855,1.911,0.175,0.9458,0.7892,0.9277,0.7831,41.34,89,-1,42.19,89,-1,"MODELO (traslape de areas colonia-AGEB, Censo 2020; no oficial por colonia)"
19039_0381,La Altamira,Monterrey,89,41.6,6979,1939,1725,1.124,3.99365968425376,4,31.65,16.33,18.35,2,1.032,1.159,0.6244,0.1145,0.5602,0.1566,0.5542,43.05,81,8,43.74,83,6,"MODELO (traslape de areas colonia-AGEB, Censo 2020; no oficial por colonia)"
19021_0040,Colinas del Topo Chico,General Escobedo,90,41.43,2080,578,632,0.914,3.409109347692315,2,22.4,38.78,35.43,1,1.731,1.581,0.1637,0.9096,0.747,0.7952,0.6807,39.98,96,-6,41.71,91,-1,"MODELO (traslape de areas colonia-AGEB, Censo 2020; no oficial por colonia)"
19048_0232,Sarabia,Santa Catarina,91,41.34,3047,846,837,1.012,3.6882519715909226,5,12.95,15.3,15.48,0,0.0,0.0,0.2248,0.0783,0.0,0.0843,0.0,41.52,88,3,42.8,88,3,"MODELO (traslape de areas colonia-AGEB, Censo 2020; no oficial por colonia)"
19021_0103,La Unidad,General Escobedo,92,41.01,9683,2690,2470,1.089,3.956711977163917,5,50.45,18.76,20.42,2,0.744,0.81,0.4288,0.259,0.4639,0.2349,0.4458,40.83,91,1,41.87,90,2,"MODELO (traslape de areas colonia-AGEB, Censo 2020; no oficial por colonia)"
19006_0327,Parque Industrial Intermex Industrial Campus Apodaca,Apodaca,93,40.82,3439,955,837,1.141,3.9672544080604535,2,10.55,11.04,12.6,0,0.0,0.0,0.2661,0.006,0.0,0.0181,0.0,41.19,90,3,41.31,93,0,"MODELO (traslape de areas colonia-AGEB, Censo 2020; no oficial por colonia)"
19021_0175,Nuevo Escobedo,General Escobedo,94,40.47,4865,1351,1243,1.087,3.855749177845597,5,31.0,22.94,24.93,1,0.74,0.804,0.2798,0.4277,0.4518,0.4217,0.4398,40.65,94,0,41.35,92,2,"MODELO (traslape de areas colonia-AGEB, Censo 2020; no oficial por colonia)"
19048_0021,Balcones de Santa Catarina ( Fomerrey 134),Santa Catarina,95,40.11,3533,981,827,1.186,4.251263374462221,4,24.25,24.71,29.31,1,1.019,1.209,0.2482,0.5602,0.5542,0.5964,0.5723,40.65,93,2,40.39,95,0,"MODELO (traslape de areas colonia-AGEB, Censo 2020; no oficial por colonia)"
19039_0663,San Angel Norte,Monterrey,96,39.57,1551,431,369,1.169,4.021279266923343,3,17.3,40.14,46.91,1,2.32,2.712,0.1986,0.9277,0.8735,0.9337,0.8795,39.57,99,-3,39.48,100,-4,"MODELO (traslape de areas colonia-AGEB, Censo 2020; no oficial por colonia)"
19031_0009,Arboledas de Los Naranjos,Juárez,97,39.07,1547,430,389,1.104,3.987498772978704,3,15.7,36.53,40.34,1,2.327,2.57,0.2176,0.8916,0.8795,0.8855,0.8554,39.61,98,-1,40.01,96,1,"MODELO (traslape de areas colonia-AGEB, Censo 2020; no oficial por colonia)"
19026_0021,31 de Diciembre,Guadalupe,98,38.78,2774,771,742,1.038,3.722344930537605,2,23.85,30.95,32.13,1,1.298,1.347,0.1382,0.759,0.6506,0.7229,0.6205,38.6,102,-4,39.22,102,-4,"MODELO (traslape de areas colonia-AGEB, Censo 2020; no oficial por colonia)"
19039_0299,Fomerrey 45,Monterrey,99,38.7,3577,994,768,1.293,4.512532981530343,1,24.3,24.46,31.62,1,1.006,1.301,0.2266,0.5301,0.5422,0.6988,0.6084,41.77,86,13,40.81,94,5,"MODELO (traslape de areas colonia-AGEB, Censo 2020; no oficial por colonia)"
19021_0224,Puerta del Sol,General Escobedo,100,38.56,1750,486,469,1.037,3.698132520601386,2,7.55,15.53,16.1,0,0.0,0.0,0.1417,0.0964,0.0,0.1084,0.0,38.92,100,0,39.57,99,1,"MODELO (traslape de areas colonia-AGEB, Censo 2020; no oficial por colonia)"
19021_0057,Fomerrey 9 (Solidaridad Social),General Escobedo,101,38.26,4292,1192,1149,1.037,3.702770003548755,4,41.95,35.19,36.5,3,2.516,2.61,0.2337,0.8554,0.8916,0.8313,0.8675,38.26,103,-2,39.33,101,0,"MODELO (traslape de areas colonia-AGEB, Censo 2020; no oficial por colonia)"
19026_0013,2 de Mayo,Guadalupe,102,38.12,2823,784,736,1.066,3.846589026717389,3,22.95,29.27,31.2,1,1.275,1.359,0.1443,0.7048,0.6265,0.6867,0.6386,37.22,110,-8,37.7,109,-7,"MODELO (traslape de areas colonia-AGEB, Censo 2020; no oficial por colonia)"
19021_0056,Fomerrey 36,General Escobedo,103,37.68,4169,1158,1020,1.135,3.9949364885447705,2,35.6,30.74,34.89,4,3.454,3.92,0.3185,0.753,0.9217,0.7892,0.9398,38.22,104,-1,38.45,104,-1,"MODELO (traslape de areas colonia-AGEB, Censo 2020; no oficial por colonia)"
19021_0248,Santa Lucia,General Escobedo,104,37.68,1903,529,536,0.986,3.702449244508673,4,26.5,50.13,49.45,2,3.783,3.732,0.1694,0.9639,0.9337,0.9458,0.9337,37.14,111,-7,38.3,105,-1,"MODELO (traslape de areas colonia-AGEB, Censo 2020; no oficial por colonia)"
19021_0006,Agropecuaria Emiliano Zapata (Col Nueva Esperanza),General Escobedo,105,37.52,5397,1499,1338,1.121,4.002429772982734,4,33.35,22.24,24.93,1,0.667,0.748,0.2196,0.3855,0.4277,0.4157,0.4217,38.6,101,4,38.87,103,2,"MODELO (traslape de areas colonia-AGEB, Censo 2020; no oficial por colonia)"
19021_0239,Rivera de Los Naranjos,General Escobedo,106,37.47,2619,728,670,1.085,3.8522890467398354,5,13.6,18.69,20.29,1,1.374,1.492,0.5031,0.241,0.6627,0.2169,0.6627,36.75,113,-7,38.04,106,0,"MODELO (traslape de areas colonia-AGEB, Censo 2020; no oficial por colonia)"
19021_0188,Portal de San Francisco Sector 20 de Noviembre,General Escobedo,107,37.33,1725,479,493,0.971,3.53819139596137,1,7.35,15.34,14.9,0,0.0,0.0,0.1156,0.0904,0.0,0.0663,0.0,36.61,114,-7,37.49,111,-4,"MODELO (traslape de areas colonia-AGEB, Censo 2020; no oficial por colonia)"
19039_0112,Carmen Serdan,Monterrey,108,37.31,2150,597,536,1.115,4.155598139016901,3,20.1,33.65,37.51,2,3.348,3.732,0.2461,0.8313,0.9157,0.8434,0.9277,37.31,107,1,37.67,110,-2,"MODELO (traslape de areas colonia-AGEB, Censo 2020; no oficial por colonia)"
19048_0195,Puerta del Sol,Santa Catarina,109,37.26,2669,741,675,1.098,4.004412109708241,4,26.25,35.41,38.88,3,4.046,4.443,0.2583,0.8614,0.9639,0.8675,0.9699,37.26,108,1,37.8,107,2,"MODELO (traslape de areas colonia-AGEB, Censo 2020; no oficial por colonia)"
19046_0081,Fomerrey 129 (Mirador San Nicolas),San Nicolás de los Garza,110,37.23,3591,998,864,1.155,4.147557285436766,4,23.85,23.91,27.6,1,1.002,1.157,0.2168,0.488,0.5361,0.5181,0.5482,37.77,105,5,37.77,108,2,"MODELO (traslape de areas colonia-AGEB, Censo 2020; no oficial por colonia)"
19039_0741,Unidad Pedreras ( Fomerrey 106 ),Monterrey,111,37.12,3991,1109,892,1.243,4.5150999021695215,4,30.5,27.51,34.21,3,2.706,3.365,0.3769,0.6386,0.9036,0.759,0.9036,40.74,92,19,39.67,98,13,"MODELO (traslape de areas colonia-AGEB, Censo 2020; no oficial por colonia)"
19021_0251,Serranias,General Escobedo,112,36.79,1810,503,508,0.99,3.583070938333187,5,22.65,45.04,44.61,1,1.989,1.97,0.0793,0.9518,0.8313,0.9217,0.8072,36.61,115,-3,37.13,113,-1,"MODELO (traslape de areas colonia-AGEB, Censo 2020; no oficial por colonia)"
19048_0237,Union de Colonos,Santa Catarina,113,36.75,1800,500,485,1.031,3.767318593029448,2,5.9,11.8,12.16,0,0.0,0.0,0.1553,0.0181,0.0,0.012,0.0,36.57,116,-3,37.32,112,1,"MODELO (traslape de areas colonia-AGEB, Censo 2020; no oficial por colonia)"
19018_0055,Hacienda Renacimiento,García,114,36.52,3106,863,975,0.885,3.2824151522096736,2,14.25,16.51,14.62,0,0.0,0.0,0.0637,0.1325,0.0,0.0542,0.0,34.17,129,-15,34.95,128,-14,"MODELO (traslape de areas colonia-AGEB, Censo 2020; no oficial por colonia)"
19031_0117,Monte Kristal 4To Sector,Juárez,115,36.48,2053,570,547,1.043,3.791982839571757,2,17.35,30.42,31.73,1,1.753,1.829,0.1665,0.747,0.753,0.7048,0.7711,34.67,127,-12,35.39,125,-10,"MODELO (traslape de areas colonia-AGEB, Censo 2020; no oficial por colonia)"
19026_0316,Nuevo San Rafael,Guadalupe,116,36.47,6128,1702,1552,1.097,3.955261337306936,4,30.65,18.01,19.75,1,0.588,0.644,0.3019,0.2048,0.3916,0.1928,0.3916,36.11,117,-1,36.76,116,0,"MODELO (traslape de areas colonia-AGEB, Censo 2020; no oficial por colonia)"
19026_0160,Garza Melo,Guadalupe,117,36.39,1740,483,472,1.023,3.8272698827899903,2,24.6,50.9,52.08,2,4.138,4.234,0.1506,0.9819,0.9699,0.9639,0.9639,36.02,118,-1,36.8,115,2,"MODELO (traslape de areas colonia-AGEB, Censo 2020; no oficial por colonia)"
19048_0014,Arboledas de Las Mitras (Carlos Salinas de Gortari),Santa Catarina,118,35.87,2504,695,613,1.134,4.131781401596161,2,16.25,23.36,26.49,1,1.438,1.63,0.3095,0.4639,0.6807,0.4639,0.6988,35.33,122,-4,35.57,124,-6,"MODELO (traslape de areas colonia-AGEB, Censo 2020; no oficial por colonia)"
19039_0314,Francisco Villa,Monterrey,119,35.63,6182,1717,1457,1.178,4.116391966576532,3,38.5,22.42,26.42,4,2.33,2.745,0.5021,0.4036,0.8855,0.4578,0.8855,37.25,109,10,36.86,114,5,"MODELO (traslape de areas colonia-AGEB, Censo 2020; no oficial por colonia)"
19039_0553,Paseo del Vergel 1Er Sector,Monterrey,120,35.62,1646,457,442,1.036,3.8056279312141754,1,5.75,12.57,13.02,0,0.0,0.0,0.1133,0.0361,0.0,0.0301,0.0,35.44,121,-1,35.96,120,0,"MODELO (traslape de areas colonia-AGEB, Censo 2020; no oficial por colonia)"
19039_0316,Fray Servando Teresa de Mier (Fomerrey 6 ),Monterrey,121,35.58,1601,445,378,1.175,4.327347773255927,2,13.8,31.03,36.46,1,2.249,2.642,0.2072,0.7711,0.8614,0.8253,0.8735,36.84,112,9,36.7,117,4,"MODELO (traslape de areas colonia-AGEB, Censo 2020; no oficial por colonia)"
19039_0384,La Condesa,Monterrey,122,35.56,3040,844,775,1.09,3.824021535133349,5,20.45,24.22,26.4,1,1.184,1.291,0.2067,0.512,0.6024,0.4518,0.5964,33.93,131,-9,34.43,131,-9,"MODELO (traslape de areas colonia-AGEB, Censo 2020; no oficial por colonia)"
19006_0345,Pimsa Sur,Apodaca,123,35.5,1508,419,370,1.131,3.967254408060454,1,5.05,12.06,13.64,0,0.0,0.0,0.1148,0.0301,0.0,0.0361,0.0,35.68,119,4,35.78,121,2,"MODELO (traslape de areas colonia-AGEB, Censo 2020; no oficial por colonia)"
19039_0383,La Campana,Monterrey,124,35.39,3371,937,850,1.102,3.9263995388710393,4,18.3,19.54,21.54,1,1.068,1.177,0.347,0.2831,0.5663,0.2831,0.5602,35.57,120,4,36.24,119,5,"MODELO (traslape de areas colonia-AGEB, Censo 2020; no oficial por colonia)"
19048_0065,Hacienda Santa Catarina (Fomerrey 29),Santa Catarina,125,35.2,3698,1027,945,1.086,3.963690588392844,2,32.35,31.5,34.22,5,4.868,5.289,0.2745,0.7952,0.988,0.7651,0.988,34.29,128,-3,34.99,127,-2,"MODELO (traslape de areas colonia-AGEB, Censo 2020; no oficial por colonia)"
19046_0036,Carmen Romano,San Nicolás de los Garza,126,35.14,5582,1551,1412,1.098,3.915205347156887,3,28.8,18.57,20.39,1,0.645,0.708,0.2595,0.2289,0.4036,0.2289,0.4036,35.14,124,2,35.68,122,4,"MODELO (traslape de areas colonia-AGEB, Censo 2020; no oficial por colonia)"
19039_0739,Unidad del Pueblo,Monterrey,127,34.91,2877,799,632,1.264,4.63370263888421,2,17.7,22.15,28.0,1,1.251,1.582,0.299,0.3795,0.6145,0.5361,0.6867,37.44,106,21,36.41,118,9,"MODELO (traslape de areas colonia-AGEB, Censo 2020; no oficial por colonia)"
19046_0057,Constituyentes de Queretaro 4 Sec,San Nicolás de los Garza,128,34.7,2955,821,837,0.98,3.4813397129186603,1,13.95,16.99,16.66,0,0.0,0.0,0.0,0.1566,0.0,0.1205,0.0,33.61,135,-7,33.61,134,-6,"MODELO (traslape de areas colonia-AGEB, Censo 2020; no oficial por colonia)"
19039_0318,Garza Nieto,Monterrey,129,34.62,3625,1007,960,1.049,3.763546839077826,2,29.8,29.59,31.04,4,3.972,4.166,0.3008,0.7108,0.9578,0.6747,0.9578,33.54,136,-7,34.76,129,0,"MODELO (traslape de areas colonia-AGEB, Censo 2020; no oficial por colonia)"
19021_0061,Gloria Mendiola,General Escobedo,130,34.5,3345,929,777,1.196,4.220143682676497,2,8.65,9.31,11.13,1,1.076,1.287,0.5416,0.0,0.5723,0.0,0.5904,33.95,130,0,33.22,137,-7,"MODELO (traslape de areas colonia-AGEB, Censo 2020; no oficial por colonia)"
19039_0525,Nueva Estanzuela,Monterrey,131,34.42,3936,1093,996,1.098,4.016519169895198,4,20.5,18.75,20.58,1,0.915,1.004,0.2913,0.253,0.494,0.259,0.4819,34.97,125,6,35.57,123,8,"MODELO (traslape de areas colonia-AGEB, Censo 2020; no oficial por colonia)"
19026_0457,Valles del Sol,Guadalupe,132,34.2,4837,1344,1216,1.105,3.9690965115365024,4,37.1,27.61,30.51,3,2.233,2.467,0.2585,0.6506,0.8554,0.6627,0.8434,34.92,126,6,35.39,126,6,"MODELO (traslape de areas colonia-AGEB, Censo 2020; no oficial por colonia)"
19039_0290,Fomerrey 113 (San Bernabe 9),Monterrey,133,33.77,7338,2038,1665,1.224,4.476968397197229,3,38.5,18.89,23.13,3,1.472,1.802,0.4285,0.2651,0.7108,0.3554,0.753,35.21,123,10,34.24,133,0,"MODELO (traslape de areas colonia-AGEB, Censo 2020; no oficial por colonia)"
19039_0091,Bosques de La Estanzuela,Monterrey,134,33.7,3631,1008,916,1.101,4.038841464040111,4,18.1,17.95,19.75,1,0.992,1.091,0.3365,0.1988,0.5241,0.1988,0.5241,33.7,134,0,34.37,132,2,"MODELO (traslape de areas colonia-AGEB, Censo 2020; no oficial por colonia)"
19039_0297,Fomerrey 25,Monterrey,135,33.42,3941,1095,926,1.182,4.151167884259884,3,25.3,23.11,27.32,2,1.827,2.159,0.3431,0.4398,0.7831,0.506,0.8373,33.78,133,2,33.47,136,-1,"MODELO (traslape de areas colonia-AGEB, Censo 2020; no oficial por colonia)"
19039_0711,Sierra Ventana,Monterrey,136,33.26,9068,2519,2287,1.101,3.925569468204892,5,47.05,18.68,20.57,4,1.588,1.749,0.4521,0.2349,0.7289,0.253,0.7289,33.81,132,4,34.7,130,6,"MODELO (traslape de areas colonia-AGEB, Censo 2020; no oficial por colonia)"
19026_0183,Ignacio Zaragoza,Guadalupe,137,33.19,3049,847,900,0.941,3.441881179933345,4,23.55,27.81,26.17,1,1.181,1.111,0.0301,0.6627,0.5964,0.4458,0.5422,28.31,151,-14,28.59,151,-14,"MODELO (traslape de areas colonia-AGEB, Censo 2020; no oficial por colonia)"
19021_0250,Santa Martha,General Escobedo,138,32.83,3859,1072,937,1.143,4.05911644814454,2,26.35,24.58,28.11,2,1.866,2.133,0.2559,0.5482,0.7952,0.5602,0.8193,32.46,138,0,32.57,138,0,"MODELO (traslape de areas colonia-AGEB, Censo 2020; no oficial por colonia)"
19039_0784,Venustiano Carranza,Monterrey,139,32.56,1870,520,567,0.917,3.3139393939393944,2,17.25,33.2,30.43,1,1.925,1.764,0.0549,0.8193,0.8072,0.6506,0.7349,29.67,144,-5,30.24,143,-4,"MODELO (traslape de areas colonia-AGEB, Censo 2020; no oficial por colonia)"
19039_0038,Alvaro Obregon,Monterrey,140,32.51,5547,1541,1509,1.021,3.7044264162580953,3,30.85,20.02,20.44,1,0.649,0.663,0.126,0.3253,0.4096,0.241,0.3976,30.34,142,-2,31.01,141,-1,"MODELO (traslape de areas colonia-AGEB, Censo 2020; no oficial por colonia)"
19046_0292,Valle del Mezquital,San Nicolás de los Garza,141,32.35,3637,1010,917,1.101,3.9377135412397295,3,22.55,22.32,24.58,1,0.99,1.09,0.149,0.3976,0.5181,0.3916,0.5181,32.16,139,2,32.46,139,2,"MODELO (traslape de areas colonia-AGEB, Censo 2020; no oficial por colonia)"
19046_0147,Lagos de Chapultepec,San Nicolás de los Garza,142,32.27,1581,439,388,1.133,4.139294004766473,2,13.35,30.4,34.43,1,2.277,2.579,0.1517,0.741,0.8675,0.7711,0.8614,33.36,137,5,33.48,135,7,"MODELO (traslape de areas colonia-AGEB, Censo 2020; no oficial por colonia)"
19018_0010,Brisas Residencial,García,143,31.83,1983,551,557,0.989,3.499284468450094,2,16.5,29.96,29.62,1,1.815,1.795,0.0863,0.7169,0.7711,0.6084,0.747,29.3,148,-5,29.88,147,-4,"MODELO (traslape de areas colonia-AGEB, Censo 2020; no oficial por colonia)"
19039_0039,America 2,Monterrey,144,31.81,1814,504,501,1.006,3.725385739464471,5,14.05,27.88,28.06,1,1.985,1.997,0.1628,0.6687,0.8253,0.5422,0.8133,28.38,150,-6,29.34,149,-5,"MODELO (traslape de areas colonia-AGEB, Censo 2020; no oficial por colonia)"
19018_0003,Ampliacion Cerritos,García,145,30.88,1832,509,553,0.92,3.321927991002492,3,16.9,33.21,30.56,2,3.93,3.616,0.1168,0.8253,0.9518,0.6687,0.9217,27.08,153,-8,28.28,152,-7,"MODELO (traslape de areas colonia-AGEB, Censo 2020; no oficial por colonia)"
19026_0460,Vicente Ferrer,Guadalupe,146,30.78,2082,578,523,1.107,4.025643316415449,3,11.95,20.66,22.86,1,1.729,1.913,0.3131,0.3494,0.741,0.3494,0.7892,29.33,147,-1,29.88,146,0,"MODELO (traslape de areas colonia-AGEB, Censo 2020; no oficial por colonia)"
19039_0521,Nogales de La Sierra,Monterrey,147,30.17,1835,510,467,1.092,3.916875628492877,2,13.95,27.37,29.9,1,1.962,2.143,0.1443,0.6325,0.8193,0.6205,0.8253,29.63,146,1,29.96,144,3,"MODELO (traslape de areas colonia-AGEB, Censo 2020; no oficial por colonia)"
19026_0426,Tierra Propia 2Do Sector,Guadalupe,148,29.76,5555,1543,1353,1.14,3.992899867449317,2,28.1,18.21,20.76,2,1.296,1.478,0.3102,0.2229,0.6446,0.2651,0.6566,30.66,141,7,30.82,142,6,"MODELO (traslape de areas colonia-AGEB, Censo 2020; no oficial por colonia)"
19018_0146,Renacimiento,García,149,29.65,2496,693,593,1.169,4.0206349206349214,1,14.55,20.98,24.54,1,1.442,1.686,0.2352,0.3614,0.6867,0.3855,0.7108,29.65,145,4,29.54,148,1,"MODELO (traslape de areas colonia-AGEB, Censo 2020; no oficial por colonia)"
19031_0097,Los Encinos,Juárez,150,29.22,2864,796,731,1.089,3.858048162230672,1,24.05,30.23,32.91,3,3.77,4.106,0.1251,0.7349,0.9277,0.741,0.9458,28.86,149,1,29.16,150,0,"MODELO (traslape de areas colonia-AGEB, Censo 2020; no oficial por colonia)"
19026_0381,Riberas de La Silla,Guadalupe,151,29.2,4561,1267,1127,1.124,3.946300509694919,4,19.4,15.31,17.21,1,0.789,0.887,0.2692,0.0843,0.4699,0.1446,0.4639,31.19,140,11,31.49,140,11,"MODELO (traslape de areas colonia-AGEB, Censo 2020; no oficial por colonia)"
19039_0300,Fomerrey 51,Monterrey,152,29.09,2737,760,651,1.169,4.27682346430548,2,18.7,24.59,28.75,2,2.63,3.074,0.2349,0.5542,0.8976,0.5843,0.8976,30.0,143,9,29.89,145,7,"MODELO (traslape de areas colonia-AGEB, Censo 2020; no oficial por colonia)"
19048_0120,Lomas del Poniente 1Er Sector,Santa Catarina,153,28.28,2405,668,609,1.097,4.0042215164275765,4,18.4,27.55,30.23,3,4.491,4.928,0.2055,0.6446,0.9759,0.6265,0.9819,27.56,152,1,27.99,153,0,"MODELO (traslape de areas colonia-AGEB, Censo 2020; no oficial por colonia)"
19039_0319,Genaro Vazquez Rojas,Monterrey,154,28.22,3968,1102,1018,1.082,4.065421927390569,6,19.65,17.83,19.3,2,1.815,1.964,0.3892,0.1867,0.7651,0.1747,0.8012,26.77,154,0,27.82,154,0,"MODELO (traslape de areas colonia-AGEB, Censo 2020; no oficial por colonia)"
19006_0312,Novapodaca,Apodaca,155,25.24,1906,530,551,0.961,3.401693962807164,2,16.45,31.07,29.86,4,7.554,7.26,0.0482,0.7771,1.0,0.6145,1.0,20.36,159,-4,20.75,159,-4,"MODELO (traslape de areas colonia-AGEB, Censo 2020; no oficial por colonia)"
19026_0448,Valle Soleado,Guadalupe,156,24.4,8105,2252,1913,1.177,4.237893400696777,3,35.5,15.77,18.56,3,1.332,1.568,0.2757,0.1024,0.6566,0.1627,0.6747,25.67,155,1,25.46,156,0,"MODELO (traslape de areas colonia-AGEB, Censo 2020; no oficial por colonia)"
19021_0071,"Hacienda San Miguel, Sector Palmiras",General Escobedo,157,23.07,2811,781,788,0.991,3.5351257588898526,1,17.05,21.84,21.63,1,1.281,1.269,0.03,0.3675,0.6386,0.2892,0.5843,22.34,157,0,22.54,157,0,"MODELO (traslape de areas colonia-AGEB, Censo 2020; no oficial por colonia)"
19039_0085,Bella Vista,Monterrey,158,22.73,2407,669,742,0.901,3.1993921672417582,4,11.55,17.28,15.57,1,1.496,1.348,0.234,0.1627,0.7169,0.0904,0.6325,23.09,156,2,25.73,155,3,"MODELO (traslape de areas colonia-AGEB, Censo 2020; no oficial por colonia)"
19031_0067,Joaquin Garza Y Garza,Juárez,159,21.46,3342,928,985,0.943,3.3424436419153327,5,16.6,17.88,16.86,1,1.077,1.015,0.0757,0.1928,0.5783,0.1265,0.5,21.82,158,1,22.51,158,1,"MODELO (traslape de areas colonia-AGEB, Censo 2020; no oficial por colonia)"
19048_0129,Martires de Cananea,Santa Catarina,160,19.58,7194,1998,1961,1.019,3.6180719814689857,2,32.5,16.26,16.57,2,1.001,1.02,0.0558,0.1084,0.5301,0.1145,0.512,20.3,160,0,20.6,160,0,"MODELO (traslape de areas colonia-AGEB, Censo 2020; no oficial por colonia)"
19021_0113,Las Malvinas,General Escobedo,161,18.89,1899,528,554,0.952,3.3759736531357314,2,12.15,23.03,21.94,2,3.791,3.611,0.1017,0.4337,0.9398,0.3012,0.9157,15.63,162,-1,16.5,162,-1,"MODELO (traslape de areas colonia-AGEB, Censo 2020; no oficial por colonia)"
19006_0235,Lomas del Pedregal,Apodaca,162,15.91,3159,878,849,1.034,3.6393827191624095,2,17.4,19.83,20.5,4,4.558,4.713,0.1492,0.3133,0.9819,0.247,0.9759,14.1,164,-2,14.8,164,-2,"MODELO (traslape de areas colonia-AGEB, Censo 2020; no oficial por colonia)"
19018_0076,Los Encinos Residencial,García,163,15.49,3675,1021,1069,0.955,3.439982639993116,2,18.55,18.17,17.35,2,1.959,1.871,0.0846,0.2169,0.8133,0.1506,0.7771,14.59,163,0,15.3,163,0,"MODELO (traslape de areas colonia-AGEB, Censo 2020; no oficial por colonia)"
19031_0111,Mirador del Parque,Juárez,164,14.44,2486,691,742,0.931,3.4027893403635057,6,10.45,15.13,14.08,1,1.448,1.348,0.081,0.0723,0.6988,0.0482,0.6265,15.89,161,3,16.67,161,3,"MODELO (traslape de areas colonia-AGEB, Censo 2020; no oficial por colonia)"
19031_0133,Portal de Vaquerias,Juárez,165,12.19,1976,549,564,0.972,3.474957644971844,3,9.05,16.49,16.03,1,1.822,1.772,0.0428,0.1265,0.7771,0.1024,0.741,12.56,165,0,12.88,165,0,"MODELO (traslape de areas colonia-AGEB, Censo 2020; no oficial por colonia)"
19046_0187,Nogalar,San Nicolás de los Garza,166,8.02,1875,521,482,1.081,3.937901635396643,4,7.65,14.69,15.88,2,3.841,4.152,0.1147,0.0602,0.9458,0.0964,0.9518,8.93,166,0,9.24,166,0,"MODELO (traslape de areas colonia-AGEB, Censo 2020; no oficial por colonia)"
19006_0251,Los Fresnos 1Er Sector,Apodaca,167,7.61,1921,534,549,0.973,3.5097073097644698,2,7.65,14.34,13.94,1,1.874,1.823,0.0005,0.0542,0.8012,0.0422,0.7651,8.33,167,0,8.34,167,0,"MODELO (traslape de areas colonia-AGEB, Censo 2020; no oficial por colonia)"
