cve_col,colonia,municipio,rank_base,score_base,rank_p10,rank_p50,rank_p90,ancho_banda,banda,confianza,prob_top10,prob_top30,rank_p10_estres,rank_p90_estres,prob_top30_estres,comp_n_300m,comp_cero_desconocido,cobertura_campo,scout_marks,etiqueta
19039_0041,Ampliacion Municipal,Monterrey,1,73.73,1,7,52,51,media,media,0.546,0.768,3,55,0.7,0,True,parcial,1,"MODELO: banda de sensibilidad (pesos +-30%, viviendas Censo<->pob/3.6, 0 competidores = desconocido); NO es pronostico ni intervalo estadistico"
19039_0289,Fomerrey 112 (San Bernabe 9),Monterrey,2,69.55,2,12,62,60,media,baja,0.482,0.706,4,69,0.614,0,True,sin encuesta,0,"MODELO: banda de sensibilidad (pesos +-30%, viviendas Censo<->pob/3.6, 0 competidores = desconocido); NO es pronostico ni intervalo estadistico"
19021_0247,San Miguel Residencial,General Escobedo,3,69.46,3,15,77,74,ancha,baja,0.417,0.654,5,86,0.538,0,True,encuestada,22,"MODELO: banda de sensibilidad (pesos +-30%, viviendas Censo<->pob/3.6, 0 competidores = desconocido); NO es pronostico ni intervalo estadistico"
19039_0167,Croc,Monterrey,4,68.73,1,1,2,1,estrecha,alta,1.0,1.0,1,1,1.0,3,False,encuestada,88,"MODELO: banda de sensibilidad (pesos +-30%, viviendas Censo<->pob/3.6, 0 competidores = desconocido); NO es pronostico ni intervalo estadistico"
19006_0406,Pueblo Nuevo 4To Sector,Apodaca,5,67.0,3,19,84,81,ancha,baja,0.372,0.6,7,94,0.468,0,True,sin encuesta,0,"MODELO: banda de sensibilidad (pesos +-30%, viviendas Censo<->pob/3.6, 0 competidores = desconocido); NO es pronostico ni intervalo estadistico"
19006_0403,Pueblo Nuevo 1Er Sector,Apodaca,6,66.83,4,19,86,82,ancha,baja,0.354,0.601,8,95,0.461,0,True,sin encuesta,0,"MODELO: banda de sensibilidad (pesos +-30%, viviendas Censo<->pob/3.6, 0 competidores = desconocido); NO es pronostico ni intervalo estadistico"
19039_0296,Fomerrey 24,Monterrey,7,66.3,4,19,87,83,ancha,baja,0.358,0.596,8,95,0.444,0,True,parcial,1,"MODELO: banda de sensibilidad (pesos +-30%, viviendas Censo<->pob/3.6, 0 competidores = desconocido); NO es pronostico ni intervalo estadistico"
19039_0321,Gloria Mendiola,Monterrey,8,65.73,5,21,89,84,ancha,baja,0.335,0.583,8,94,0.464,0,True,parcial,6,"MODELO: banda de sensibilidad (pesos +-30%, viviendas Censo<->pob/3.6, 0 competidores = desconocido); NO es pronostico ni intervalo estadistico"
19046_0080,Floridos Bosques del Nogalar,San Nicolás de los Garza,9,65.66,5,22,92,87,ancha,baja,0.306,0.574,9,101,0.401,0,True,sin encuesta,0,"MODELO: banda de sensibilidad (pesos +-30%, viviendas Censo<->pob/3.6, 0 competidores = desconocido); NO es pronostico ni intervalo estadistico"
19048_0216,Rincon de Las Mitras (Fomerrey 2),Santa Catarina,10,65.2,5,21,90,85,ancha,baja,0.349,0.587,9,97,0.436,0,True,sin encuesta,0,"MODELO: banda de sensibilidad (pesos +-30%, viviendas Censo<->pob/3.6, 0 competidores = desconocido); NO es pronostico ni intervalo estadistico"
19026_0236,La Playa,Guadalupe,11,64.98,6,23,93,87,ancha,baja,0.267,0.555,10,104,0.392,0,True,sin encuesta,0,"MODELO: banda de sensibilidad (pesos +-30%, viviendas Censo<->pob/3.6, 0 competidores = desconocido); NO es pronostico ni intervalo estadistico"
19039_0666,San Bernabe 1Er Sector,Monterrey,12,64.59,2,3,5,3,estrecha,media,0.994,1.0,2,2,1.0,2,False,sin encuesta,0,"MODELO: banda de sensibilidad (pesos +-30%, viviendas Censo<->pob/3.6, 0 competidores = desconocido); NO es pronostico ni intervalo estadistico"
19048_0151,Paseo de Las Minas,Santa Catarina,13,64.01,6,23,96,90,ancha,baja,0.291,0.566,10,103,0.408,0,True,sin encuesta,0,"MODELO: banda de sensibilidad (pesos +-30%, viviendas Censo<->pob/3.6, 0 competidores = desconocido); NO es pronostico ni intervalo estadistico"
19046_0207,Paseo del Nogalar,San Nicolás de los Garza,14,63.54,7,27,99,92,ancha,baja,0.241,0.526,11,108,0.36,0,True,sin encuesta,0,"MODELO: banda de sensibilidad (pesos +-30%, viviendas Censo<->pob/3.6, 0 competidores = desconocido); NO es pronostico ni intervalo estadistico"
19026_0291,Miguel Hidalgo,Guadalupe,15,62.97,9,29,108,99,ancha,baja,0.159,0.509,13,115,0.316,0,True,sin encuesta,0,"MODELO: banda de sensibilidad (pesos +-30%, viviendas Censo<->pob/3.6, 0 competidores = desconocido); NO es pronostico ni intervalo estadistico"
19039_0298,Fomerrey 35 (Tierra Propia),Monterrey,16,62.63,8,29,106,98,ancha,baja,0.203,0.514,12,110,0.342,0,True,sin encuesta,0,"MODELO: banda de sensibilidad (pesos +-30%, viviendas Censo<->pob/3.6, 0 competidores = desconocido); NO es pronostico ni intervalo estadistico"
19039_0430,Lazaro Cardenas,Monterrey,17,62.41,9,32,110,101,ancha,baja,0.16,0.492,14,118,0.31,0,True,sin encuesta,0,"MODELO: banda de sensibilidad (pesos +-30%, viviendas Censo<->pob/3.6, 0 competidores = desconocido); NO es pronostico ni intervalo estadistico"
19039_0295,Fomerrey 23 ( Laderas de Topo Chico),Monterrey,18,61.83,8,32,108,100,ancha,baja,0.174,0.488,13,114,0.332,0,True,parcial,5,"MODELO: banda de sensibilidad (pesos +-30%, viviendas Censo<->pob/3.6, 0 competidores = desconocido); NO es pronostico ni intervalo estadistico"
19039_0292,Fomerrey 115 (San Bernabe 12),Monterrey,19,61.48,10,35,111,101,ancha,baja,0.122,0.466,14,117,0.299,0,True,sin encuesta,0,"MODELO: banda de sensibilidad (pesos +-30%, viviendas Censo<->pob/3.6, 0 competidores = desconocido); NO es pronostico ni intervalo estadistico"
19048_0071,Indeco La Fama 1,Santa Catarina,20,60.75,11,38,119,108,ancha,baja,0.073,0.449,18,127,0.227,0,True,sin encuesta,0,"MODELO: banda de sensibilidad (pesos +-30%, viviendas Censo<->pob/3.6, 0 competidores = desconocido); NO es pronostico ni intervalo estadistico"
19039_0291,Fomerrey 114 (San Bernabe 13),Monterrey,21,60.6,10,35,116,106,ancha,baja,0.112,0.471,15,119,0.29,0,True,sin encuesta,0,"MODELO: banda de sensibilidad (pesos +-30%, viviendas Censo<->pob/3.6, 0 competidores = desconocido); NO es pronostico ni intervalo estadistico"
19026_0432,Unidad Piloto,Guadalupe,22,60.28,10,35,114,104,ancha,baja,0.111,0.472,16,120,0.274,0,True,sin encuesta,0,"MODELO: banda de sensibilidad (pesos +-30%, viviendas Censo<->pob/3.6, 0 competidores = desconocido); NO es pronostico ni intervalo estadistico"
19021_0280,Villas de San Francisco,General Escobedo,23,59.98,12,42,126,114,ancha,baja,0.075,0.413,18,131,0.226,0,True,parcial,1,"MODELO: banda de sensibilidad (pesos +-30%, viviendas Censo<->pob/3.6, 0 competidores = desconocido); NO es pronostico ni intervalo estadistico"
19026_0434,Union Modelo,Guadalupe,24,59.73,14,46,127,113,ancha,baja,0.026,0.399,23,131,0.182,0,True,sin encuesta,0,"MODELO: banda de sensibilidad (pesos +-30%, viviendas Censo<->pob/3.6, 0 competidores = desconocido); NO es pronostico ni intervalo estadistico"
19021_0177,Nuevo Leon Estado de Progreso (Alianza Real),General Escobedo,25,59.51,3,5,13,10,estrecha,alta,0.828,1.0,3,6,1.0,1,False,parcial,3,"MODELO: banda de sensibilidad (pesos +-30%, viviendas Censo<->pob/3.6, 0 competidores = desconocido); NO es pronostico ni intervalo estadistico"
19039_0508,Moctezuma,Monterrey,26,59.37,16,45,128,112,ancha,baja,0.008,0.396,24,132,0.186,0,True,sin encuesta,0,"MODELO: banda de sensibilidad (pesos +-30%, viviendas Censo<->pob/3.6, 0 competidores = desconocido); NO es pronostico ni intervalo estadistico"
19031_0219,Villas de San Jose 7 Sector,Juárez,27,58.57,16,48,131,115,ancha,baja,0.013,0.372,25,134,0.157,0,True,sin encuesta,0,"MODELO: banda de sensibilidad (pesos +-30%, viviendas Censo<->pob/3.6, 0 competidores = desconocido); NO es pronostico ni intervalo estadistico"
19039_0727,Topo Chico,Monterrey,28,57.79,6,9,14,8,estrecha,alta,0.631,1.0,4,7,1.0,1,False,encuestada,18,"MODELO: banda de sensibilidad (pesos +-30%, viviendas Censo<->pob/3.6, 0 competidores = desconocido); NO es pronostico ni intervalo estadistico"
19026_0017,25 de Noviembre,Guadalupe,29,57.16,18,53,134,116,ancha,baja,0.003,0.345,27,137,0.14,0,True,sin encuesta,0,"MODELO: banda de sensibilidad (pesos +-30%, viviendas Censo<->pob/3.6, 0 competidores = desconocido); NO es pronostico ni intervalo estadistico"
19039_0626,Rene Alvarez,Monterrey,30,56.42,19,56,136,117,ancha,baja,0.002,0.323,29,138,0.115,0,True,sin encuesta,0,"MODELO: banda de sensibilidad (pesos +-30%, viviendas Censo<->pob/3.6, 0 competidores = desconocido); NO es pronostico ni intervalo estadistico"
19039_0284,Fomerrey 1 ( Reforma ),Monterrey,31,56.12,7,10,14,7,estrecha,alta,0.536,1.0,4,8,1.0,1,False,parcial,5,"MODELO: banda de sensibilidad (pesos +-30%, viviendas Censo<->pob/3.6, 0 competidores = desconocido); NO es pronostico ni intervalo estadistico"
19039_0257,Emiliano Zapata,Monterrey,32,54.85,29,73,147,118,ancha,baja,0.0,0.126,43,149,0.026,0,True,sin encuesta,0,"MODELO: banda de sensibilidad (pesos +-30%, viviendas Censo<->pob/3.6, 0 competidores = desconocido); NO es pronostico ni intervalo estadistico"
19039_0656,Riveras del Rio,Monterrey,33,54.78,6,15,26,20,estrecha,media,0.286,0.958,5,17,0.996,2,False,sin encuesta,0,"MODELO: banda de sensibilidad (pesos +-30%, viviendas Censo<->pob/3.6, 0 competidores = desconocido); NO es pronostico ni intervalo estadistico"
19039_0288,Fomerrey 110 (San Bernabe 15),Monterrey,34,54.7,11,16,22,11,estrecha,media,0.066,0.996,7,15,1.0,1,False,sin encuesta,0,"MODELO: banda de sensibilidad (pesos +-30%, viviendas Censo<->pob/3.6, 0 competidores = desconocido); NO es pronostico ni intervalo estadistico"
19039_0550,Paseo de San Bernabe,Monterrey,35,54.09,27,71,145,118,ancha,baja,0.0,0.164,40,147,0.03,0,True,sin encuesta,0,"MODELO: banda de sensibilidad (pesos +-30%, viviendas Censo<->pob/3.6, 0 competidores = desconocido); NO es pronostico ni intervalo estadistico"
19048_0056,Eugenio Canavati,Santa Catarina,36,53.98,21,64,141,120,ancha,baja,0.0,0.256,33,143,0.078,0,True,sin encuesta,0,"MODELO: banda de sensibilidad (pesos +-30%, viviendas Censo<->pob/3.6, 0 competidores = desconocido); NO es pronostico ni intervalo estadistico"
19006_0405,Pueblo Nuevo 3Er Sector,Apodaca,37,53.92,22,64,141,119,ancha,baja,0.0,0.244,34,143,0.077,0,True,sin encuesta,0,"MODELO: banda de sensibilidad (pesos +-30%, viviendas Censo<->pob/3.6, 0 competidores = desconocido); NO es pronostico ni intervalo estadistico"
19048_0058,Fama Iii,Santa Catarina,38,53.65,11,15,21,10,estrecha,media,0.09,0.999,7,13,1.0,1,False,sin encuesta,0,"MODELO: banda de sensibilidad (pesos +-30%, viviendas Censo<->pob/3.6, 0 competidores = desconocido); NO es pronostico ni intervalo estadistico"
19048_0032,Cerro de Las Mitras (Raul Salinas Lozano),Santa Catarina,39,52.91,23,65,143,120,ancha,baja,0.0,0.21,38,145,0.055,0,True,sin encuesta,0,"MODELO: banda de sensibilidad (pesos +-30%, viviendas Censo<->pob/3.6, 0 competidores = desconocido); NO es pronostico ni intervalo estadistico"
19046_0021,Azteca,San Nicolás de los Garza,40,52.83,33,83,150,117,ancha,baja,0.0,0.074,49,151,0.011,0,True,sin encuesta,0,"MODELO: banda de sensibilidad (pesos +-30%, viviendas Censo<->pob/3.6, 0 competidores = desconocido); NO es pronostico ni intervalo estadistico"
19039_0156,Constituyentes del 57,Monterrey,41,52.59,38,85,151,113,ancha,baja,0.0,0.02,55,152,0.001,0,True,sin encuesta,0,"MODELO: banda de sensibilidad (pesos +-30%, viviendas Censo<->pob/3.6, 0 competidores = desconocido); NO es pronostico ni intervalo estadistico"
19021_0055,Fernando Amilpa,General Escobedo,42,52.42,28,76,148,120,ancha,baja,0.0,0.136,43,148,0.029,0,True,sin encuesta,0,"MODELO: banda de sensibilidad (pesos +-30%, viviendas Censo<->pob/3.6, 0 competidores = desconocido); NO es pronostico ni intervalo estadistico"
19039_0061,Argentina,Monterrey,43,52.31,47,101,154,107,ancha,baja,0.0,0.003,66,155,0.0,0,True,sin encuesta,0,"MODELO: banda de sensibilidad (pesos +-30%, viviendas Censo<->pob/3.6, 0 competidores = desconocido); NO es pronostico ni intervalo estadistico"
19048_0220,San Gilberto,Santa Catarina,44,52.23,18,26,36,18,estrecha,media,0.001,0.722,14,28,0.956,4,False,sin encuesta,0,"MODELO: banda de sensibilidad (pesos +-30%, viviendas Censo<->pob/3.6, 0 competidores = desconocido); NO es pronostico ni intervalo estadistico"
19039_0684,San Martin,Monterrey,45,51.68,17,21,26,9,estrecha,media,0.0,0.981,11,17,1.0,1,False,sin encuesta,0,"MODELO: banda de sensibilidad (pesos +-30%, viviendas Censo<->pob/3.6, 0 competidores = desconocido); NO es pronostico ni intervalo estadistico"
19026_0461,Vicente Guerrero,Guadalupe,46,51.26,41,93,153,112,ancha,baja,0.0,0.017,58,153,0.002,0,True,sin encuesta,0,"MODELO: banda de sensibilidad (pesos +-30%, viviendas Censo<->pob/3.6, 0 competidores = desconocido); NO es pronostico ni intervalo estadistico"
19048_0033,Cimas de Las Mitras (Ampl Raul Salinas Lozano),Santa Catarina,47,51.03,33,81,149,116,ancha,baja,0.0,0.07,49,151,0.007,0,True,sin encuesta,0,"MODELO: banda de sensibilidad (pesos +-30%, viviendas Censo<->pob/3.6, 0 competidores = desconocido); NO es pronostico ni intervalo estadistico"
19031_0116,Monte Kristal,Juárez,48,50.84,24,36,48,24,estrecha,media,0.0,0.295,20,40,0.54,5,False,sin encuesta,0,"MODELO: banda de sensibilidad (pesos +-30%, viviendas Censo<->pob/3.6, 0 competidores = desconocido); NO es pronostico ni intervalo estadistico"
19006_0407,Pueblo Nuevo 5To Sector,Apodaca,49,50.64,20,26,35,15,estrecha,media,0.0,0.732,15,27,0.968,2,False,sin encuesta,0,"MODELO: banda de sensibilidad (pesos +-30%, viviendas Censo<->pob/3.6, 0 competidores = desconocido); NO es pronostico ni intervalo estadistico"
19039_0433,Libertadores de America,Monterrey,50,50.33,28,76,147,119,ancha,baja,0.0,0.136,44,149,0.028,0,True,sin encuesta,0,"MODELO: banda de sensibilidad (pesos +-30%, viviendas Censo<->pob/3.6, 0 competidores = desconocido); NO es pronostico ni intervalo estadistico"
19031_0057,Hector Caballero,Juárez,51,50.24,38,89,152,114,ancha,baja,0.0,0.018,56,152,0.002,0,True,sin encuesta,0,"MODELO: banda de sensibilidad (pesos +-30%, viviendas Censo<->pob/3.6, 0 competidores = desconocido); NO es pronostico ni intervalo estadistico"
19031_0109,Los Valles 2Do Sector,Juárez,52,49.62,38,89,152,114,ancha,baja,0.0,0.029,56,152,0.006,0,True,sin encuesta,0,"MODELO: banda de sensibilidad (pesos +-30%, viviendas Censo<->pob/3.6, 0 competidores = desconocido); NO es pronostico ni intervalo estadistico"
19039_0518,Niño Artillero,Monterrey,53,49.56,27,35,46,19,estrecha,media,0.0,0.246,22,37,0.617,2,False,sin encuesta,0,"MODELO: banda de sensibilidad (pesos +-30%, viviendas Censo<->pob/3.6, 0 competidores = desconocido); NO es pronostico ni intervalo estadistico"
19006_0310,Noria Norte,Apodaca,54,49.4,20,26,34,14,estrecha,media,0.0,0.772,12,23,0.996,1,False,sin encuesta,0,"MODELO: banda de sensibilidad (pesos +-30%, viviendas Censo<->pob/3.6, 0 competidores = desconocido); NO es pronostico ni intervalo estadistico"
19046_0300,Vicente Guerrero 3 Sector,San Nicolás de los Garza,55,49.29,42,94,153,111,ancha,baja,0.0,0.004,60,153,0.001,0,True,sin encuesta,0,"MODELO: banda de sensibilidad (pesos +-30%, viviendas Censo<->pob/3.6, 0 competidores = desconocido); NO es pronostico ni intervalo estadistico"
19026_0310,Nuevo Almaguer,Guadalupe,56,49.19,40,94,153,113,ancha,baja,0.0,0.026,57,153,0.004,0,True,sin encuesta,0,"MODELO: banda de sensibilidad (pesos +-30%, viviendas Censo<->pob/3.6, 0 competidores = desconocido); NO es pronostico ni intervalo estadistico"
19039_0725,Tierra Y Libertad,Monterrey,57,49.12,27,41,59,32,media,media,0.0,0.194,25,56,0.254,3,False,parcial,4,"MODELO: banda de sensibilidad (pesos +-30%, viviendas Censo<->pob/3.6, 0 competidores = desconocido); NO es pronostico ni intervalo estadistico"
19021_0281,Villas de San Francisco 2Do Sector,General Escobedo,58,48.81,50,107,156,106,ancha,baja,0.0,0.0,68,155,0.0,0,True,sin encuesta,0,"MODELO: banda de sensibilidad (pesos +-30%, viviendas Censo<->pob/3.6, 0 competidores = desconocido); NO es pronostico ni intervalo estadistico"
19026_0072,Cañada Blanca,Guadalupe,59,48.71,20,27,38,18,estrecha,media,0.0,0.66,12,26,0.964,2,False,sin encuesta,0,"MODELO: banda de sensibilidad (pesos +-30%, viviendas Censo<->pob/3.6, 0 competidores = desconocido); NO es pronostico ni intervalo estadistico"
19039_0293,Fomerrey 116 (San Bernabe 8),Monterrey,60,48.46,19,25,33,14,estrecha,media,0.0,0.83,12,23,0.992,1,False,sin encuesta,0,"MODELO: banda de sensibilidad (pesos +-30%, viviendas Censo<->pob/3.6, 0 competidores = desconocido); NO es pronostico ni intervalo estadistico"
19031_0108,Los Valles,Juárez,61,48.17,34,46,60,26,estrecha,media,0.0,0.034,30,54,0.13,1,False,sin encuesta,0,"MODELO: banda de sensibilidad (pesos +-30%, viviendas Censo<->pob/3.6, 0 competidores = desconocido); NO es pronostico ni intervalo estadistico"
19039_0287,Fomerrey 109 (San Bernabe 14),Monterrey,62,48.08,25,33,43,18,estrecha,media,0.0,0.366,19,34,0.774,1,False,sin encuesta,0,"MODELO: banda de sensibilidad (pesos +-30%, viviendas Censo<->pob/3.6, 0 competidores = desconocido); NO es pronostico ni intervalo estadistico"
19039_0250,El Porvenir,Monterrey,63,47.75,27,33,42,15,estrecha,alta,0.0,0.316,19,30,0.908,1,False,parcial,4,"MODELO: banda de sensibilidad (pesos +-30%, viviendas Censo<->pob/3.6, 0 competidores = desconocido); NO es pronostico ni intervalo estadistico"
19039_0030,Alfonso Reyes,Monterrey,64,47.69,45,101,155,110,ancha,baja,0.0,0.007,64,155,0.001,0,True,sin encuesta,0,"MODELO: banda de sensibilidad (pesos +-30%, viviendas Censo<->pob/3.6, 0 competidores = desconocido); NO es pronostico ni intervalo estadistico"
19039_0343,Independencia,Monterrey,65,47.66,16,31,50,34,media,baja,0.006,0.495,10,37,0.811,6,False,sin encuesta,0,"MODELO: banda de sensibilidad (pesos +-30%, viviendas Censo<->pob/3.6, 0 competidores = desconocido); NO es pronostico ni intervalo estadistico"
19031_0010,Arboledas de San Roque,Juárez,66,47.61,46,101,154,108,ancha,baja,0.0,0.003,65,155,0.0,0,True,sin encuesta,0,"MODELO: banda de sensibilidad (pesos +-30%, viviendas Censo<->pob/3.6, 0 competidores = desconocido); NO es pronostico ni intervalo estadistico"
19026_0049,Atoyac de Alvarez,Guadalupe,67,47.35,31,84,151,120,ancha,baja,0.0,0.096,47,151,0.026,0,True,sin encuesta,0,"MODELO: banda de sensibilidad (pesos +-30%, viviendas Censo<->pob/3.6, 0 competidores = desconocido); NO es pronostico ni intervalo estadistico"
19031_0154,Rancho Viejo,Juárez,68,46.59,36,58,80,44,media,baja,0.0,0.036,36,81,0.039,7,False,sin encuesta,0,"MODELO: banda de sensibilidad (pesos +-30%, viviendas Censo<->pob/3.6, 0 competidores = desconocido); NO es pronostico ni intervalo estadistico"
19006_0404,Pueblo Nuevo 2Do Sector,Apodaca,69,46.45,31,37,45,14,estrecha,media,0.0,0.092,22,34,0.766,1,False,sin encuesta,0,"MODELO: banda de sensibilidad (pesos +-30%, viviendas Censo<->pob/3.6, 0 competidores = desconocido); NO es pronostico ni intervalo estadistico"
19046_0052,Const de Queretaro 1 Sec,San Nicolás de los Garza,70,46.39,71,130,160,89,ancha,baja,0.0,0.0,94,161,0.0,0,True,sin encuesta,0,"MODELO: banda de sensibilidad (pesos +-30%, viviendas Censo<->pob/3.6, 0 competidores = desconocido); NO es pronostico ni intervalo estadistico"
19021_0052,Eulalio Villarreal,General Escobedo,71,45.26,41,60,78,37,media,baja,0.0,0.002,39,75,0.01,1,False,sin encuesta,0,"MODELO: banda de sensibilidad (pesos +-30%, viviendas Censo<->pob/3.6, 0 competidores = desconocido); NO es pronostico ni intervalo estadistico"
19018_0077,Los Nogales,García,72,45.09,38,54,70,32,media,baja,0.0,0.009,33,63,0.06,1,False,sin encuesta,0,"MODELO: banda de sensibilidad (pesos +-30%, viviendas Censo<->pob/3.6, 0 competidores = desconocido); NO es pronostico ni intervalo estadistico"
19039_0002,10 de Marzo,Monterrey,73,45.03,42,54,65,23,estrecha,media,0.0,0.0,37,57,0.012,1,False,sin encuesta,0,"MODELO: banda de sensibilidad (pesos +-30%, viviendas Censo<->pob/3.6, 0 competidores = desconocido); NO es pronostico ni intervalo estadistico"
19006_0361,Prados de La Cieneguita,Apodaca,74,44.84,39,58,78,39,media,baja,0.0,0.018,37,76,0.029,6,False,sin encuesta,0,"MODELO: banda de sensibilidad (pesos +-30%, viviendas Censo<->pob/3.6, 0 competidores = desconocido); NO es pronostico ni intervalo estadistico"
19021_0174,Nueva Esperanza,General Escobedo,75,44.46,39,46,53,14,estrecha,media,0.0,0.0,30,41,0.14,2,False,sin encuesta,0,"MODELO: banda de sensibilidad (pesos +-30%, viviendas Censo<->pob/3.6, 0 competidores = desconocido); NO es pronostico ni intervalo estadistico"
19048_0115,Lomas de La Fama,Santa Catarina,76,43.94,40,48,58,18,estrecha,media,0.0,0.002,30,47,0.128,1,False,sin encuesta,0,"MODELO: banda de sensibilidad (pesos +-30%, viviendas Censo<->pob/3.6, 0 competidores = desconocido); NO es pronostico ni intervalo estadistico"
19021_0002,18 de Octubre,General Escobedo,77,43.86,29,41,56,27,estrecha,media,0.0,0.133,19,42,0.624,1,False,sin encuesta,0,"MODELO: banda de sensibilidad (pesos +-30%, viviendas Censo<->pob/3.6, 0 competidores = desconocido); NO es pronostico ni intervalo estadistico"
19039_0637,Revolucion Proletaria,Monterrey,78,43.57,43,52,61,18,estrecha,media,0.0,0.0,35,51,0.02,1,False,sin encuesta,0,"MODELO: banda de sensibilidad (pesos +-30%, viviendas Censo<->pob/3.6, 0 competidores = desconocido); NO es pronostico ni intervalo estadistico"
19021_0183,Pedregal del Topo Chico [19021_0183],General Escobedo,79,43.56,34,44,57,23,estrecha,alta,0.0,0.03,21,43,0.54,1,False,parcial,1,"MODELO: banda de sensibilidad (pesos +-30%, viviendas Censo<->pob/3.6, 0 competidores = desconocido); NO es pronostico ni intervalo estadistico"
19039_0770,Valle de Santa Lucia (Granja Sanitaria),Monterrey,80,43.09,46,56,70,24,estrecha,alta,0.0,0.0,34,58,0.022,5,False,parcial,2,"MODELO: banda de sensibilidad (pesos +-30%, viviendas Censo<->pob/3.6, 0 competidores = desconocido); NO es pronostico ni intervalo estadistico"
19021_0206,Privadas de Camino Real Ii,General Escobedo,81,42.64,68,125,160,92,ancha,baja,0.0,0.0,92,161,0.0,0,True,sin encuesta,0,"MODELO: banda de sensibilidad (pesos +-30%, viviendas Censo<->pob/3.6, 0 competidores = desconocido); NO es pronostico ni intervalo estadistico"
19018_0002,Ampl Los Nogales ( El Polvorin ),García,82,42.4,54,72,89,35,media,baja,0.0,0.0,52,86,0.0,2,False,sin encuesta,0,"MODELO: banda de sensibilidad (pesos +-30%, viviendas Censo<->pob/3.6, 0 competidores = desconocido); NO es pronostico ni intervalo estadistico"
19026_0070,Campestre La Silla,Guadalupe,83,42.4,54,65,73,19,estrecha,media,0.0,0.0,48,65,0.0,1,False,sin encuesta,0,"MODELO: banda de sensibilidad (pesos +-30%, viviendas Censo<->pob/3.6, 0 competidores = desconocido); NO es pronostico ni intervalo estadistico"
19021_0184,Pedregal del Topo Chico [19021_0184],General Escobedo,84,42.35,71,130,160,89,ancha,baja,0.0,0.0,91,161,0.0,0,True,sin encuesta,0,"MODELO: banda de sensibilidad (pesos +-30%, viviendas Censo<->pob/3.6, 0 competidores = desconocido); NO es pronostico ni intervalo estadistico"
19039_0664,San Angel Sur ( Los Remates ),Monterrey,85,42.16,44,54,67,23,estrecha,media,0.0,0.0,30,53,0.12,2,False,sin encuesta,0,"MODELO: banda de sensibilidad (pesos +-30%, viviendas Censo<->pob/3.6, 0 competidores = desconocido); NO es pronostico ni intervalo estadistico"
19039_0104,Burocratas Municipales,Monterrey,86,42.1,47,65,85,38,media,baja,0.0,0.004,41,76,0.01,4,False,sin encuesta,0,"MODELO: banda de sensibilidad (pesos +-30%, viviendas Censo<->pob/3.6, 0 competidores = desconocido); NO es pronostico ni intervalo estadistico"
19039_0345,Industrial,Monterrey,87,42.0,57,67,78,21,estrecha,media,0.0,0.0,46,67,0.0,3,False,sin encuesta,0,"MODELO: banda de sensibilidad (pesos +-30%, viviendas Censo<->pob/3.6, 0 competidores = desconocido); NO es pronostico ni intervalo estadistico"
19026_0220,Josefa Zozaya 2Do Sector,Guadalupe,88,41.7,56,74,91,35,media,baja,0.0,0.0,52,86,0.0,1,False,sin encuesta,0,"MODELO: banda de sensibilidad (pesos +-30%, viviendas Censo<->pob/3.6, 0 competidores = desconocido); NO es pronostico ni intervalo estadistico"
19039_0381,La Altamira,Monterrey,89,41.6,40,57,78,38,media,baja,0.0,0.012,31,65,0.098,2,False,sin encuesta,0,"MODELO: banda de sensibilidad (pesos +-30%, viviendas Censo<->pob/3.6, 0 competidores = desconocido); NO es pronostico ni intervalo estadistico"
19021_0040,Colinas del Topo Chico,General Escobedo,90,41.43,59,73,87,28,estrecha,media,0.0,0.0,53,80,0.0,1,False,sin encuesta,0,"MODELO: banda de sensibilidad (pesos +-30%, viviendas Censo<->pob/3.6, 0 competidores = desconocido); NO es pronostico ni intervalo estadistico"
19048_0232,Sarabia,Santa Catarina,91,41.34,75,135,161,86,ancha,baja,0.0,0.0,96,162,0.0,0,True,sin encuesta,0,"MODELO: banda de sensibilidad (pesos +-30%, viviendas Censo<->pob/3.6, 0 competidores = desconocido); NO es pronostico ni intervalo estadistico"
19021_0103,La Unidad,General Escobedo,92,41.01,50,61,77,27,estrecha,media,0.0,0.0,36,63,0.008,2,False,sin encuesta,0,"MODELO: banda de sensibilidad (pesos +-30%, viviendas Censo<->pob/3.6, 0 competidores = desconocido); NO es pronostico ni intervalo estadistico"
19006_0327,Parque Industrial Intermex Industrial Campus Apodaca,Apodaca,93,40.82,76,136,162,86,ancha,baja,0.0,0.0,100,163,0.0,0,True,sin encuesta,0,"MODELO: banda de sensibilidad (pesos +-30%, viviendas Censo<->pob/3.6, 0 competidores = desconocido); NO es pronostico ni intervalo estadistico"
19021_0175,Nuevo Escobedo,General Escobedo,94,40.47,52,62,72,20,estrecha,media,0.0,0.0,39,59,0.002,1,False,sin encuesta,0,"MODELO: banda de sensibilidad (pesos +-30%, viviendas Censo<->pob/3.6, 0 competidores = desconocido); NO es pronostico ni intervalo estadistico"
19048_0021,Balcones de Santa Catarina ( Fomerrey 134),Santa Catarina,95,40.11,60,69,78,18,estrecha,media,0.0,0.0,49,67,0.0,1,False,sin encuesta,0,"MODELO: banda de sensibilidad (pesos +-30%, viviendas Censo<->pob/3.6, 0 competidores = desconocido); NO es pronostico ni intervalo estadistico"
19039_0663,San Angel Norte,Monterrey,96,39.57,69,86,106,37,media,baja,0.0,0.0,66,102,0.0,1,False,sin encuesta,0,"MODELO: banda de sensibilidad (pesos +-30%, viviendas Censo<->pob/3.6, 0 competidores = desconocido); NO es pronostico ni intervalo estadistico"
19031_0009,Arboledas de Los Naranjos,Juárez,97,39.07,72,88,106,34,media,baja,0.0,0.0,69,102,0.0,1,False,sin encuesta,0,"MODELO: banda de sensibilidad (pesos +-30%, viviendas Censo<->pob/3.6, 0 competidores = desconocido); NO es pronostico ni intervalo estadistico"
19026_0021,31 de Diciembre,Guadalupe,98,38.78,68,79,90,22,estrecha,media,0.0,0.0,59,80,0.0,1,False,sin encuesta,0,"MODELO: banda de sensibilidad (pesos +-30%, viviendas Censo<->pob/3.6, 0 competidores = desconocido); NO es pronostico ni intervalo estadistico"
19039_0299,Fomerrey 45,Monterrey,99,38.7,59,71,82,23,estrecha,media,0.0,0.0,49,70,0.0,1,False,sin encuesta,0,"MODELO: banda de sensibilidad (pesos +-30%, viviendas Censo<->pob/3.6, 0 competidores = desconocido); NO es pronostico ni intervalo estadistico"
19021_0224,Puerta del Sol,General Escobedo,100,38.56,87,143,164,77,ancha,baja,0.0,0.0,112,164,0.0,0,True,sin encuesta,0,"MODELO: banda de sensibilidad (pesos +-30%, viviendas Censo<->pob/3.6, 0 competidores = desconocido); NO es pronostico ni intervalo estadistico"
19021_0057,Fomerrey 9 (Solidaridad Social),General Escobedo,101,38.26,80,95,111,31,media,baja,0.0,0.0,76,107,0.0,3,False,sin encuesta,0,"MODELO: banda de sensibilidad (pesos +-30%, viviendas Censo<->pob/3.6, 0 competidores = desconocido); NO es pronostico ni intervalo estadistico"
19026_0013,2 de Mayo,Guadalupe,102,38.12,76,85,96,20,estrecha,media,0.0,0.0,67,86,0.0,1,False,sin encuesta,0,"MODELO: banda de sensibilidad (pesos +-30%, viviendas Censo<->pob/3.6, 0 competidores = desconocido); NO es pronostico ni intervalo estadistico"
19021_0056,Fomerrey 36,General Escobedo,103,37.68,81,98,114,33,media,baja,0.0,0.0,79,110,0.0,4,False,sin encuesta,0,"MODELO: banda de sensibilidad (pesos +-30%, viviendas Censo<->pob/3.6, 0 competidores = desconocido); NO es pronostico ni intervalo estadistico"
19021_0248,Santa Lucia,General Escobedo,104,37.68,81,102,121,40,media,baja,0.0,0.0,78,118,0.0,2,False,sin encuesta,0,"MODELO: banda de sensibilidad (pesos +-30%, viviendas Censo<->pob/3.6, 0 competidores = desconocido); NO es pronostico ni intervalo estadistico"
19021_0006,Agropecuaria Emiliano Zapata (Col Nueva Esperanza),General Escobedo,105,37.52,58,70,84,26,estrecha,media,0.0,0.0,43,69,0.0,1,False,sin encuesta,0,"MODELO: banda de sensibilidad (pesos +-30%, viviendas Censo<->pob/3.6, 0 competidores = desconocido); NO es pronostico ni intervalo estadistico"
19021_0239,Rivera de Los Naranjos,General Escobedo,106,37.47,73,91,108,35,media,baja,0.0,0.0,65,99,0.0,1,False,sin encuesta,0,"MODELO: banda de sensibilidad (pesos +-30%, viviendas Censo<->pob/3.6, 0 competidores = desconocido); NO es pronostico ni intervalo estadistico"
19021_0188,Portal de San Francisco Sector 20 de Noviembre,General Escobedo,107,37.33,98,147,165,67,ancha,baja,0.0,0.0,121,165,0.0,0,True,sin encuesta,0,"MODELO: banda de sensibilidad (pesos +-30%, viviendas Censo<->pob/3.6, 0 competidores = desconocido); NO es pronostico ni intervalo estadistico"
19039_0112,Carmen Serdan,Monterrey,108,37.31,85,103,118,33,media,baja,0.0,0.0,83,114,0.0,2,False,sin encuesta,0,"MODELO: banda de sensibilidad (pesos +-30%, viviendas Censo<->pob/3.6, 0 competidores = desconocido); NO es pronostico ni intervalo estadistico"
19048_0195,Puerta del Sol,Santa Catarina,109,37.26,86,106,122,36,media,baja,0.0,0.0,85,121,0.0,3,False,sin encuesta,0,"MODELO: banda de sensibilidad (pesos +-30%, viviendas Censo<->pob/3.6, 0 competidores = desconocido); NO es pronostico ni intervalo estadistico"
19046_0081,Fomerrey 129 (Mirador San Nicolas),San Nicolás de los Garza,110,37.23,72,81,92,20,estrecha,media,0.0,0.0,60,80,0.0,1,False,sin encuesta,0,"MODELO: banda de sensibilidad (pesos +-30%, viviendas Censo<->pob/3.6, 0 competidores = desconocido); NO es pronostico ni intervalo estadistico"
19039_0741,Unidad Pedreras ( Fomerrey 106 ),Monterrey,111,37.12,72,92,111,39,media,media,0.0,0.0,69,107,0.0,3,False,parcial,5,"MODELO: banda de sensibilidad (pesos +-30%, viviendas Censo<->pob/3.6, 0 competidores = desconocido); NO es pronostico ni intervalo estadistico"
19021_0251,Serranias,General Escobedo,112,36.79,80,98,117,37,media,baja,0.0,0.0,75,111,0.0,1,False,sin encuesta,0,"MODELO: banda de sensibilidad (pesos +-30%, viviendas Censo<->pob/3.6, 0 competidores = desconocido); NO es pronostico ni intervalo estadistico"
19048_0237,Union de Colonos,Santa Catarina,113,36.75,98,148,165,67,ancha,baja,0.0,0.0,120,166,0.0,0,True,sin encuesta,0,"MODELO: banda de sensibilidad (pesos +-30%, viviendas Censo<->pob/3.6, 0 competidores = desconocido); NO es pronostico ni intervalo estadistico"
19018_0055,Hacienda Renacimiento,García,114,36.52,109,151,166,57,media,baja,0.0,0.0,128,166,0.0,0,True,sin encuesta,0,"MODELO: banda de sensibilidad (pesos +-30%, viviendas Censo<->pob/3.6, 0 competidores = desconocido); NO es pronostico ni intervalo estadistico"
19031_0117,Monte Kristal 4To Sector,Juárez,115,36.48,92,103,113,21,estrecha,media,0.0,0.0,85,105,0.0,1,False,sin encuesta,0,"MODELO: banda de sensibilidad (pesos +-30%, viviendas Censo<->pob/3.6, 0 competidores = desconocido); NO es pronostico ni intervalo estadistico"
19026_0316,Nuevo San Rafael,Guadalupe,116,36.47,62,77,98,36,media,baja,0.0,0.0,45,82,0.0,1,False,sin encuesta,0,"MODELO: banda de sensibilidad (pesos +-30%, viviendas Censo<->pob/3.6, 0 competidores = desconocido); NO es pronostico ni intervalo estadistico"
19026_0160,Garza Melo,Guadalupe,117,36.39,90,114,131,41,media,baja,0.0,0.0,89,131,0.0,2,False,sin encuesta,0,"MODELO: banda de sensibilidad (pesos +-30%, viviendas Censo<->pob/3.6, 0 competidores = desconocido); NO es pronostico ni intervalo estadistico"
19048_0014,Arboledas de Las Mitras (Carlos Salinas de Gortari),Santa Catarina,118,35.87,91,100,110,19,estrecha,media,0.0,0.0,83,101,0.0,1,False,sin encuesta,0,"MODELO: banda de sensibilidad (pesos +-30%, viviendas Censo<->pob/3.6, 0 competidores = desconocido); NO es pronostico ni intervalo estadistico"
19039_0314,Francisco Villa,Monterrey,119,35.63,82,102,119,37,media,media,0.0,0.0,79,115,0.0,4,False,parcial,1,"MODELO: banda de sensibilidad (pesos +-30%, viviendas Censo<->pob/3.6, 0 competidores = desconocido); NO es pronostico ni intervalo estadistico"
19039_0553,Paseo del Vergel 1Er Sector,Monterrey,120,35.62,106,150,165,59,media,baja,0.0,0.0,127,166,0.0,0,True,sin encuesta,0,"MODELO: banda de sensibilidad (pesos +-30%, viviendas Censo<->pob/3.6, 0 competidores = desconocido); NO es pronostico ni intervalo estadistico"
19039_0316,Fray Servando Teresa de Mier (Fomerrey 6 ),Monterrey,121,35.58,92,109,120,28,estrecha,media,0.0,0.0,89,115,0.0,1,False,sin encuesta,0,"MODELO: banda de sensibilidad (pesos +-30%, viviendas Censo<->pob/3.6, 0 competidores = desconocido); NO es pronostico ni intervalo estadistico"
19039_0384,La Condesa,Monterrey,122,35.56,88,97,107,19,estrecha,media,0.0,0.0,77,97,0.0,1,False,sin encuesta,0,"MODELO: banda de sensibilidad (pesos +-30%, viviendas Censo<->pob/3.6, 0 competidores = desconocido); NO es pronostico ni intervalo estadistico"
19006_0345,Pimsa Sur,Apodaca,123,35.5,106,150,165,59,media,baja,0.0,0.0,126,166,0.0,0,True,sin encuesta,0,"MODELO: banda de sensibilidad (pesos +-30%, viviendas Censo<->pob/3.6, 0 competidores = desconocido); NO es pronostico ni intervalo estadistico"
19039_0383,La Campana,Monterrey,124,35.39,81,93,107,26,estrecha,media,0.0,0.0,68,97,0.0,1,False,sin encuesta,0,"MODELO: banda de sensibilidad (pesos +-30%, viviendas Censo<->pob/3.6, 0 competidores = desconocido); NO es pronostico ni intervalo estadistico"
19048_0065,Hacienda Santa Catarina (Fomerrey 29),Santa Catarina,125,35.2,102,122,135,33,media,baja,0.0,0.0,104,135,0.0,5,False,sin encuesta,0,"MODELO: banda de sensibilidad (pesos +-30%, viviendas Censo<->pob/3.6, 0 competidores = desconocido); NO es pronostico ni intervalo estadistico"
19046_0036,Carmen Romano,San Nicolás de los Garza,126,35.14,71,86,106,35,media,baja,0.0,0.0,53,92,0.0,1,False,sin encuesta,0,"MODELO: banda de sensibilidad (pesos +-30%, viviendas Censo<->pob/3.6, 0 competidores = desconocido); NO es pronostico ni intervalo estadistico"
19039_0739,Unidad del Pueblo,Monterrey,127,34.91,82,93,104,22,estrecha,media,0.0,0.0,74,95,0.0,1,False,sin encuesta,0,"MODELO: banda de sensibilidad (pesos +-30%, viviendas Censo<->pob/3.6, 0 competidores = desconocido); NO es pronostico ni intervalo estadistico"
19046_0057,Constituyentes de Queretaro 4 Sec,San Nicolás de los Garza,128,34.7,111,151,166,55,media,baja,0.0,0.0,133,167,0.0,0,True,sin encuesta,0,"MODELO: banda de sensibilidad (pesos +-30%, viviendas Censo<->pob/3.6, 0 competidores = desconocido); NO es pronostico ni intervalo estadistico"
19039_0318,Garza Nieto,Monterrey,129,34.62,108,124,134,26,estrecha,media,0.0,0.0,108,133,0.0,4,False,sin encuesta,0,"MODELO: banda de sensibilidad (pesos +-30%, viviendas Censo<->pob/3.6, 0 competidores = desconocido); NO es pronostico ni intervalo estadistico"
19021_0061,Gloria Mendiola,General Escobedo,130,34.5,76,103,127,51,media,baja,0.0,0.0,64,116,0.0,1,False,sin encuesta,0,"MODELO: banda de sensibilidad (pesos +-30%, viviendas Censo<->pob/3.6, 0 competidores = desconocido); NO es pronostico ni intervalo estadistico"
19039_0525,Nueva Estanzuela,Monterrey,131,34.42,82,96,114,32,media,baja,0.0,0.0,66,101,0.0,1,False,sin encuesta,0,"MODELO: banda de sensibilidad (pesos +-30%, viviendas Censo<->pob/3.6, 0 competidores = desconocido); NO es pronostico ni intervalo estadistico"
19026_0457,Valles del Sol,Guadalupe,132,34.2,107,118,126,19,estrecha,media,0.0,0.0,105,121,0.0,3,False,sin encuesta,0,"MODELO: banda de sensibilidad (pesos +-30%, viviendas Censo<->pob/3.6, 0 competidores = desconocido); NO es pronostico ni intervalo estadistico"
19039_0290,Fomerrey 113 (San Bernabe 9),Monterrey,133,33.77,93,108,122,29,estrecha,alta,0.0,0.0,85,114,0.0,3,False,parcial,6,"MODELO: banda de sensibilidad (pesos +-30%, viviendas Censo<->pob/3.6, 0 competidores = desconocido); NO es pronostico ni intervalo estadistico"
19039_0091,Bosques de La Estanzuela,Monterrey,134,33.7,87,103,119,32,media,baja,0.0,0.0,72,108,0.0,1,False,sin encuesta,0,"MODELO: banda de sensibilidad (pesos +-30%, viviendas Censo<->pob/3.6, 0 competidores = desconocido); NO es pronostico ni intervalo estadistico"
19039_0297,Fomerrey 25,Monterrey,135,33.42,105,117,126,21,estrecha,media,0.0,0.0,100,119,0.0,2,False,sin encuesta,0,"MODELO: banda de sensibilidad (pesos +-30%, viviendas Censo<->pob/3.6, 0 competidores = desconocido); NO es pronostico ni intervalo estadistico"
19039_0711,Sierra Ventana,Monterrey,136,33.26,98,115,129,31,media,baja,0.0,0.0,90,121,0.0,4,False,sin encuesta,0,"MODELO: banda de sensibilidad (pesos +-30%, viviendas Censo<->pob/3.6, 0 competidores = desconocido); NO es pronostico ni intervalo estadistico"
19026_0183,Ignacio Zaragoza,Guadalupe,137,33.19,102,118,130,28,estrecha,media,0.0,0.0,89,120,0.0,1,False,sin encuesta,0,"MODELO: banda de sensibilidad (pesos +-30%, viviendas Censo<->pob/3.6, 0 competidores = desconocido); NO es pronostico ni intervalo estadistico"
19021_0250,Santa Martha,General Escobedo,138,32.83,117,126,133,16,estrecha,media,0.0,0.0,112,127,0.0,2,False,sin encuesta,0,"MODELO: banda de sensibilidad (pesos +-30%, viviendas Censo<->pob/3.6, 0 competidores = desconocido); NO es pronostico ni intervalo estadistico"
19039_0784,Venustiano Carranza,Monterrey,139,32.56,113,126,137,24,estrecha,media,0.0,0.0,107,131,0.0,1,False,sin encuesta,0,"MODELO: banda de sensibilidad (pesos +-30%, viviendas Censo<->pob/3.6, 0 competidores = desconocido); NO es pronostico ni intervalo estadistico"
19039_0038,Alvaro Obregon,Monterrey,140,32.51,87,108,125,38,media,baja,0.0,0.0,69,114,0.0,1,False,sin encuesta,0,"MODELO: banda de sensibilidad (pesos +-30%, viviendas Censo<->pob/3.6, 0 competidores = desconocido); NO es pronostico ni intervalo estadistico"
19046_0292,Valle del Mezquital,San Nicolás de los Garza,141,32.35,98,111,122,24,estrecha,media,0.0,0.0,83,112,0.0,1,False,sin encuesta,0,"MODELO: banda de sensibilidad (pesos +-30%, viviendas Censo<->pob/3.6, 0 competidores = desconocido); NO es pronostico ni intervalo estadistico"
19046_0147,Lagos de Chapultepec,San Nicolás de los Garza,142,32.27,110,125,134,24,estrecha,media,0.0,0.0,108,131,0.0,1,False,sin encuesta,0,"MODELO: banda de sensibilidad (pesos +-30%, viviendas Censo<->pob/3.6, 0 competidores = desconocido); NO es pronostico ni intervalo estadistico"
19018_0010,Brisas Residencial,García,143,31.83,118,128,136,18,estrecha,media,0.0,0.0,111,130,0.0,1,False,sin encuesta,0,"MODELO: banda de sensibilidad (pesos +-30%, viviendas Censo<->pob/3.6, 0 competidores = desconocido); NO es pronostico ni intervalo estadistico"
19039_0039,America 2,Monterrey,144,31.81,125,133,139,14,estrecha,media,0.0,0.0,121,134,0.0,1,False,sin encuesta,0,"MODELO: banda de sensibilidad (pesos +-30%, viviendas Censo<->pob/3.6, 0 competidores = desconocido); NO es pronostico ni intervalo estadistico"
19018_0003,Ampliacion Cerritos,García,145,30.88,130,141,149,19,estrecha,media,0.0,0.0,128,147,0.0,2,False,sin encuesta,0,"MODELO: banda de sensibilidad (pesos +-30%, viviendas Censo<->pob/3.6, 0 competidores = desconocido); NO es pronostico ni intervalo estadistico"
19026_0460,Vicente Ferrer,Guadalupe,146,30.78,126,134,140,14,estrecha,media,0.0,0.0,118,134,0.0,1,False,sin encuesta,0,"MODELO: banda de sensibilidad (pesos +-30%, viviendas Censo<->pob/3.6, 0 competidores = desconocido); NO es pronostico ni intervalo estadistico"
19039_0521,Nogales de La Sierra,Monterrey,147,30.17,126,135,142,16,estrecha,media,0.0,0.0,122,138,0.0,1,False,sin encuesta,0,"MODELO: banda de sensibilidad (pesos +-30%, viviendas Censo<->pob/3.6, 0 competidores = desconocido); NO es pronostico ni intervalo estadistico"
19026_0426,Tierra Propia 2Do Sector,Guadalupe,148,29.76,116,129,138,22,estrecha,media,0.0,0.0,103,130,0.0,2,False,sin encuesta,0,"MODELO: banda de sensibilidad (pesos +-30%, viviendas Censo<->pob/3.6, 0 competidores = desconocido); NO es pronostico ni intervalo estadistico"
19018_0146,Renacimiento,García,149,29.65,124,132,138,14,estrecha,media,0.0,0.0,114,131,0.0,1,False,sin encuesta,0,"MODELO: banda de sensibilidad (pesos +-30%, viviendas Censo<->pob/3.6, 0 competidores = desconocido); NO es pronostico ni intervalo estadistico"
19031_0097,Los Encinos,Juárez,150,29.22,132,142,151,19,estrecha,media,0.0,0.0,130,149,0.0,3,False,sin encuesta,0,"MODELO: banda de sensibilidad (pesos +-30%, viviendas Censo<->pob/3.6, 0 competidores = desconocido); NO es pronostico ni intervalo estadistico"
19026_0381,Riberas de La Silla,Guadalupe,151,29.2,98,119,134,36,media,baja,0.0,0.0,80,123,0.0,1,False,sin encuesta,0,"MODELO: banda de sensibilidad (pesos +-30%, viviendas Censo<->pob/3.6, 0 competidores = desconocido); NO es pronostico ni intervalo estadistico"
19039_0300,Fomerrey 51,Monterrey,152,29.09,130,140,148,18,estrecha,media,0.0,0.0,128,146,0.0,2,False,sin encuesta,0,"MODELO: banda de sensibilidad (pesos +-30%, viviendas Censo<->pob/3.6, 0 competidores = desconocido); NO es pronostico ni intervalo estadistico"
19048_0120,Lomas del Poniente 1Er Sector,Santa Catarina,153,28.28,137,145,152,15,estrecha,media,0.0,0.0,135,151,0.0,3,False,sin encuesta,0,"MODELO: banda de sensibilidad (pesos +-30%, viviendas Censo<->pob/3.6, 0 competidores = desconocido); NO es pronostico ni intervalo estadistico"
19039_0319,Genaro Vazquez Rojas,Monterrey,154,28.22,132,141,147,15,estrecha,media,0.0,0.0,125,143,0.0,2,False,sin encuesta,0,"MODELO: banda de sensibilidad (pesos +-30%, viviendas Censo<->pob/3.6, 0 competidores = desconocido); NO es pronostico ni intervalo estadistico"
19006_0312,Novapodaca,Apodaca,155,25.24,147,154,158,11,estrecha,media,0.0,0.0,146,158,0.0,4,False,sin encuesta,0,"MODELO: banda de sensibilidad (pesos +-30%, viviendas Censo<->pob/3.6, 0 competidores = desconocido); NO es pronostico ni intervalo estadistico"
19026_0448,Valle Soleado,Guadalupe,156,24.4,137,144,149,12,estrecha,media,0.0,0.0,127,144,0.0,3,False,sin encuesta,0,"MODELO: banda de sensibilidad (pesos +-30%, viviendas Censo<->pob/3.6, 0 competidores = desconocido); NO es pronostico ni intervalo estadistico"
19021_0071,"Hacienda San Miguel, Sector Palmiras",General Escobedo,157,23.07,142,148,152,10,estrecha,media,0.0,0.0,133,148,0.0,1,False,sin encuesta,0,"MODELO: banda de sensibilidad (pesos +-30%, viviendas Censo<->pob/3.6, 0 competidores = desconocido); NO es pronostico ni intervalo estadistico"
19039_0085,Bella Vista,Monterrey,158,22.73,144,149,154,10,estrecha,media,0.0,0.0,136,149,0.0,1,False,sin encuesta,0,"MODELO: banda de sensibilidad (pesos +-30%, viviendas Censo<->pob/3.6, 0 competidores = desconocido); NO es pronostico ni intervalo estadistico"
19031_0067,Joaquin Garza Y Garza,Juárez,159,21.46,141,149,154,13,estrecha,media,0.0,0.0,130,149,0.0,1,False,sin encuesta,0,"MODELO: banda de sensibilidad (pesos +-30%, viviendas Censo<->pob/3.6, 0 competidores = desconocido); NO es pronostico ni intervalo estadistico"
19048_0129,Martires de Cananea,Santa Catarina,160,19.58,145,152,156,11,estrecha,media,0.0,0.0,134,152,0.0,2,False,sin encuesta,0,"MODELO: banda de sensibilidad (pesos +-30%, viviendas Censo<->pob/3.6, 0 competidores = desconocido); NO es pronostico ni intervalo estadistico"
19021_0113,Las Malvinas,General Escobedo,161,18.89,156,159,161,5,estrecha,media,0.0,0.0,155,161,0.0,2,False,sin encuesta,0,"MODELO: banda de sensibilidad (pesos +-30%, viviendas Censo<->pob/3.6, 0 competidores = desconocido); NO es pronostico ni intervalo estadistico"
19006_0235,Lomas del Pedregal,Apodaca,162,15.91,160,163,164,4,estrecha,media,0.0,0.0,160,164,0.0,4,False,sin encuesta,0,"MODELO: banda de sensibilidad (pesos +-30%, viviendas Censo<->pob/3.6, 0 competidores = desconocido); NO es pronostico ni intervalo estadistico"
19018_0076,Los Encinos Residencial,García,163,15.49,159,161,163,4,estrecha,media,0.0,0.0,157,161,0.0,2,False,sin encuesta,0,"MODELO: banda de sensibilidad (pesos +-30%, viviendas Censo<->pob/3.6, 0 competidores = desconocido); NO es pronostico ni intervalo estadistico"
19031_0111,Mirador del Parque,Juárez,164,14.44,155,158,161,6,estrecha,media,0.0,0.0,152,159,0.0,1,False,sin encuesta,0,"MODELO: banda de sensibilidad (pesos +-30%, viviendas Censo<->pob/3.6, 0 competidores = desconocido); NO es pronostico ni intervalo estadistico"
19031_0133,Portal de Vaquerias,Juárez,165,12.19,161,163,165,4,estrecha,media,0.0,0.0,158,164,0.0,1,False,sin encuesta,0,"MODELO: banda de sensibilidad (pesos +-30%, viviendas Censo<->pob/3.6, 0 competidores = desconocido); NO es pronostico ni intervalo estadistico"
19046_0187,Nogalar,San Nicolás de los Garza,166,8.02,165,166,167,2,estrecha,media,0.0,0.0,165,167,0.0,2,False,sin encuesta,0,"MODELO: banda de sensibilidad (pesos +-30%, viviendas Censo<->pob/3.6, 0 competidores = desconocido); NO es pronostico ni intervalo estadistico"
19006_0251,Los Fresnos 1Er Sector,Apodaca,167,7.61,164,166,167,3,estrecha,media,0.0,0.0,163,166,0.0,1,False,sin encuesta,0,"MODELO: banda de sensibilidad (pesos +-30%, viviendas Censo<->pob/3.6, 0 competidores = desconocido); NO es pronostico ni intervalo estadistico"
