cve_col,colonia,municipio,rank_v2_hub,score_v2_hub,rank_base,score_base,delta_rank_v2hub_a_v3base,D_star,A_star_v2,A_star_v3,C_star_v2,C_star_v3,comp_n_300m,anclas_por_1000viv,pts_D,pts_A_v2,pts_C_v2,pts_A_v3,pts_C_v3,rank_colonias_v2_scored_csv,score_colonias_v2_scored_csv
19039_0167,Croc,Monterrey,1,76.5,4,68.73,-3,1.0,0.155,0.374,0.264,0.416,3,21.89,40.0,3.094,18.405,11.205,17.529,2,81.6
19048_0220,San Gilberto,Santa Catarina,2,74.53,44,52.23,-42,0.569,1.0,0.602,0.329,0.62,4,25.64,22.768,20.0,16.765,18.072,11.385,1,82.69
19021_0247,San Miguel Residencial,General Escobedo,3,71.73,3,69.46,0,0.878,0.0,0.145,0.136,0.0,0,16.83,35.12,0.0,21.608,4.338,30.0,4,74.55
19039_0656,Riveras del Rio,Monterrey,4,67.56,33,54.78,-29,0.85,0.0,0.169,0.258,0.476,2,17.31,33.996,0.0,18.557,5.061,15.723,6,72.37
19021_0280,Villas de San Francisco,General Escobedo,5,66.1,23,59.98,-18,0.74,0.0,0.012,0.141,0.0,0,11.5,29.62,0.0,21.478,0.36,30.0,8,69.47
19048_0115,Lomas de La Fama,Santa Catarina,6,65.93,76,43.94,-70,0.471,0.782,0.337,0.341,0.5,1,20.44,18.824,15.632,16.47,10.119,15.0,5,73.45
19039_0104,Burocratas Municipales,Monterrey,7,65.65,86,42.1,-79,0.646,0.32,0.247,0.263,0.705,4,18.74,25.832,6.396,18.428,7.41,8.856,7,72.12
19021_0177,Nuevo Leon Estado de Progreso (Alianza Real),General Escobedo,8,65.63,25,59.51,-17,0.896,0.0,0.139,0.408,0.349,1,16.83,35.836,0.0,14.798,4.158,19.518,9,67.77
19039_0727,Topo Chico,Monterrey,9,64.57,28,57.79,-19,0.523,0.469,0.584,0.23,0.355,1,25.32,20.924,9.384,19.258,17.529,19.338,3,76.69
19039_0343,Independencia,Monterrey,10,62.66,65,47.66,-55,0.726,0.0,0.066,0.256,0.446,6,14.81,29.044,0.0,18.612,1.989,16.626,11,65.47
19031_0116,Monte Kristal,Juárez,11,62.47,48,50.84,-37,0.602,0.0,0.614,0.065,0.723,5,26.18,24.096,0.0,23.375,18.435,8.313,15,64.09
19006_0361,Prados de La Cieneguita,Apodaca,12,62.27,74,44.84,-62,0.547,0.506,0.675,0.39,0.91,6,28.5,21.892,10.118,15.26,20.241,2.712,14,64.29
19021_0061,Gloria Mendiola,General Escobedo,13,59.49,130,34.5,-117,0.542,0.0,0.0,0.087,0.572,1,9.31,21.664,0.0,22.83,0.0,12.831,18,61.64
19039_0381,La Altamira,Monterrey,14,59.21,89,41.6,-75,0.624,0.0,0.114,0.231,0.56,2,16.33,24.976,0.0,19.235,3.435,13.194,12,64.96
19039_0321,Gloria Mendiola,Monterrey,15,58.78,8,65.73,7,0.627,0.0,0.355,0.251,0.0,0,20.95,25.064,0.0,18.715,10.662,30.0,13,64.9
19026_0072,Cañada Blanca,Guadalupe,16,58.66,59,48.71,-43,0.508,0.312,0.331,0.316,0.386,2,20.34,20.332,6.23,17.1,9.939,18.435,10,66.31
19031_0154,Rancho Viejo,Juárez,17,57.22,68,46.59,-51,0.528,0.0,0.843,0.155,0.994,7,34.52,21.104,0.0,21.122,25.302,0.18,21,61.02
19021_0103,La Unidad,General Escobedo,18,56.52,92,41.01,-74,0.429,0.207,0.259,0.191,0.464,2,18.76,17.152,4.14,20.235,7.77,16.083,19,61.09
19039_0666,San Bernabe 1Er Sector,Monterrey,19,55.96,12,64.59,7,0.842,0.058,0.41,0.755,0.38,2,22.43,33.688,1.156,6.118,12.288,18.615,24,60.11
19021_0055,Fernando Amilpa,General Escobedo,20,55.52,42,52.42,-22,0.43,0.123,0.175,0.165,0.0,0,17.34,17.184,2.458,20.88,5.241,30.0,35,58.4
19021_0002,18 de Octubre,General Escobedo,21,55.36,77,43.86,-56,0.491,0.0,0.181,0.171,0.374,1,17.65,19.64,0.0,20.72,5.421,18.795,27,59.53
19021_0239,Rivera de Los Naranjos,General Escobedo,22,54.93,106,37.47,-84,0.503,0.0,0.241,0.208,0.663,1,18.69,20.124,0.0,19.805,7.23,10.119,25,59.79
19048_0058,Fama Iii,Santa Catarina,23,53.86,38,53.65,-15,0.496,0.078,0.566,0.302,0.44,1,24.94,19.852,1.556,17.447,16.989,16.806,16,63.44
19039_0741,Unidad Pedreras ( Fomerrey 106 ),Monterrey,24,53.82,111,37.12,-87,0.377,0.224,0.639,0.23,0.904,3,27.51,15.076,4.49,19.255,19.158,2.892,52,55.06
19026_0310,Nuevo Almaguer,Guadalupe,25,53.61,56,49.19,-31,0.448,0.0,0.042,0.173,0.0,0,13.2,17.928,0.0,20.678,1.266,30.0,36,57.88
19048_0195,Puerta del Sol,Santa Catarina,26,53.45,109,37.26,-83,0.258,0.308,0.861,0.121,0.964,3,35.41,10.332,6.152,21.968,25.842,1.083,69,52.0
19039_0293,Fomerrey 116 (San Bernabe 8),Monterrey,27,52.94,60,48.46,-33,0.398,0.433,0.506,0.466,0.422,1,24.09,15.928,8.664,13.345,15.18,17.349,34,58.75
19039_0711,Sierra Ventana,Monterrey,28,52.92,136,33.26,-108,0.452,0.038,0.235,0.237,0.729,4,18.68,18.084,0.77,19.065,7.047,8.133,32,58.81
19026_0432,Unidad Piloto,Guadalupe,29,52.8,22,60.28,7,0.445,0.0,0.416,0.2,0.0,0,22.47,17.812,0.0,19.992,12.471,30.0,37,57.69
19039_0770,Valle de Santa Lucia (Granja Sanitaria),Monterrey,30,52.6,80,43.09,-50,0.494,0.058,0.289,0.334,0.512,5,19.59,19.776,1.166,16.66,8.676,14.64,23,60.32
19021_0056,Fomerrey 36,General Escobedo,31,52.36,103,37.68,-72,0.318,0.572,0.753,0.473,0.922,4,30.74,12.74,11.438,13.18,22.59,2.349,31,59.09
19006_0405,Pueblo Nuevo 3Er Sector,Apodaca,32,52.32,37,53.92,-5,0.485,0.0,0.151,0.283,0.0,0,16.99,19.4,0.0,17.915,4.518,30.0,30,59.1
19021_0183,Pedregal del Topo Chico [19021_0183],General Escobedo,33,52.23,79,43.56,-46,0.38,0.0,0.307,0.118,0.361,1,19.81,15.188,0.0,22.037,9.216,19.158,51,55.19
19006_0407,Pueblo Nuevo 5To Sector,Apodaca,34,52.04,49,50.64,-15,0.371,0.126,0.783,0.213,0.59,2,31.3,14.856,2.512,19.678,23.493,12.288,40,57.09
19006_0310,Noria Norte,Apodaca,35,52.02,54,49.4,-19,0.236,0.455,0.699,0.261,0.368,1,28.93,9.46,9.092,18.472,20.964,18.975,61,52.88
19039_0314,Francisco Villa,Monterrey,36,52.01,119,35.63,-83,0.502,0.036,0.404,0.352,0.886,4,22.42,20.084,0.718,16.213,12.108,3.435,22,60.5
19039_0664,San Angel Sur ( Los Remates ),Monterrey,37,51.94,85,42.16,-48,0.381,0.0,0.295,0.132,0.398,2,19.71,15.228,0.0,21.708,8.856,18.072,50,55.23
19048_0151,Paseo de Las Minas,Santa Catarina,38,51.87,13,64.01,25,0.48,0.0,0.494,0.293,0.0,0,23.92,19.192,0.0,17.672,14.82,30.0,29,59.15
19039_0289,Fomerrey 112 (San Bernabe 9),Monterrey,39,51.85,2,69.55,37,0.446,0.184,0.723,0.388,0.0,0,30.13,17.86,3.69,15.302,21.687,30.0,28,59.15
19039_0725,Tierra Y Libertad,Monterrey,40,51.6,57,49.12,-17,0.451,0.044,0.886,0.292,0.849,3,36.4,18.032,0.876,17.692,26.565,4.518,33,58.8
19039_0284,Fomerrey 1 ( Reforma ),Monterrey,41,51.49,31,56.12,10,0.45,0.094,0.729,0.335,0.458,1,30.19,17.984,1.874,16.63,21.867,16.266,17,62.17
19039_0030,Alfonso Reyes,Monterrey,42,51.23,64,47.69,-22,0.406,0.037,0.048,0.23,0.0,0,14.19,16.24,0.734,19.25,1.446,30.0,41,56.91
19039_0091,Bosques de La Estanzuela,Monterrey,43,51.2,134,33.7,-91,0.336,0.0,0.199,0.09,0.524,1,17.95,13.46,0.0,22.738,5.964,14.277,56,53.46
19026_0316,Nuevo San Rafael,Guadalupe,44,50.91,116,36.47,-72,0.302,0.199,0.205,0.206,0.392,1,18.01,12.076,3.978,19.852,6.144,18.252,26,59.63
19031_0108,Los Valles,Juárez,45,50.6,61,48.17,-16,0.35,0.0,0.898,0.137,0.759,1,36.54,14.016,0.0,21.58,26.928,7.23,53,54.02
19039_0298,Fomerrey 35 (Tierra Propia),Monterrey,46,50.47,16,62.63,30,0.35,0.09,0.62,0.214,0.0,0,26.28,14.012,1.802,19.652,18.615,30.0,47,55.4
19021_0184,Pedregal del Topo Chico [19021_0184],General Escobedo,47,49.96,84,42.35,-37,0.291,0.0,0.024,0.067,0.0,0,12.06,11.632,0.0,23.332,0.723,30.0,74,51.61
19048_0216,Rincon de Las Mitras (Fomerrey 2),Santa Catarina,48,49.91,10,65.2,38,0.365,0.146,0.687,0.304,0.0,0,28.84,14.596,2.922,17.398,20.601,30.0,20,61.05
19021_0174,Nueva Esperanza,General Escobedo,49,49.84,75,44.46,-26,0.384,0.0,0.476,0.221,0.506,2,23.75,15.36,0.0,19.478,14.277,14.82,49,55.25
19039_0684,San Martin,Monterrey,50,49.72,45,51.68,5,0.425,0.058,0.59,0.337,0.434,1,25.32,16.984,1.158,16.58,17.712,16.989,39,57.34
19006_0406,Pueblo Nuevo 4To Sector,Apodaca,51,49.58,5,67.0,46,0.198,0.228,0.97,0.116,0.0,0,50.4,7.904,4.558,22.112,29.097,30.0,115,47.49
19031_0009,Arboledas de Los Naranjos,Juárez,52,49.32,97,39.07,-45,0.218,0.192,0.892,0.129,0.88,1,36.53,8.704,3.83,21.782,26.748,3.615,95,49.78
19031_0057,Hector Caballero,Juárez,53,49.06,51,50.24,2,0.28,0.0,0.301,0.086,0.0,0,19.79,11.208,0.0,22.858,9.036,30.0,80,51.21
19021_0006,Agropecuaria Emiliano Zapata (Col Nueva Esperanza),General Escobedo,54,49.02,105,37.52,-51,0.22,0.158,0.386,0.117,0.428,1,22.24,8.784,3.158,22.08,11.565,17.169,103,48.67
19039_0433,Libertadores de America,Monterrey,55,48.88,50,50.33,5,0.35,0.0,0.211,0.205,0.0,0,18.1,14.004,0.0,19.872,6.324,30.0,54,53.93
19039_0319,Genaro Vazquez Rojas,Monterrey,56,48.7,154,28.22,-98,0.389,0.0,0.187,0.275,0.765,2,17.83,15.568,0.0,18.13,5.601,7.047,48,55.32
19039_0525,Nueva Estanzuela,Monterrey,57,48.69,131,34.42,-74,0.291,0.0,0.253,0.118,0.494,1,18.75,11.652,0.0,22.037,7.59,15.18,72,51.65
19026_0448,Valle Soleado,Guadalupe,58,48.58,156,24.4,-98,0.276,0.0,0.102,0.098,0.657,3,15.77,11.028,0.0,22.548,3.072,10.302,82,51.03
19026_0049,Atoyac de Alvarez,Guadalupe,59,48.57,67,47.35,-8,0.23,0.202,0.271,0.188,0.0,0,19.32,9.216,4.048,20.31,8.133,30.0,60,53.08
19026_0017,25 de Noviembre,Guadalupe,60,48.27,29,57.16,31,0.223,0.18,0.608,0.17,0.0,0,26.01,8.908,3.608,20.758,18.252,30.0,65,52.42
19026_0460,Vicente Ferrer,Guadalupe,61,48.23,146,30.78,-85,0.313,0.0,0.349,0.172,0.741,1,20.66,12.524,0.0,20.702,10.482,7.77,66,52.42
19039_0383,La Campana,Monterrey,62,48.11,124,35.39,-62,0.347,0.0,0.283,0.231,0.566,1,19.54,13.88,0.0,19.232,8.493,13.011,55,53.87
19006_0404,Pueblo Nuevo 2Do Sector,Apodaca,63,47.71,69,46.45,-6,0.402,0.0,0.5,0.335,0.488,1,24.09,16.092,0.0,16.615,15.0,15.36,43,56.03
19018_0002,Ampl Los Nogales ( El Polvorin ),García,64,47.69,82,42.4,-18,0.251,0.138,0.916,0.205,0.837,2,39.48,10.052,2.764,19.87,27.471,4.881,45,55.8
19048_0014,Arboledas de Las Mitras (Carlos Salinas de Gortari),Santa Catarina,65,47.48,118,35.87,-53,0.31,0.0,0.464,0.196,0.681,1,23.36,12.38,0.0,20.102,13.917,9.579,67,52.37
19018_0146,Renacimiento,García,66,47.38,149,29.65,-83,0.235,0.0,0.361,0.081,0.687,1,20.98,9.408,0.0,22.97,10.842,9.399,99,49.41
19039_0250,El Porvenir,Monterrey,67,47.36,63,47.75,4,0.376,0.068,0.572,0.361,0.482,1,24.97,15.036,1.358,15.97,17.169,15.543,44,55.86
19039_0345,Industrial,Monterrey,68,47.29,87,42.0,-19,0.458,0.21,0.422,0.609,0.632,3,22.77,18.324,4.192,9.772,12.651,11.025,107,48.35
19018_0010,Brisas Residencial,García,69,47.08,143,31.83,-74,0.086,0.203,0.717,0.017,0.771,1,29.96,3.452,4.058,24.575,21.507,6.867,141,44.59
19026_0070,Campestre La Silla,Guadalupe,70,46.99,83,42.4,-13,0.31,0.0,0.693,0.216,0.693,1,28.87,12.396,0.0,19.595,20.784,9.216,75,51.6
19039_0739,Unidad del Pueblo,Monterrey,71,46.79,127,34.91,-56,0.299,0.0,0.38,0.207,0.614,1,22.15,11.96,0.0,19.835,11.385,11.565,71,51.95
19039_0290,Fomerrey 113 (San Bernabe 9),Monterrey,72,46.64,133,33.77,-61,0.428,0.04,0.265,0.452,0.711,3,18.89,17.14,0.808,13.698,7.953,8.676,59,53.1
19039_0041,Ampliacion Municipal,Monterrey,73,46.18,1,73.73,72,0.393,0.0,0.934,0.381,0.0,0,40.74,15.716,0.0,15.465,28.011,30.0,46,55.56
19006_0327,Parque Industrial Intermex Industrial Campus Apodaca,Apodaca,74,46.15,93,40.82,-19,0.266,0.0,0.006,0.18,0.0,0,11.04,10.644,0.0,20.508,0.18,30.0,97,49.61
19026_0381,Riberas de La Silla,Guadalupe,75,46.12,151,29.2,-76,0.269,0.0,0.084,0.186,0.47,1,15.31,10.768,0.0,20.355,2.529,15.903,89,50.28
19046_0081,Fomerrey 129 (Mirador San Nicolas),San Nicolás de los Garza,76,46.1,110,37.23,-34,0.217,0.0,0.488,0.103,0.536,1,23.91,8.672,0.0,22.428,14.64,13.917,118,47.17
19021_0175,Nuevo Escobedo,General Escobedo,77,46.07,94,40.47,-17,0.28,0.0,0.428,0.205,0.452,1,22.94,11.192,0.0,19.882,12.831,16.446,81,51.14
19048_0065,Hacienda Santa Catarina (Fomerrey 29),Santa Catarina,78,45.92,125,35.2,-47,0.274,0.0,0.795,0.202,0.988,5,31.5,10.98,0.0,19.945,23.856,0.36,84,50.69
19039_0299,Fomerrey 45,Monterrey,79,45.8,99,38.7,-20,0.227,0.0,0.53,0.131,0.542,1,24.46,9.064,0.0,21.732,15.903,13.734,101,49.06
19039_0550,Paseo de San Bernabe,Monterrey,80,45.78,35,54.09,45,0.241,0.0,0.482,0.154,0.0,0,23.91,9.632,0.0,21.15,14.457,30.0,105,48.47
19048_0071,Indeco La Fama 1,Santa Catarina,81,45.67,20,60.75,61,0.078,0.524,0.922,0.316,0.0,0,39.81,3.1,10.478,17.092,27.651,30.0,57,53.23
19021_0250,Santa Martha,General Escobedo,82,45.66,138,32.83,-56,0.256,0.0,0.548,0.183,0.795,2,24.58,10.236,0.0,20.42,16.446,6.144,90,50.21
19021_0052,Eulalio Villarreal,General Escobedo,83,45.57,71,45.26,12,0.282,0.0,0.976,0.229,0.843,1,50.51,11.284,0.0,19.285,29.277,4.698,79,51.28
19048_0232,Sarabia,Santa Catarina,84,45.57,91,41.34,-7,0.225,0.0,0.078,0.137,0.0,0,15.3,8.992,0.0,21.578,2.349,30.0,106,48.37
19048_0021,Balcones de Santa Catarina ( Fomerrey 134),Santa Catarina,85,45.5,95,40.11,-10,0.248,0.0,0.56,0.177,0.554,1,24.71,9.928,0.0,20.577,16.806,13.374,94,49.86
19046_0057,Constituyentes de Queretaro 4 Sec,San Nicolás de los Garza,86,45.48,128,34.7,-42,0.0,0.555,0.157,0.224,0.0,0,16.99,0.0,11.098,19.388,4.698,30.0,93,49.92
19046_0021,Azteca,San Nicolás de los Garza,87,45.36,40,52.83,47,0.164,0.27,0.542,0.264,0.0,0,24.58,6.564,5.396,18.398,16.266,30.0,42,56.61
19039_0292,Fomerrey 115 (San Bernabe 12),Monterrey,88,45.33,19,61.48,69,0.394,0.121,0.524,0.514,0.0,0,24.3,15.756,2.42,12.155,15.723,30.0,77,51.4
19039_0291,Fomerrey 114 (San Bernabe 13),Monterrey,89,45.29,21,60.6,68,0.331,0.12,0.578,0.414,0.0,0,25.26,13.248,2.396,14.65,17.349,30.0,63,52.63
19031_0010,Arboledas de San Roque,Juárez,90,44.85,66,47.61,24,0.183,0.0,0.343,0.098,0.0,0,20.55,7.304,0.0,22.545,10.302,30.0,117,47.3
19039_0112,Carmen Serdan,Monterrey,91,44.81,108,37.31,-17,0.246,0.13,0.831,0.306,0.916,2,33.65,9.844,2.602,17.36,24.939,2.529,85,50.68
19039_0384,La Condesa,Monterrey,92,44.79,122,35.56,-30,0.207,0.0,0.512,0.139,0.602,1,24.22,8.268,0.0,21.52,15.36,11.928,108,48.27
19021_0281,Villas de San Francisco 2Do Sector,General Escobedo,93,44.65,58,48.81,35,0.177,0.0,0.392,0.096,0.0,0,22.29,7.064,0.0,22.588,11.748,30.0,119,47.04
19039_0626,Rene Alvarez,Monterrey,94,44.63,30,56.42,64,0.272,0.0,0.518,0.25,0.0,0,24.22,10.88,0.0,18.742,15.543,30.0,83,50.8
19039_0637,Revolucion Proletaria,Monterrey,95,44.6,78,43.57,17,0.285,0.077,0.681,0.334,0.608,1,28.72,11.404,1.534,16.66,20.421,11.748,62,52.85
19026_0236,La Playa,Guadalupe,96,44.55,11,64.98,85,0.129,0.232,0.994,0.21,0.0,0,59.73,5.164,4.638,19.75,29.82,30.0,138,44.82
19026_0160,Garza Melo,Guadalupe,97,44.44,117,36.39,-20,0.151,0.228,0.982,0.246,0.97,2,50.9,6.024,4.564,18.85,29.457,0.903,121,46.87
19031_0117,Monte Kristal 4To Sector,Juárez,98,44.12,115,36.48,-17,0.166,0.0,0.747,0.102,0.753,1,30.42,6.66,0.0,22.462,22.41,7.41,124,46.66
19046_0300,Vicente Guerrero 3 Sector,San Nicolás de los Garza,99,44.11,55,49.29,44,0.274,0.063,0.277,0.325,0.0,0,19.53,10.98,1.258,16.875,8.313,30.0,78,51.4
19018_0055,Hacienda Renacimiento,García,100,44.09,114,36.52,-14,0.064,0.17,0.132,0.074,0.0,0,16.51,2.548,3.398,23.145,3.975,30.0,86,50.54
19018_0077,Los Nogales,García,101,44.0,72,45.09,29,0.21,0.088,0.958,0.247,0.735,1,47.52,8.408,1.758,18.83,28.734,7.953,68,52.11
19026_0426,Tierra Propia 2Do Sector,Guadalupe,102,44.0,148,29.76,-46,0.31,0.0,0.223,0.336,0.645,2,18.21,12.408,0.0,16.592,6.687,10.662,100,49.17
19018_0076,Los Encinos Residencial,García,103,43.96,163,15.49,-60,0.085,0.072,0.217,0.035,0.813,2,18.17,3.384,1.444,24.135,6.507,5.601,123,46.74
19031_0109,Los Valles 2Do Sector,Juárez,104,43.92,52,49.62,52,0.156,0.0,0.446,0.093,0.0,0,23.19,6.244,0.0,22.675,13.374,30.0,129,46.24
19046_0036,Carmen Romano,San Nicolás de los Garza,105,43.88,126,35.14,-21,0.26,0.246,0.229,0.457,0.404,1,18.57,10.38,4.918,13.585,6.867,17.892,126,46.5
19048_0033,Cimas de Las Mitras (Ampl Raul Salinas Lozano),Santa Catarina,106,43.84,47,51.03,59,0.286,0.0,0.319,0.305,0.0,0,20.01,11.456,0.0,17.38,9.579,30.0,76,51.41
19031_0097,Los Encinos,Juárez,107,43.66,150,29.22,-43,0.125,0.141,0.735,0.167,0.928,3,30.23,5.004,2.822,20.835,22.047,2.169,73,51.64
19026_0013,2 de Mayo,Guadalupe,108,43.66,102,38.12,6,0.144,0.158,0.705,0.211,0.626,1,29.27,5.772,3.162,19.722,21.144,11.205,91,50.19
19021_0206,Privadas de Camino Real Ii,General Escobedo,109,43.51,81,42.64,28,0.226,0.0,0.12,0.221,0.0,0,16.41,9.024,0.0,19.485,3.615,30.0,102,48.73
19018_0003,Ampliacion Cerritos,García,110,43.51,145,30.88,-35,0.117,0.0,0.825,0.046,0.952,2,33.21,4.672,0.0,23.84,24.759,1.446,139,44.65
19039_0508,Moctezuma,Monterrey,111,43.49,26,59.37,85,0.16,0.215,0.765,0.289,0.0,0,31.01,6.416,4.296,17.775,22.953,30.0,88,50.34
19039_0521,Nogales de La Sierra,Monterrey,112,43.33,147,30.17,-35,0.144,0.0,0.632,0.098,0.819,1,27.37,5.772,0.0,22.558,18.975,5.421,131,45.77
19021_0188,Portal de San Francisco Sector 20 de Noviembre,General Escobedo,113,43.13,107,37.33,6,0.116,0.0,0.09,0.06,0.0,0,15.34,4.624,0.0,23.505,2.712,30.0,140,44.61
19039_0430,Lazaro Cardenas,Monterrey,114,43.11,17,62.41,97,0.133,0.0,0.904,0.088,0.0,0,37.7,5.304,0.0,22.805,27.108,30.0,137,45.1
19039_0156,Constituyentes del 57,Monterrey,115,43.01,41,52.59,74,0.212,0.0,0.47,0.219,0.0,0,23.43,8.492,0.0,19.52,14.097,30.0,111,47.86
19048_0056,Eugenio Canavati,Santa Catarina,116,42.99,36,53.98,80,0.256,0.154,0.458,0.413,0.0,0,23.31,10.248,3.076,14.67,13.734,30.0,38,57.36
19046_0207,Paseo del Nogalar,San Nicolás de los Garza,117,42.98,14,63.54,103,0.238,0.176,0.801,0.402,0.0,0,31.61,9.504,3.528,14.945,24.036,30.0,64,52.59
19048_0237,Union de Colonos,Santa Catarina,118,42.92,113,36.75,5,0.155,0.0,0.018,0.132,0.0,0,11.8,6.212,0.0,21.713,0.543,30.0,132,45.67
19039_0288,Fomerrey 110 (San Bernabe 15),Monterrey,119,42.91,34,54.7,85,0.369,0.0,0.88,0.474,0.548,1,36.23,14.76,0.0,13.15,26.385,13.554,96,49.75
19026_0291,Miguel Hidalgo,Guadalupe,120,42.73,15,62.97,105,0.196,0.0,0.837,0.205,0.0,0,34.0,7.848,0.0,19.878,25.119,30.0,112,47.74
19039_0296,Fomerrey 24,Monterrey,121,42.61,7,66.3,114,0.203,0.039,0.94,0.251,0.0,0,40.97,8.112,0.784,18.715,28.194,30.0,109,48.22
19039_0518,Niño Artillero,Monterrey,122,42.22,53,49.56,69,0.336,0.0,0.874,0.448,0.669,2,35.88,13.42,0.0,13.798,26.205,9.939,150,43.58
19026_0021,31 de Diciembre,Guadalupe,123,42.17,98,38.78,25,0.138,0.0,0.759,0.134,0.651,1,30.95,5.528,0.0,21.64,22.77,10.482,134,45.52
19046_0147,Lagos de Chapultepec,San Nicolás de los Garza,124,42.09,142,32.27,-18,0.152,0.254,0.741,0.362,0.868,1,30.4,6.068,5.078,15.945,22.23,3.975,130,46.01
19048_0120,Lomas del Poniente 1Er Sector,Santa Catarina,125,41.98,153,28.28,-28,0.206,0.083,0.645,0.316,0.976,3,27.55,8.22,1.662,17.09,19.338,0.723,70,51.98
19006_0345,Pimsa Sur,Apodaca,126,41.87,123,35.5,3,0.115,0.0,0.03,0.109,0.0,0,12.06,4.592,0.0,22.282,0.903,30.0,151,43.48
19046_0292,Valle del Mezquital,San Nicolás de los Garza,127,41.78,141,32.35,-14,0.149,0.357,0.398,0.453,0.518,1,22.32,5.96,7.134,13.683,11.928,14.457,161,40.64
19039_0287,Fomerrey 109 (San Bernabe 14),Monterrey,128,41.69,62,48.08,66,0.28,0.044,0.813,0.416,0.584,1,33.12,11.216,0.88,14.592,24.399,12.471,113,47.72
19039_0039,America 2,Monterrey,129,41.65,144,31.81,-15,0.163,0.0,0.669,0.194,0.825,1,27.88,6.512,0.0,20.138,20.061,5.241,127,46.47
19021_0248,Santa Lucia,General Escobedo,130,41.59,104,37.68,26,0.169,0.0,0.964,0.207,0.934,2,50.13,6.776,0.0,19.818,28.917,1.989,122,46.77
19039_0002,10 de Marzo,Monterrey,131,41.57,73,45.03,58,0.29,0.0,0.789,0.401,0.675,1,31.41,11.592,0.0,14.978,23.676,9.759,136,45.13
19039_0257,Emiliano Zapata,Monterrey,132,41.56,32,54.85,100,0.129,0.0,0.657,0.144,0.0,0,27.78,5.152,0.0,21.412,19.698,30.0,148,43.77
19006_0403,Pueblo Nuevo 1Er Sector,Apodaca,133,41.49,6,66.83,127,0.171,0.0,1.0,0.214,0.0,0,64.67,6.828,0.0,19.662,30.0,30.0,128,46.45
19006_0312,Novapodaca,Apodaca,134,41.42,155,25.24,-21,0.048,0.321,0.777,0.277,1.0,4,31.07,1.928,6.412,18.075,23.313,0.0,163,37.43
19021_0057,Fomerrey 9 (Solidaridad Social),General Escobedo,135,41.36,101,38.26,34,0.234,0.305,0.855,0.563,0.892,3,35.19,9.348,6.094,10.92,25.662,3.252,114,47.67
19026_0457,Valles del Sol,Guadalupe,136,41.36,132,34.2,4,0.258,0.048,0.651,0.398,0.855,3,27.61,10.34,0.968,15.055,19.518,4.338,135,45.34
19039_0316,Fray Servando Teresa de Mier (Fomerrey 6 ),Monterrey,137,41.24,121,35.58,16,0.207,0.089,0.771,0.353,0.861,1,31.03,8.288,1.774,16.185,23.133,4.158,92,49.94
19039_0553,Paseo del Vergel 1Er Sector,Monterrey,138,41.21,120,35.62,18,0.113,0.0,0.036,0.133,0.0,0,12.57,4.532,0.0,21.68,1.083,30.0,142,44.53
19021_0071,"Hacienda San Miguel, Sector Palmiras",General Escobedo,139,41.2,157,23.07,-18,0.03,0.0,0.368,0.0,0.639,1,21.84,1.2,0.0,25.0,11.025,10.842,159,41.2
19048_0032,Cerro de Las Mitras (Raul Salinas Lozano),Santa Catarina,140,41.17,39,52.91,101,0.234,0.082,0.452,0.393,0.0,0,23.27,9.352,1.65,15.172,13.554,30.0,58,53.16
19006_0235,Lomas del Pedregal,Apodaca,141,41.14,162,15.91,-21,0.149,0.052,0.313,0.235,0.982,4,19.83,5.968,1.042,19.123,9.399,0.543,120,46.95
19031_0067,Joaquin Garza Y Garza,Juárez,142,41.09,159,21.46,-17,0.076,0.0,0.193,0.078,0.578,1,17.88,3.028,0.0,23.06,5.784,12.651,154,43.02
19026_0461,Vicente Guerrero,Guadalupe,143,40.69,46,51.26,97,0.062,0.089,0.626,0.142,0.0,0,26.81,2.468,1.772,21.445,18.795,30.0,146,44.04
19026_0220,Josefa Zozaya 2Do Sector,Guadalupe,144,40.53,88,41.7,56,0.175,0.072,0.946,0.317,0.789,1,43.87,7.0,1.444,17.085,28.374,6.324,87,50.4
19039_0784,Venustiano Carranza,Monterrey,145,40.32,139,32.56,6,0.055,0.04,0.819,0.107,0.807,1,33.2,2.196,0.796,22.332,24.579,5.784,156,42.55
19021_0040,Colinas del Topo Chico,General Escobedo,146,40.32,90,41.43,56,0.164,0.0,0.91,0.249,0.747,1,38.78,6.548,0.0,18.768,27.288,7.59,125,46.5
19039_0061,Argentina,Monterrey,147,39.86,43,52.31,104,0.11,0.0,0.596,0.182,0.0,0,25.43,4.416,0.0,20.45,17.892,30.0,147,43.91
19026_0434,Union Modelo,Guadalupe,148,39.84,24,59.73,124,0.093,0.087,0.868,0.224,0.0,0,35.62,3.708,1.742,19.395,26.025,30.0,145,44.09
19039_0295,Fomerrey 23 ( Laderas de Topo Chico),Monterrey,149,39.66,18,61.83,131,0.159,0.092,0.849,0.341,0.0,0,34.84,6.348,1.838,16.478,25.482,30.0,116,47.43
19039_0297,Fomerrey 25,Monterrey,150,39.56,135,33.42,15,0.343,0.121,0.44,0.664,0.783,2,23.11,13.724,2.428,8.41,13.194,6.507,144,44.17
19031_0133,Portal de Vaquerias,Juárez,151,39.39,165,12.19,-14,0.043,0.0,0.126,0.093,0.777,1,16.49,1.712,0.0,22.682,3.795,6.687,158,41.71
19021_0224,Puerta del Sol,General Escobedo,152,39.35,100,38.56,52,0.142,0.0,0.096,0.253,0.0,0,15.53,5.668,0.0,18.678,2.892,30.0,133,45.53
19039_0663,San Angel Norte,Monterrey,153,39.13,96,39.57,57,0.199,0.0,0.928,0.353,0.874,1,40.14,7.944,0.0,16.183,27.831,3.795,110,47.93
19048_0129,Martires de Cananea,Santa Catarina,154,39.09,160,19.58,-6,0.056,0.333,0.108,0.393,0.53,2,16.26,2.232,6.668,15.182,3.252,14.097,104,48.51
19046_0052,Const de Queretaro 1 Sec,San Nicolás de los Garza,155,38.91,70,46.39,85,0.008,0.225,0.536,0.236,0.0,0,24.55,0.308,4.496,19.105,16.083,30.0,98,49.43
19026_0183,Ignacio Zaragoza,Guadalupe,156,38.41,137,33.19,19,0.03,0.076,0.663,0.172,0.596,1,27.81,1.204,1.518,20.69,19.881,12.108,155,42.58
19031_0111,Mirador del Parque,Juárez,157,38.1,164,14.44,-7,0.081,0.0,0.072,0.206,0.699,1,15.13,3.24,0.0,19.862,2.169,9.036,152,43.24
19021_0251,Serranias,General Escobedo,158,37.88,112,36.79,46,0.079,0.0,0.952,0.212,0.831,1,45.04,3.172,0.0,19.705,28.554,5.061,153,43.17
19039_0038,Alvaro Obregon,Monterrey,159,37.6,140,32.51,19,0.126,0.0,0.325,0.298,0.41,1,20.02,5.04,0.0,17.555,9.759,17.712,149,43.6
19031_0219,Villas de San Jose 7 Sector,Juárez,160,37.35,27,58.57,133,0.109,0.0,0.807,0.28,0.0,0,32.33,4.352,0.0,17.995,24.216,30.0,143,44.34
19046_0080,Floridos Bosques del Nogalar,San Nicolás de los Garza,161,37.16,9,65.66,152,0.15,0.036,0.988,0.383,0.0,0,51.76,6.02,0.722,15.422,29.64,30.0,157,42.36
19021_0113,Las Malvinas,General Escobedo,162,35.55,161,18.89,1,0.102,0.0,0.434,0.341,0.94,2,23.03,4.068,0.0,16.485,13.011,1.806,164,35.95
19039_0300,Fomerrey 51,Monterrey,163,34.36,152,29.09,11,0.235,0.0,0.554,0.602,0.898,2,24.59,9.396,0.0,9.962,16.626,3.072,162,39.96
19006_0251,Los Fresnos 1Er Sector,Apodaca,164,31.81,167,7.61,-3,0.0,0.057,0.054,0.374,0.801,1,14.34,0.02,1.138,15.652,1.626,5.964,160,40.71
19039_0085,Bella Vista,Monterrey,165,28.23,158,22.73,7,0.234,0.0,0.163,0.845,0.717,1,17.28,9.36,0.0,3.87,4.881,8.493,166,27.39
19046_0187,Nogalar,San Nicolás de los Garza,166,28.23,166,8.02,0,0.115,0.085,0.06,0.722,0.946,2,14.69,4.588,1.696,6.94,1.806,1.626,165,29.86
19039_0318,Garza Nieto,Monterrey,167,27.03,129,34.62,38,0.301,0.0,0.711,1.0,0.958,4,29.59,12.032,0.0,0.0,21.324,1.266,167,27.03
