cve_col,colonia,municipio,n_312112_total,n_312112_no_excluido_v3,n_otro_scian_nombre_agua,n_denue_agua_total,n_v3_denue,n_v3_places,comp_n_v3_total,n_denue_nuevo_vs_v3,nuevos_nombres,rank_base,comp_n_300m,scout_marks,cobertura_campo,delta_312112_vs_v3denue,delta_denue_agua_vs_v3total,delta_nuevos_vs_v3,clase,cero_en_v3,etiqueta
19039_0041,Ampliacion Municipal,Monterrey,0,0,0,0,0,0,0,0,,1,0,1,parcial,0,0,0,igual,True,"VERIFICADO (conteo en DENUE 05_2026 bulk, poligono+300 m); no altera score"
19039_0289,Fomerrey 112 (San Bernabe 9),Monterrey,0,0,0,0,0,0,0,0,,2,0,0,sin encuesta,0,0,0,igual,True,"VERIFICADO (conteo en DENUE 05_2026 bulk, poligono+300 m); no altera score"
19021_0247,San Miguel Residencial,General Escobedo,0,0,0,0,0,0,0,0,,3,0,22,encuestada,0,0,0,igual,True,"VERIFICADO (conteo en DENUE 05_2026 bulk, poligono+300 m); no altera score"
19039_0167,Croc,Monterrey,0,0,0,0,0,3,3,0,,4,3,88,encuestada,0,-3,0,DENUE<v3 (v3 tiene Places/otros),False,"VERIFICADO (conteo en DENUE 05_2026 bulk, poligono+300 m); no altera score"
19006_0406,Pueblo Nuevo 4To Sector,Apodaca,0,0,0,0,0,0,0,0,,5,0,0,sin encuesta,0,0,0,igual,True,"VERIFICADO (conteo en DENUE 05_2026 bulk, poligono+300 m); no altera score"
19006_0403,Pueblo Nuevo 1Er Sector,Apodaca,0,0,0,0,0,0,0,0,,6,0,0,sin encuesta,0,0,0,igual,True,"VERIFICADO (conteo en DENUE 05_2026 bulk, poligono+300 m); no altera score"
19039_0296,Fomerrey 24,Monterrey,0,0,0,0,0,0,0,0,,7,0,1,parcial,0,0,0,igual,True,"VERIFICADO (conteo en DENUE 05_2026 bulk, poligono+300 m); no altera score"
19039_0321,Gloria Mendiola,Monterrey,0,0,0,0,0,0,0,0,,8,0,6,parcial,0,0,0,igual,True,"VERIFICADO (conteo en DENUE 05_2026 bulk, poligono+300 m); no altera score"
19046_0080,Floridos Bosques del Nogalar,San Nicolás de los Garza,0,0,0,0,0,0,0,0,,9,0,0,sin encuesta,0,0,0,igual,True,"VERIFICADO (conteo en DENUE 05_2026 bulk, poligono+300 m); no altera score"
19048_0216,Rincon de Las Mitras (Fomerrey 2),Santa Catarina,0,0,0,0,0,0,0,0,,10,0,0,sin encuesta,0,0,0,igual,True,"VERIFICADO (conteo en DENUE 05_2026 bulk, poligono+300 m); no altera score"
19026_0236,La Playa,Guadalupe,0,0,0,0,0,0,0,0,,11,0,0,sin encuesta,0,0,0,igual,True,"VERIFICADO (conteo en DENUE 05_2026 bulk, poligono+300 m); no altera score"
19039_0666,San Bernabe 1Er Sector,Monterrey,1,1,0,1,1,1,2,0,,12,2,0,sin encuesta,0,-1,0,DENUE<v3 (v3 tiene Places/otros),False,"VERIFICADO (conteo en DENUE 05_2026 bulk, poligono+300 m); no altera score"
19048_0151,Paseo de Las Minas,Santa Catarina,0,0,0,0,0,0,0,0,,13,0,0,sin encuesta,0,0,0,igual,True,"VERIFICADO (conteo en DENUE 05_2026 bulk, poligono+300 m); no altera score"
19046_0207,Paseo del Nogalar,San Nicolás de los Garza,0,0,0,0,0,0,0,0,,14,0,0,sin encuesta,0,0,0,igual,True,"VERIFICADO (conteo en DENUE 05_2026 bulk, poligono+300 m); no altera score"
19026_0291,Miguel Hidalgo,Guadalupe,0,0,1,1,0,0,0,0,,15,0,0,sin encuesta,0,1,0,DENUE>v3 (solo conteo),True,"VERIFICADO (conteo en DENUE 05_2026 bulk, poligono+300 m); no altera score"
19039_0298,Fomerrey 35 (Tierra Propia),Monterrey,0,0,0,0,0,0,0,0,,16,0,0,sin encuesta,0,0,0,igual,True,"VERIFICADO (conteo en DENUE 05_2026 bulk, poligono+300 m); no altera score"
19039_0430,Lazaro Cardenas,Monterrey,0,0,0,0,0,0,0,0,,17,0,0,sin encuesta,0,0,0,igual,True,"VERIFICADO (conteo en DENUE 05_2026 bulk, poligono+300 m); no altera score"
19039_0295,Fomerrey 23 ( Laderas de Topo Chico),Monterrey,0,0,0,0,0,0,0,0,,18,0,5,parcial,0,0,0,igual,True,"VERIFICADO (conteo en DENUE 05_2026 bulk, poligono+300 m); no altera score"
19039_0292,Fomerrey 115 (San Bernabe 12),Monterrey,0,0,0,0,0,0,0,0,,19,0,0,sin encuesta,0,0,0,igual,True,"VERIFICADO (conteo en DENUE 05_2026 bulk, poligono+300 m); no altera score"
19048_0071,Indeco La Fama 1,Santa Catarina,0,0,0,0,0,0,0,0,,20,0,0,sin encuesta,0,0,0,igual,True,"VERIFICADO (conteo en DENUE 05_2026 bulk, poligono+300 m); no altera score"
19039_0291,Fomerrey 114 (San Bernabe 13),Monterrey,0,0,0,0,0,0,0,0,,21,0,0,sin encuesta,0,0,0,igual,True,"VERIFICADO (conteo en DENUE 05_2026 bulk, poligono+300 m); no altera score"
19026_0432,Unidad Piloto,Guadalupe,0,0,0,0,0,0,0,0,,22,0,0,sin encuesta,0,0,0,igual,True,"VERIFICADO (conteo en DENUE 05_2026 bulk, poligono+300 m); no altera score"
19021_0280,Villas de San Francisco,General Escobedo,0,0,0,0,0,0,0,0,,23,0,1,parcial,0,0,0,igual,True,"VERIFICADO (conteo en DENUE 05_2026 bulk, poligono+300 m); no altera score"
19026_0434,Union Modelo,Guadalupe,0,0,0,0,0,0,0,0,,24,0,0,sin encuesta,0,0,0,igual,True,"VERIFICADO (conteo en DENUE 05_2026 bulk, poligono+300 m); no altera score"
19021_0177,Nuevo Leon Estado de Progreso (Alianza Real),General Escobedo,1,1,0,1,1,0,1,0,,25,1,3,parcial,0,0,0,igual,False,"VERIFICADO (conteo en DENUE 05_2026 bulk, poligono+300 m); no altera score"
19039_0508,Moctezuma,Monterrey,0,0,0,0,0,0,0,0,,26,0,0,sin encuesta,0,0,0,igual,True,"VERIFICADO (conteo en DENUE 05_2026 bulk, poligono+300 m); no altera score"
19031_0219,Villas de San Jose 7 Sector,Juárez,0,0,0,0,0,0,0,0,,27,0,0,sin encuesta,0,0,0,igual,True,"VERIFICADO (conteo en DENUE 05_2026 bulk, poligono+300 m); no altera score"
19039_0727,Topo Chico,Monterrey,0,0,0,0,0,1,1,0,,28,1,18,encuestada,0,-1,0,DENUE<v3 (v3 tiene Places/otros),False,"VERIFICADO (conteo en DENUE 05_2026 bulk, poligono+300 m); no altera score"
19026_0017,25 de Noviembre,Guadalupe,0,0,0,0,0,0,0,0,,29,0,0,sin encuesta,0,0,0,igual,True,"VERIFICADO (conteo en DENUE 05_2026 bulk, poligono+300 m); no altera score"
19039_0626,Rene Alvarez,Monterrey,0,0,0,0,0,0,0,0,,30,0,0,sin encuesta,0,0,0,igual,True,"VERIFICADO (conteo en DENUE 05_2026 bulk, poligono+300 m); no altera score"
19039_0284,Fomerrey 1 ( Reforma ),Monterrey,0,0,0,0,0,1,1,0,,31,1,5,parcial,0,-1,0,DENUE<v3 (v3 tiene Places/otros),False,"VERIFICADO (conteo en DENUE 05_2026 bulk, poligono+300 m); no altera score"
19039_0257,Emiliano Zapata,Monterrey,0,0,0,0,0,0,0,0,,32,0,0,sin encuesta,0,0,0,igual,True,"VERIFICADO (conteo en DENUE 05_2026 bulk, poligono+300 m); no altera score"
19039_0656,Riveras del Rio,Monterrey,0,0,0,0,0,2,2,0,,33,2,0,sin encuesta,0,-2,0,DENUE<v3 (v3 tiene Places/otros),False,"VERIFICADO (conteo en DENUE 05_2026 bulk, poligono+300 m); no altera score"
19039_0288,Fomerrey 110 (San Bernabe 15),Monterrey,0,0,0,0,0,1,1,0,,34,1,0,sin encuesta,0,-1,0,DENUE<v3 (v3 tiene Places/otros),False,"VERIFICADO (conteo en DENUE 05_2026 bulk, poligono+300 m); no altera score"
19039_0550,Paseo de San Bernabe,Monterrey,0,0,0,0,0,0,0,0,,35,0,0,sin encuesta,0,0,0,igual,True,"VERIFICADO (conteo en DENUE 05_2026 bulk, poligono+300 m); no altera score"
19048_0056,Eugenio Canavati,Santa Catarina,0,0,0,0,0,0,0,0,,36,0,0,sin encuesta,0,0,0,igual,True,"VERIFICADO (conteo en DENUE 05_2026 bulk, poligono+300 m); no altera score"
19006_0405,Pueblo Nuevo 3Er Sector,Apodaca,0,0,0,0,0,0,0,0,,37,0,0,sin encuesta,0,0,0,igual,True,"VERIFICADO (conteo en DENUE 05_2026 bulk, poligono+300 m); no altera score"
19048_0058,Fama Iii,Santa Catarina,0,0,0,0,0,1,1,0,,38,1,0,sin encuesta,0,-1,0,DENUE<v3 (v3 tiene Places/otros),False,"VERIFICADO (conteo en DENUE 05_2026 bulk, poligono+300 m); no altera score"
19048_0032,Cerro de Las Mitras (Raul Salinas Lozano),Santa Catarina,0,0,0,0,0,0,0,0,,39,0,0,sin encuesta,0,0,0,igual,True,"VERIFICADO (conteo en DENUE 05_2026 bulk, poligono+300 m); no altera score"
19046_0021,Azteca,San Nicolás de los Garza,0,0,0,0,0,0,0,0,,40,0,0,sin encuesta,0,0,0,igual,True,"VERIFICADO (conteo en DENUE 05_2026 bulk, poligono+300 m); no altera score"
19039_0156,Constituyentes del 57,Monterrey,0,0,0,0,0,0,0,0,,41,0,0,sin encuesta,0,0,0,igual,True,"VERIFICADO (conteo en DENUE 05_2026 bulk, poligono+300 m); no altera score"
19021_0055,Fernando Amilpa,General Escobedo,0,0,0,0,0,0,0,0,,42,0,0,sin encuesta,0,0,0,igual,True,"VERIFICADO (conteo en DENUE 05_2026 bulk, poligono+300 m); no altera score"
19039_0061,Argentina,Monterrey,0,0,0,0,0,0,0,0,,43,0,0,sin encuesta,0,0,0,igual,True,"VERIFICADO (conteo en DENUE 05_2026 bulk, poligono+300 m); no altera score"
19048_0220,San Gilberto,Santa Catarina,0,0,0,0,0,4,4,0,,44,4,0,sin encuesta,0,-4,0,DENUE<v3 (v3 tiene Places/otros),False,"VERIFICADO (conteo en DENUE 05_2026 bulk, poligono+300 m); no altera score"
19039_0684,San Martin,Monterrey,0,0,0,0,0,1,1,0,,45,1,0,sin encuesta,0,-1,0,DENUE<v3 (v3 tiene Places/otros),False,"VERIFICADO (conteo en DENUE 05_2026 bulk, poligono+300 m); no altera score"
19026_0461,Vicente Guerrero,Guadalupe,0,0,0,0,0,0,0,0,,46,0,0,sin encuesta,0,0,0,igual,True,"VERIFICADO (conteo en DENUE 05_2026 bulk, poligono+300 m); no altera score"
19048_0033,Cimas de Las Mitras (Ampl Raul Salinas Lozano),Santa Catarina,0,0,0,0,0,0,0,0,,47,0,0,sin encuesta,0,0,0,igual,True,"VERIFICADO (conteo en DENUE 05_2026 bulk, poligono+300 m); no altera score"
19031_0116,Monte Kristal,Juárez,0,0,0,0,0,5,5,0,,48,5,0,sin encuesta,0,-5,0,DENUE<v3 (v3 tiene Places/otros),False,"VERIFICADO (conteo en DENUE 05_2026 bulk, poligono+300 m); no altera score"
19006_0407,Pueblo Nuevo 5To Sector,Apodaca,0,0,0,0,0,2,2,0,,49,2,0,sin encuesta,0,-2,0,DENUE<v3 (v3 tiene Places/otros),False,"VERIFICADO (conteo en DENUE 05_2026 bulk, poligono+300 m); no altera score"
19039_0433,Libertadores de America,Monterrey,0,0,0,0,0,0,0,0,,50,0,0,sin encuesta,0,0,0,igual,True,"VERIFICADO (conteo en DENUE 05_2026 bulk, poligono+300 m); no altera score"
19031_0057,Hector Caballero,Juárez,0,0,0,0,0,0,0,0,,51,0,0,sin encuesta,0,0,0,igual,True,"VERIFICADO (conteo en DENUE 05_2026 bulk, poligono+300 m); no altera score"
19031_0109,Los Valles 2Do Sector,Juárez,0,0,0,0,0,0,0,0,,52,0,0,sin encuesta,0,0,0,igual,True,"VERIFICADO (conteo en DENUE 05_2026 bulk, poligono+300 m); no altera score"
19039_0518,Niño Artillero,Monterrey,0,0,0,0,0,2,2,0,,53,2,0,sin encuesta,0,-2,0,DENUE<v3 (v3 tiene Places/otros),False,"VERIFICADO (conteo en DENUE 05_2026 bulk, poligono+300 m); no altera score"
19006_0310,Noria Norte,Apodaca,0,0,0,0,0,1,1,0,,54,1,0,sin encuesta,0,-1,0,DENUE<v3 (v3 tiene Places/otros),False,"VERIFICADO (conteo en DENUE 05_2026 bulk, poligono+300 m); no altera score"
19046_0300,Vicente Guerrero 3 Sector,San Nicolás de los Garza,0,0,0,0,0,0,0,0,,55,0,0,sin encuesta,0,0,0,igual,True,"VERIFICADO (conteo en DENUE 05_2026 bulk, poligono+300 m); no altera score"
19026_0310,Nuevo Almaguer,Guadalupe,0,0,0,0,0,0,0,0,,56,0,0,sin encuesta,0,0,0,igual,True,"VERIFICADO (conteo en DENUE 05_2026 bulk, poligono+300 m); no altera score"
19039_0725,Tierra Y Libertad,Monterrey,0,0,0,0,0,3,3,0,,57,3,4,parcial,0,-3,0,DENUE<v3 (v3 tiene Places/otros),False,"VERIFICADO (conteo en DENUE 05_2026 bulk, poligono+300 m); no altera score"
19021_0281,Villas de San Francisco 2Do Sector,General Escobedo,0,0,0,0,0,0,0,0,,58,0,0,sin encuesta,0,0,0,igual,True,"VERIFICADO (conteo en DENUE 05_2026 bulk, poligono+300 m); no altera score"
19026_0072,Cañada Blanca,Guadalupe,0,0,0,0,0,2,2,0,,59,2,0,sin encuesta,0,-2,0,DENUE<v3 (v3 tiene Places/otros),False,"VERIFICADO (conteo en DENUE 05_2026 bulk, poligono+300 m); no altera score"
19039_0293,Fomerrey 116 (San Bernabe 8),Monterrey,0,0,0,0,0,1,1,0,,60,1,0,sin encuesta,0,-1,0,DENUE<v3 (v3 tiene Places/otros),False,"VERIFICADO (conteo en DENUE 05_2026 bulk, poligono+300 m); no altera score"
19031_0108,Los Valles,Juárez,0,0,0,0,0,1,1,0,,61,1,0,sin encuesta,0,-1,0,DENUE<v3 (v3 tiene Places/otros),False,"VERIFICADO (conteo en DENUE 05_2026 bulk, poligono+300 m); no altera score"
19039_0287,Fomerrey 109 (San Bernabe 14),Monterrey,0,0,0,0,0,1,1,0,,62,1,0,sin encuesta,0,-1,0,DENUE<v3 (v3 tiene Places/otros),False,"VERIFICADO (conteo en DENUE 05_2026 bulk, poligono+300 m); no altera score"
19039_0250,El Porvenir,Monterrey,0,0,0,0,0,1,1,0,,63,1,4,parcial,0,-1,0,DENUE<v3 (v3 tiene Places/otros),False,"VERIFICADO (conteo en DENUE 05_2026 bulk, poligono+300 m); no altera score"
19039_0030,Alfonso Reyes,Monterrey,0,0,0,0,0,0,0,0,,64,0,0,sin encuesta,0,0,0,igual,True,"VERIFICADO (conteo en DENUE 05_2026 bulk, poligono+300 m); no altera score"
19039_0343,Independencia,Monterrey,0,0,1,1,0,6,6,1,Venta De Agua,65,6,0,sin encuesta,0,-5,1,DENUE aporta puntos nuevos,False,"VERIFICADO (conteo en DENUE 05_2026 bulk, poligono+300 m); no altera score"
19031_0010,Arboledas de San Roque,Juárez,0,0,0,0,0,0,0,0,,66,0,0,sin encuesta,0,0,0,igual,True,"VERIFICADO (conteo en DENUE 05_2026 bulk, poligono+300 m); no altera score"
19026_0049,Atoyac de Alvarez,Guadalupe,0,0,0,0,0,0,0,0,,67,0,0,sin encuesta,0,0,0,igual,True,"VERIFICADO (conteo en DENUE 05_2026 bulk, poligono+300 m); no altera score"
19031_0154,Rancho Viejo,Juárez,0,0,0,0,0,7,7,0,,68,7,0,sin encuesta,0,-7,0,DENUE<v3 (v3 tiene Places/otros),False,"VERIFICADO (conteo en DENUE 05_2026 bulk, poligono+300 m); no altera score"
19006_0404,Pueblo Nuevo 2Do Sector,Apodaca,0,0,0,0,0,1,1,0,,69,1,0,sin encuesta,0,-1,0,DENUE<v3 (v3 tiene Places/otros),False,"VERIFICADO (conteo en DENUE 05_2026 bulk, poligono+300 m); no altera score"
19046_0052,Const de Queretaro 1 Sec,San Nicolás de los Garza,0,0,0,0,0,0,0,0,,70,0,0,sin encuesta,0,0,0,igual,True,"VERIFICADO (conteo en DENUE 05_2026 bulk, poligono+300 m); no altera score"
19021_0052,Eulalio Villarreal,General Escobedo,0,0,0,0,0,1,1,0,,71,1,0,sin encuesta,0,-1,0,DENUE<v3 (v3 tiene Places/otros),False,"VERIFICADO (conteo en DENUE 05_2026 bulk, poligono+300 m); no altera score"
19018_0077,Los Nogales,García,0,0,0,0,0,1,1,0,,72,1,0,sin encuesta,0,-1,0,DENUE<v3 (v3 tiene Places/otros),False,"VERIFICADO (conteo en DENUE 05_2026 bulk, poligono+300 m); no altera score"
19039_0002,10 de Marzo,Monterrey,1,1,0,1,1,0,1,0,,73,1,0,sin encuesta,0,0,0,igual,False,"VERIFICADO (conteo en DENUE 05_2026 bulk, poligono+300 m); no altera score"
19006_0361,Prados de La Cieneguita,Apodaca,0,0,0,0,0,6,6,0,,74,6,0,sin encuesta,0,-6,0,DENUE<v3 (v3 tiene Places/otros),False,"VERIFICADO (conteo en DENUE 05_2026 bulk, poligono+300 m); no altera score"
19021_0174,Nueva Esperanza,General Escobedo,0,0,0,0,0,2,2,0,,75,2,0,sin encuesta,0,-2,0,DENUE<v3 (v3 tiene Places/otros),False,"VERIFICADO (conteo en DENUE 05_2026 bulk, poligono+300 m); no altera score"
19048_0115,Lomas de La Fama,Santa Catarina,0,0,0,0,0,1,1,0,,76,1,0,sin encuesta,0,-1,0,DENUE<v3 (v3 tiene Places/otros),False,"VERIFICADO (conteo en DENUE 05_2026 bulk, poligono+300 m); no altera score"
19021_0002,18 de Octubre,General Escobedo,0,0,0,0,0,1,1,0,,77,1,0,sin encuesta,0,-1,0,DENUE<v3 (v3 tiene Places/otros),False,"VERIFICADO (conteo en DENUE 05_2026 bulk, poligono+300 m); no altera score"
19039_0637,Revolucion Proletaria,Monterrey,0,0,0,0,0,1,1,0,,78,1,0,sin encuesta,0,-1,0,DENUE<v3 (v3 tiene Places/otros),False,"VERIFICADO (conteo en DENUE 05_2026 bulk, poligono+300 m); no altera score"
19021_0183,Pedregal del Topo Chico [19021_0183],General Escobedo,0,0,0,0,0,1,1,0,,79,1,1,parcial,0,-1,0,DENUE<v3 (v3 tiene Places/otros),False,"VERIFICADO (conteo en DENUE 05_2026 bulk, poligono+300 m); no altera score"
19039_0770,Valle de Santa Lucia (Granja Sanitaria),Monterrey,0,0,0,0,0,5,5,0,,80,5,2,parcial,0,-5,0,DENUE<v3 (v3 tiene Places/otros),False,"VERIFICADO (conteo en DENUE 05_2026 bulk, poligono+300 m); no altera score"
19021_0206,Privadas de Camino Real Ii,General Escobedo,0,0,0,0,0,0,0,0,,81,0,0,sin encuesta,0,0,0,igual,True,"VERIFICADO (conteo en DENUE 05_2026 bulk, poligono+300 m); no altera score"
19018_0002,Ampl Los Nogales ( El Polvorin ),García,0,0,0,0,0,2,2,0,,82,2,0,sin encuesta,0,-2,0,DENUE<v3 (v3 tiene Places/otros),False,"VERIFICADO (conteo en DENUE 05_2026 bulk, poligono+300 m); no altera score"
19026_0070,Campestre La Silla,Guadalupe,0,0,0,0,0,1,1,0,,83,1,0,sin encuesta,0,-1,0,DENUE<v3 (v3 tiene Places/otros),False,"VERIFICADO (conteo en DENUE 05_2026 bulk, poligono+300 m); no altera score"
19021_0184,Pedregal del Topo Chico [19021_0184],General Escobedo,0,0,0,0,0,0,0,0,,84,0,0,sin encuesta,0,0,0,igual,True,"VERIFICADO (conteo en DENUE 05_2026 bulk, poligono+300 m); no altera score"
19039_0664,San Angel Sur ( Los Remates ),Monterrey,0,0,0,0,0,2,2,0,,85,2,0,sin encuesta,0,-2,0,DENUE<v3 (v3 tiene Places/otros),False,"VERIFICADO (conteo en DENUE 05_2026 bulk, poligono+300 m); no altera score"
19039_0104,Burocratas Municipales,Monterrey,0,0,0,0,0,4,4,0,,86,4,0,sin encuesta,0,-4,0,DENUE<v3 (v3 tiene Places/otros),False,"VERIFICADO (conteo en DENUE 05_2026 bulk, poligono+300 m); no altera score"
19039_0345,Industrial,Monterrey,2,2,1,3,2,1,3,1,Frreeling Purificadora,87,3,0,sin encuesta,0,0,1,DENUE aporta puntos nuevos,False,"VERIFICADO (conteo en DENUE 05_2026 bulk, poligono+300 m); no altera score"
19026_0220,Josefa Zozaya 2Do Sector,Guadalupe,0,0,0,0,0,1,1,0,,88,1,0,sin encuesta,0,-1,0,DENUE<v3 (v3 tiene Places/otros),False,"VERIFICADO (conteo en DENUE 05_2026 bulk, poligono+300 m); no altera score"
19039_0381,La Altamira,Monterrey,0,0,0,0,0,2,2,0,,89,2,0,sin encuesta,0,-2,0,DENUE<v3 (v3 tiene Places/otros),False,"VERIFICADO (conteo en DENUE 05_2026 bulk, poligono+300 m); no altera score"
19021_0040,Colinas del Topo Chico,General Escobedo,0,0,0,0,0,1,1,0,,90,1,0,sin encuesta,0,-1,0,DENUE<v3 (v3 tiene Places/otros),False,"VERIFICADO (conteo en DENUE 05_2026 bulk, poligono+300 m); no altera score"
19048_0232,Sarabia,Santa Catarina,0,0,0,0,0,0,0,0,,91,0,0,sin encuesta,0,0,0,igual,True,"VERIFICADO (conteo en DENUE 05_2026 bulk, poligono+300 m); no altera score"
19021_0103,La Unidad,General Escobedo,0,0,0,0,0,2,2,0,,92,2,0,sin encuesta,0,-2,0,DENUE<v3 (v3 tiene Places/otros),False,"VERIFICADO (conteo en DENUE 05_2026 bulk, poligono+300 m); no altera score"
19006_0327,Parque Industrial Intermex Industrial Campus Apodaca,Apodaca,1,0,0,1,0,0,0,0,,93,0,0,sin encuesta,1,1,0,DENUE>v3 (solo conteo),True,"VERIFICADO (conteo en DENUE 05_2026 bulk, poligono+300 m); no altera score"
19021_0175,Nuevo Escobedo,General Escobedo,0,0,0,0,0,1,1,0,,94,1,0,sin encuesta,0,-1,0,DENUE<v3 (v3 tiene Places/otros),False,"VERIFICADO (conteo en DENUE 05_2026 bulk, poligono+300 m); no altera score"
19048_0021,Balcones de Santa Catarina ( Fomerrey 134),Santa Catarina,0,0,0,0,0,1,1,0,,95,1,0,sin encuesta,0,-1,0,DENUE<v3 (v3 tiene Places/otros),False,"VERIFICADO (conteo en DENUE 05_2026 bulk, poligono+300 m); no altera score"
19039_0663,San Angel Norte,Monterrey,0,0,0,0,0,1,1,0,,96,1,0,sin encuesta,0,-1,0,DENUE<v3 (v3 tiene Places/otros),False,"VERIFICADO (conteo en DENUE 05_2026 bulk, poligono+300 m); no altera score"
19031_0009,Arboledas de Los Naranjos,Juárez,0,0,0,0,0,1,1,0,,97,1,0,sin encuesta,0,-1,0,DENUE<v3 (v3 tiene Places/otros),False,"VERIFICADO (conteo en DENUE 05_2026 bulk, poligono+300 m); no altera score"
19026_0021,31 de Diciembre,Guadalupe,0,0,0,0,0,1,1,0,,98,1,0,sin encuesta,0,-1,0,DENUE<v3 (v3 tiene Places/otros),False,"VERIFICADO (conteo en DENUE 05_2026 bulk, poligono+300 m); no altera score"
19039_0299,Fomerrey 45,Monterrey,0,0,0,0,0,1,1,0,,99,1,0,sin encuesta,0,-1,0,DENUE<v3 (v3 tiene Places/otros),False,"VERIFICADO (conteo en DENUE 05_2026 bulk, poligono+300 m); no altera score"
19021_0224,Puerta del Sol,General Escobedo,0,0,0,0,0,0,0,0,,100,0,0,sin encuesta,0,0,0,igual,True,"VERIFICADO (conteo en DENUE 05_2026 bulk, poligono+300 m); no altera score"
19021_0057,Fomerrey 9 (Solidaridad Social),General Escobedo,1,1,0,1,1,2,3,0,,101,3,0,sin encuesta,0,-2,0,DENUE<v3 (v3 tiene Places/otros),False,"VERIFICADO (conteo en DENUE 05_2026 bulk, poligono+300 m); no altera score"
19026_0013,2 de Mayo,Guadalupe,0,0,1,1,0,1,1,0,,102,1,0,sin encuesta,0,0,0,igual,False,"VERIFICADO (conteo en DENUE 05_2026 bulk, poligono+300 m); no altera score"
19021_0056,Fomerrey 36,General Escobedo,1,1,0,1,1,3,4,0,,103,4,0,sin encuesta,0,-3,0,DENUE<v3 (v3 tiene Places/otros),False,"VERIFICADO (conteo en DENUE 05_2026 bulk, poligono+300 m); no altera score"
19021_0248,Santa Lucia,General Escobedo,0,0,0,0,0,2,2,0,,104,2,0,sin encuesta,0,-2,0,DENUE<v3 (v3 tiene Places/otros),False,"VERIFICADO (conteo en DENUE 05_2026 bulk, poligono+300 m); no altera score"
19021_0006,Agropecuaria Emiliano Zapata (Col Nueva Esperanza),General Escobedo,2,0,0,2,0,1,1,0,,105,1,0,sin encuesta,2,1,0,DENUE>v3 (solo conteo),False,"VERIFICADO (conteo en DENUE 05_2026 bulk, poligono+300 m); no altera score"
19021_0239,Rivera de Los Naranjos,General Escobedo,0,0,0,0,0,1,1,0,,106,1,0,sin encuesta,0,-1,0,DENUE<v3 (v3 tiene Places/otros),False,"VERIFICADO (conteo en DENUE 05_2026 bulk, poligono+300 m); no altera score"
19021_0188,Portal de San Francisco Sector 20 de Noviembre,General Escobedo,0,0,0,0,0,0,0,0,,107,0,0,sin encuesta,0,0,0,igual,True,"VERIFICADO (conteo en DENUE 05_2026 bulk, poligono+300 m); no altera score"
19039_0112,Carmen Serdan,Monterrey,0,0,0,0,0,2,2,0,,108,2,0,sin encuesta,0,-2,0,DENUE<v3 (v3 tiene Places/otros),False,"VERIFICADO (conteo en DENUE 05_2026 bulk, poligono+300 m); no altera score"
19048_0195,Puerta del Sol,Santa Catarina,0,0,0,0,0,3,3,0,,109,3,0,sin encuesta,0,-3,0,DENUE<v3 (v3 tiene Places/otros),False,"VERIFICADO (conteo en DENUE 05_2026 bulk, poligono+300 m); no altera score"
19046_0081,Fomerrey 129 (Mirador San Nicolas),San Nicolás de los Garza,0,0,0,0,0,1,1,0,,110,1,0,sin encuesta,0,-1,0,DENUE<v3 (v3 tiene Places/otros),False,"VERIFICADO (conteo en DENUE 05_2026 bulk, poligono+300 m); no altera score"
19039_0741,Unidad Pedreras ( Fomerrey 106 ),Monterrey,0,0,0,0,0,3,3,0,,111,3,5,parcial,0,-3,0,DENUE<v3 (v3 tiene Places/otros),False,"VERIFICADO (conteo en DENUE 05_2026 bulk, poligono+300 m); no altera score"
19021_0251,Serranias,General Escobedo,0,0,0,0,0,1,1,0,,112,1,0,sin encuesta,0,-1,0,DENUE<v3 (v3 tiene Places/otros),False,"VERIFICADO (conteo en DENUE 05_2026 bulk, poligono+300 m); no altera score"
19048_0237,Union de Colonos,Santa Catarina,0,0,0,0,0,0,0,0,,113,0,0,sin encuesta,0,0,0,igual,True,"VERIFICADO (conteo en DENUE 05_2026 bulk, poligono+300 m); no altera score"
19018_0055,Hacienda Renacimiento,García,0,0,0,0,0,0,0,0,,114,0,0,sin encuesta,0,0,0,igual,True,"VERIFICADO (conteo en DENUE 05_2026 bulk, poligono+300 m); no altera score"
19031_0117,Monte Kristal 4To Sector,Juárez,0,0,0,0,0,1,1,0,,115,1,0,sin encuesta,0,-1,0,DENUE<v3 (v3 tiene Places/otros),False,"VERIFICADO (conteo en DENUE 05_2026 bulk, poligono+300 m); no altera score"
19026_0316,Nuevo San Rafael,Guadalupe,0,0,0,0,0,1,1,0,,116,1,0,sin encuesta,0,-1,0,DENUE<v3 (v3 tiene Places/otros),False,"VERIFICADO (conteo en DENUE 05_2026 bulk, poligono+300 m); no altera score"
19026_0160,Garza Melo,Guadalupe,0,0,0,0,0,2,2,0,,117,2,0,sin encuesta,0,-2,0,DENUE<v3 (v3 tiene Places/otros),False,"VERIFICADO (conteo en DENUE 05_2026 bulk, poligono+300 m); no altera score"
19048_0014,Arboledas de Las Mitras (Carlos Salinas de Gortari),Santa Catarina,0,0,0,0,0,1,1,0,,118,1,0,sin encuesta,0,-1,0,DENUE<v3 (v3 tiene Places/otros),False,"VERIFICADO (conteo en DENUE 05_2026 bulk, poligono+300 m); no altera score"
19039_0314,Francisco Villa,Monterrey,0,0,0,0,0,4,4,0,,119,4,1,parcial,0,-4,0,DENUE<v3 (v3 tiene Places/otros),False,"VERIFICADO (conteo en DENUE 05_2026 bulk, poligono+300 m); no altera score"
19039_0553,Paseo del Vergel 1Er Sector,Monterrey,0,0,0,0,0,0,0,0,,120,0,0,sin encuesta,0,0,0,igual,True,"VERIFICADO (conteo en DENUE 05_2026 bulk, poligono+300 m); no altera score"
19039_0316,Fray Servando Teresa de Mier (Fomerrey 6 ),Monterrey,0,0,0,0,0,1,1,0,,121,1,0,sin encuesta,0,-1,0,DENUE<v3 (v3 tiene Places/otros),False,"VERIFICADO (conteo en DENUE 05_2026 bulk, poligono+300 m); no altera score"
19039_0384,La Condesa,Monterrey,0,0,0,0,0,1,1,0,,122,1,0,sin encuesta,0,-1,0,DENUE<v3 (v3 tiene Places/otros),False,"VERIFICADO (conteo en DENUE 05_2026 bulk, poligono+300 m); no altera score"
19006_0345,Pimsa Sur,Apodaca,1,0,0,1,0,0,0,0,,123,0,0,sin encuesta,1,1,0,DENUE>v3 (solo conteo),True,"VERIFICADO (conteo en DENUE 05_2026 bulk, poligono+300 m); no altera score"
19039_0383,La Campana,Monterrey,0,0,0,0,0,1,1,0,,124,1,0,sin encuesta,0,-1,0,DENUE<v3 (v3 tiene Places/otros),False,"VERIFICADO (conteo en DENUE 05_2026 bulk, poligono+300 m); no altera score"
19048_0065,Hacienda Santa Catarina (Fomerrey 29),Santa Catarina,0,0,0,0,0,5,5,0,,125,5,0,sin encuesta,0,-5,0,DENUE<v3 (v3 tiene Places/otros),False,"VERIFICADO (conteo en DENUE 05_2026 bulk, poligono+300 m); no altera score"
19046_0036,Carmen Romano,San Nicolás de los Garza,0,0,0,0,0,1,1,0,,126,1,0,sin encuesta,0,-1,0,DENUE<v3 (v3 tiene Places/otros),False,"VERIFICADO (conteo en DENUE 05_2026 bulk, poligono+300 m); no altera score"
19039_0739,Unidad del Pueblo,Monterrey,0,0,0,0,0,1,1,0,,127,1,0,sin encuesta,0,-1,0,DENUE<v3 (v3 tiene Places/otros),False,"VERIFICADO (conteo en DENUE 05_2026 bulk, poligono+300 m); no altera score"
19046_0057,Constituyentes de Queretaro 4 Sec,San Nicolás de los Garza,0,0,0,0,0,0,0,0,,128,0,0,sin encuesta,0,0,0,igual,True,"VERIFICADO (conteo en DENUE 05_2026 bulk, poligono+300 m); no altera score"
19039_0318,Garza Nieto,Monterrey,3,3,0,3,3,1,4,0,,129,4,0,sin encuesta,0,-1,0,DENUE<v3 (v3 tiene Places/otros),False,"VERIFICADO (conteo en DENUE 05_2026 bulk, poligono+300 m); no altera score"
19021_0061,Gloria Mendiola,General Escobedo,0,0,0,0,0,1,1,0,,130,1,0,sin encuesta,0,-1,0,DENUE<v3 (v3 tiene Places/otros),False,"VERIFICADO (conteo en DENUE 05_2026 bulk, poligono+300 m); no altera score"
19039_0525,Nueva Estanzuela,Monterrey,0,0,0,0,0,1,1,0,,131,1,0,sin encuesta,0,-1,0,DENUE<v3 (v3 tiene Places/otros),False,"VERIFICADO (conteo en DENUE 05_2026 bulk, poligono+300 m); no altera score"
19026_0457,Valles del Sol,Guadalupe,1,1,0,1,1,2,3,0,,132,3,0,sin encuesta,0,-2,0,DENUE<v3 (v3 tiene Places/otros),False,"VERIFICADO (conteo en DENUE 05_2026 bulk, poligono+300 m); no altera score"
19039_0290,Fomerrey 113 (San Bernabe 9),Monterrey,0,0,0,0,0,3,3,0,,133,3,6,parcial,0,-3,0,DENUE<v3 (v3 tiene Places/otros),False,"VERIFICADO (conteo en DENUE 05_2026 bulk, poligono+300 m); no altera score"
19039_0091,Bosques de La Estanzuela,Monterrey,0,0,0,0,0,1,1,0,,134,1,0,sin encuesta,0,-1,0,DENUE<v3 (v3 tiene Places/otros),False,"VERIFICADO (conteo en DENUE 05_2026 bulk, poligono+300 m); no altera score"
19039_0297,Fomerrey 25,Monterrey,1,1,0,1,1,1,2,0,,135,2,0,sin encuesta,0,-1,0,DENUE<v3 (v3 tiene Places/otros),False,"VERIFICADO (conteo en DENUE 05_2026 bulk, poligono+300 m); no altera score"
19039_0711,Sierra Ventana,Monterrey,0,0,0,0,0,4,4,0,,136,4,0,sin encuesta,0,-4,0,DENUE<v3 (v3 tiene Places/otros),False,"VERIFICADO (conteo en DENUE 05_2026 bulk, poligono+300 m); no altera score"
19026_0183,Ignacio Zaragoza,Guadalupe,0,0,0,0,0,1,1,0,,137,1,0,sin encuesta,0,-1,0,DENUE<v3 (v3 tiene Places/otros),False,"VERIFICADO (conteo en DENUE 05_2026 bulk, poligono+300 m); no altera score"
19021_0250,Santa Martha,General Escobedo,0,0,0,0,0,2,2,0,,138,2,0,sin encuesta,0,-2,0,DENUE<v3 (v3 tiene Places/otros),False,"VERIFICADO (conteo en DENUE 05_2026 bulk, poligono+300 m); no altera score"
19039_0784,Venustiano Carranza,Monterrey,0,0,0,0,0,1,1,0,,139,1,0,sin encuesta,0,-1,0,DENUE<v3 (v3 tiene Places/otros),False,"VERIFICADO (conteo en DENUE 05_2026 bulk, poligono+300 m); no altera score"
19039_0038,Alvaro Obregon,Monterrey,0,0,0,0,0,1,1,0,,140,1,0,sin encuesta,0,-1,0,DENUE<v3 (v3 tiene Places/otros),False,"VERIFICADO (conteo en DENUE 05_2026 bulk, poligono+300 m); no altera score"
19046_0292,Valle del Mezquital,San Nicolás de los Garza,1,1,0,1,1,0,1,0,,141,1,0,sin encuesta,0,0,0,igual,False,"VERIFICADO (conteo en DENUE 05_2026 bulk, poligono+300 m); no altera score"
19046_0147,Lagos de Chapultepec,San Nicolás de los Garza,0,0,0,0,0,1,1,0,,142,1,0,sin encuesta,0,-1,0,DENUE<v3 (v3 tiene Places/otros),False,"VERIFICADO (conteo en DENUE 05_2026 bulk, poligono+300 m); no altera score"
19018_0010,Brisas Residencial,García,0,0,0,0,0,1,1,0,,143,1,0,sin encuesta,0,-1,0,DENUE<v3 (v3 tiene Places/otros),False,"VERIFICADO (conteo en DENUE 05_2026 bulk, poligono+300 m); no altera score"
19039_0039,America 2,Monterrey,0,0,0,0,0,1,1,0,,144,1,0,sin encuesta,0,-1,0,DENUE<v3 (v3 tiene Places/otros),False,"VERIFICADO (conteo en DENUE 05_2026 bulk, poligono+300 m); no altera score"
19018_0003,Ampliacion Cerritos,García,0,0,0,0,0,2,2,0,,145,2,0,sin encuesta,0,-2,0,DENUE<v3 (v3 tiene Places/otros),False,"VERIFICADO (conteo en DENUE 05_2026 bulk, poligono+300 m); no altera score"
19026_0460,Vicente Ferrer,Guadalupe,0,0,0,0,0,1,1,0,,146,1,0,sin encuesta,0,-1,0,DENUE<v3 (v3 tiene Places/otros),False,"VERIFICADO (conteo en DENUE 05_2026 bulk, poligono+300 m); no altera score"
19039_0521,Nogales de La Sierra,Monterrey,0,0,0,0,0,1,1,0,,147,1,0,sin encuesta,0,-1,0,DENUE<v3 (v3 tiene Places/otros),False,"VERIFICADO (conteo en DENUE 05_2026 bulk, poligono+300 m); no altera score"
19026_0426,Tierra Propia 2Do Sector,Guadalupe,0,0,0,0,0,2,2,0,,148,2,0,sin encuesta,0,-2,0,DENUE<v3 (v3 tiene Places/otros),False,"VERIFICADO (conteo en DENUE 05_2026 bulk, poligono+300 m); no altera score"
19018_0146,Renacimiento,García,0,0,0,0,0,1,1,0,,149,1,0,sin encuesta,0,-1,0,DENUE<v3 (v3 tiene Places/otros),False,"VERIFICADO (conteo en DENUE 05_2026 bulk, poligono+300 m); no altera score"
19031_0097,Los Encinos,Juárez,0,0,0,0,0,3,3,0,,150,3,0,sin encuesta,0,-3,0,DENUE<v3 (v3 tiene Places/otros),False,"VERIFICADO (conteo en DENUE 05_2026 bulk, poligono+300 m); no altera score"
19026_0381,Riberas de La Silla,Guadalupe,0,0,0,0,0,1,1,0,,151,1,0,sin encuesta,0,-1,0,DENUE<v3 (v3 tiene Places/otros),False,"VERIFICADO (conteo en DENUE 05_2026 bulk, poligono+300 m); no altera score"
19039_0300,Fomerrey 51,Monterrey,1,1,0,1,1,1,2,0,,152,2,0,sin encuesta,0,-1,0,DENUE<v3 (v3 tiene Places/otros),False,"VERIFICADO (conteo en DENUE 05_2026 bulk, poligono+300 m); no altera score"
19048_0120,Lomas del Poniente 1Er Sector,Santa Catarina,0,0,0,0,0,3,3,0,,153,3,0,sin encuesta,0,-3,0,DENUE<v3 (v3 tiene Places/otros),False,"VERIFICADO (conteo en DENUE 05_2026 bulk, poligono+300 m); no altera score"
19039_0319,Genaro Vazquez Rojas,Monterrey,0,0,0,0,0,2,2,0,,154,2,0,sin encuesta,0,-2,0,DENUE<v3 (v3 tiene Places/otros),False,"VERIFICADO (conteo en DENUE 05_2026 bulk, poligono+300 m); no altera score"
19006_0312,Novapodaca,Apodaca,1,1,1,2,1,3,4,1,Aquaclyva Apodaca,155,4,0,sin encuesta,0,-2,1,DENUE aporta puntos nuevos,False,"VERIFICADO (conteo en DENUE 05_2026 bulk, poligono+300 m); no altera score"
19026_0448,Valle Soleado,Guadalupe,0,0,0,0,0,3,3,0,,156,3,0,sin encuesta,0,-3,0,DENUE<v3 (v3 tiene Places/otros),False,"VERIFICADO (conteo en DENUE 05_2026 bulk, poligono+300 m); no altera score"
19021_0071,"Hacienda San Miguel, Sector Palmiras",General Escobedo,0,0,0,0,0,1,1,0,,157,1,0,sin encuesta,0,-1,0,DENUE<v3 (v3 tiene Places/otros),False,"VERIFICADO (conteo en DENUE 05_2026 bulk, poligono+300 m); no altera score"
19039_0085,Bella Vista,Monterrey,1,1,1,2,1,0,1,1,Frreeling Purificadora,158,1,0,sin encuesta,0,1,1,DENUE aporta puntos nuevos,False,"VERIFICADO (conteo en DENUE 05_2026 bulk, poligono+300 m); no altera score"
19031_0067,Joaquin Garza Y Garza,Juárez,0,0,0,0,0,1,1,0,,159,1,0,sin encuesta,0,-1,0,DENUE<v3 (v3 tiene Places/otros),False,"VERIFICADO (conteo en DENUE 05_2026 bulk, poligono+300 m); no altera score"
19048_0129,Martires de Cananea,Santa Catarina,1,1,0,1,1,1,2,0,,160,2,0,sin encuesta,0,-1,0,DENUE<v3 (v3 tiene Places/otros),False,"VERIFICADO (conteo en DENUE 05_2026 bulk, poligono+300 m); no altera score"
19021_0113,Las Malvinas,General Escobedo,1,1,0,1,1,1,2,0,,161,2,0,sin encuesta,0,-1,0,DENUE<v3 (v3 tiene Places/otros),False,"VERIFICADO (conteo en DENUE 05_2026 bulk, poligono+300 m); no altera score"
19006_0235,Lomas del Pedregal,Apodaca,0,0,0,0,0,4,4,0,,162,4,0,sin encuesta,0,-4,0,DENUE<v3 (v3 tiene Places/otros),False,"VERIFICADO (conteo en DENUE 05_2026 bulk, poligono+300 m); no altera score"
19018_0076,Los Encinos Residencial,García,0,0,0,0,0,2,2,0,,163,2,0,sin encuesta,0,-2,0,DENUE<v3 (v3 tiene Places/otros),False,"VERIFICADO (conteo en DENUE 05_2026 bulk, poligono+300 m); no altera score"
19031_0111,Mirador del Parque,Juárez,0,0,0,0,0,1,1,0,,164,1,0,sin encuesta,0,-1,0,DENUE<v3 (v3 tiene Places/otros),False,"VERIFICADO (conteo en DENUE 05_2026 bulk, poligono+300 m); no altera score"
19031_0133,Portal de Vaquerias,Juárez,0,0,0,0,0,1,1,0,,165,1,0,sin encuesta,0,-1,0,DENUE<v3 (v3 tiene Places/otros),False,"VERIFICADO (conteo en DENUE 05_2026 bulk, poligono+300 m); no altera score"
19046_0187,Nogalar,San Nicolás de los Garza,2,2,0,2,2,0,2,0,,166,2,0,sin encuesta,0,0,0,igual,False,"VERIFICADO (conteo en DENUE 05_2026 bulk, poligono+300 m); no altera score"
19006_0251,Los Fresnos 1Er Sector,Apodaca,0,0,0,0,0,1,1,0,,167,1,0,sin encuesta,0,-1,0,DENUE<v3 (v3 tiene Places/otros),False,"VERIFICADO (conteo en DENUE 05_2026 bulk, poligono+300 m); no altera score"
