grupo,cve_col,colonia,municipio,rank_base,score_base,dens_viv_censo_km2,dens_viv_est_km2,dens_pob_km2,area_km2,viv_censo_modelo,pct_dens,pct_score,gap,D_star,A_star,C_star,pts_D,pts_A,pts_C,pob_eff,intensidad_OVHAC_OVSAE,comp_n_300m,componente_clave,detalle
denso_score_bajo_posible_subvalorada,19006_0251,Los Fresnos 1Er Sector,Apodaca,167,7.61,4938.144,4806.481,17290.729,0.111,548.628,0.976,0.0,0.976,0.001,0.054,0.801,0.02,1.626,5.964,16217.8,0.001,1,Anclas*,Anclas* 1.6 pts vs mediana-denso 13.8; Demanda* 0.0 pts vs mediana-denso 10.9; anclas 14.3/1000 viv
denso_score_bajo_posible_subvalorada,19031_0111,Mirador del Parque,Juárez,164,14.44,4292.057,3996.53,14378.253,0.173,742.097,0.886,0.018,0.867,0.081,0.072,0.699,3.24,2.169,9.036,14451.1,0.16,1,Anclas*,Anclas* 2.2 pts vs mediana-denso 13.8; Demanda* 3.2 pts vs mediana-denso 10.9; anclas 15.1/1000 viv
denso_score_bajo_posible_subvalorada,19048_0129,Martires de Cananea,Santa Catarina,160,19.58,4088.811,4165.972,15000.0,0.48,1960.994,0.861,0.042,0.819,0.056,0.108,0.53,2.232,3.252,14.097,27794.0,0.057,2,Anclas*,Anclas* 3.3 pts vs mediana-denso 13.8; Demanda* 2.2 pts vs mediana-denso 10.9; anclas 16.3/1000 viv
denso_score_bajo_posible_subvalorada,19039_0711,Sierra Ventana,Monterrey,136,33.26,4777.391,5261.069,18939.014,0.479,2287.415,0.946,0.187,0.759,0.452,0.235,0.729,18.084,7.047,8.133,30346.0,0.424,4,(1-Comp*),(1-Comp*) 8.1 pts vs mediana-denso 15.5; Anclas* 7.0 pts vs mediana-denso 13.8; 4 competidores<=300m
denso_score_bajo_posible_subvalorada,19046_0057,Constituyentes de Queretaro 4 Sec,San Nicolás de los Garza,128,34.7,4790.38,4696.796,16905.034,0.175,837.358,0.952,0.235,0.717,0.0,0.157,0.0,0.0,4.698,30.0,15036.1,0.0,0,Demanda*,"Demanda* 0.0 pts vs mediana-denso 10.9; Anclas* 4.7 pts vs mediana-denso 13.8; pob_eff 15,036, intensidad OVHAC/OVSAE 0.000 (mediana 0.414)"
denso_score_bajo_posible_subvalorada,19039_0300,Fomerrey 51,Monterrey,152,29.09,3928.261,4589.372,16527.778,0.166,650.52,0.795,0.09,0.705,0.235,0.554,0.898,9.396,16.626,3.072,17040.5,0.392,2,(1-Comp*),(1-Comp*) 3.1 pts vs mediana-denso 15.5; Demanda* 9.4 pts vs mediana-denso 10.9; 2 competidores<=300m
denso_score_bajo_posible_subvalorada,19048_0120,Lomas del Poniente 1Er Sector,Santa Catarina,153,28.28,3862.555,4238.579,15260.152,0.158,608.739,0.747,0.084,0.663,0.205,0.645,0.976,8.22,19.338,0.723,17267.3,0.339,3,(1-Comp*),(1-Comp*) 0.7 pts vs mediana-denso 15.5; Demanda* 8.2 pts vs mediana-denso 10.9; 3 competidores<=300m
denso_score_bajo_posible_subvalorada,19039_0316,Fray Servando Teresa de Mier (Fomerrey 6 ),Monterrey,121,35.58,4690.001,5514.25,19838.91,0.081,378.483,0.934,0.277,0.657,0.207,0.771,0.861,8.288,23.133,4.158,14870.8,0.397,1,(1-Comp*),(1-Comp*) 4.2 pts vs mediana-denso 15.5; Demanda* 8.3 pts vs mediana-denso 10.9; 1 competidores<=300m
denso_score_bajo_posible_subvalorada,19039_0319,Genaro Vazquez Rojas,Monterrey,154,28.22,3805.132,4118.087,14828.102,0.268,1018.253,0.729,0.078,0.651,0.389,0.187,0.765,15.568,5.601,7.047,21607.0,0.513,2,(1-Comp*),(1-Comp*) 7.0 pts vs mediana-denso 15.5; Anclas* 5.6 pts vs mediana-denso 13.8; 2 competidores<=300m
denso_score_bajo_posible_subvalorada,19039_0314,Francisco Villa,Monterrey,119,35.63,4418.955,5206.186,18744.694,0.33,1457.371,0.916,0.289,0.627,0.502,0.404,0.885,20.084,12.108,3.435,31684.4,0.451,4,(1-Comp*),(1-Comp*) 3.4 pts vs mediana-denso 15.5; Anclas* 12.1 pts vs mediana-denso 13.8; 4 competidores<=300m
denso_score_bajo_posible_subvalorada,19031_0133,Portal de Vaquerias,Juárez,165,12.19,3473.205,3378.462,12160.0,0.163,564.396,0.633,0.012,0.62,0.043,0.127,0.777,1.712,3.795,6.687,9041.0,0.135,1,Anclas*,Anclas* 3.8 pts vs mediana-denso 13.8; Demanda* 1.7 pts vs mediana-denso 10.9; anclas 16.5/1000 viv
denso_score_bajo_posible_subvalorada,19021_0224,Puerta del Sol,General Escobedo,100,38.56,5130.601,5317.287,19146.608,0.091,468.937,0.994,0.404,0.59,0.142,0.096,0.0,5.668,2.892,30.0,12084.4,0.334,0,Anclas*,Anclas* 2.9 pts vs mediana-denso 13.8; Demanda* 5.7 pts vs mediana-denso 10.9; anclas 15.5/1000 viv
denso_score_bajo_posible_subvalorada,19021_0251,Serranias,General Escobedo,112,36.79,4489.186,4447.392,16003.537,0.113,507.727,0.922,0.331,0.59,0.079,0.952,0.831,3.172,28.554,5.061,12275.2,0.184,1,(1-Comp*),(1-Comp*) 5.1 pts vs mediana-denso 15.5; Demanda* 3.2 pts vs mediana-denso 10.9; 1 competidores<=300m
denso_score_bajo_posible_subvalorada,19018_0055,Hacienda Renacimiento,García,114,36.52,4390.666,3887.387,13990.991,0.222,974.728,0.904,0.319,0.584,0.064,0.133,0.0,2.548,3.975,30.0,8208.0,0.221,0,Anclas*,Anclas* 4.0 pts vs mediana-denso 13.8; Demanda* 2.5 pts vs mediana-denso 10.9; anclas 16.5/1000 viv
denso_score_bajo_posible_subvalorada,19046_0036,Carmen Romano,San Nicolás de los Garza,126,35.14,4008.401,4402.498,15844.451,0.352,1412.16,0.831,0.247,0.584,0.26,0.229,0.404,10.38,6.867,17.892,29175.8,0.253,1,Anclas*,Anclas* 6.9 pts vs mediana-denso 13.8; Demanda* 10.4 pts vs mediana-denso 10.9; anclas 18.6/1000 viv
score_alto_denso_bajo_posible_sobrevalorada,19039_0430,Lazaro Cardenas,Monterrey,17,62.41,1149.98,1324.106,4763.646,0.383,440.327,0.072,0.904,-0.831,0.133,0.904,0.0,5.304,27.108,30.0,10516.3,0.359,0,(1-Comp*),(1-Comp*) 30.0 pts vs mediana-denso 15.5; Anclas* 27.1 pts vs mediana-denso 13.8; 0 competidores<=300m (Comp*=0 si 0)
score_alto_denso_bajo_posible_sobrevalorada,19039_0289,Fomerrey 112 (San Bernabe 9),Monterrey,2,69.55,2021.933,2438.742,8784.096,0.433,874.688,0.193,0.994,-0.801,0.447,0.723,0.0,17.86,21.687,30.0,25477.9,0.499,0,(1-Comp*),(1-Comp*) 30.0 pts vs mediana-denso 15.5; Anclas* 21.7 pts vs mediana-denso 13.8; 0 competidores<=300m (Comp*=0 si 0)
score_alto_denso_bajo_posible_sobrevalorada,19006_0403,Pueblo Nuevo 1Er Sector,Apodaca,6,66.83,2057.651,2293.194,8246.073,0.191,393.011,0.211,0.97,-0.759,0.171,1.0,0.0,6.828,30.0,30.0,11999.8,0.405,0,Anclas*,Anclas* 30.0 pts vs mediana-denso 13.8; (1-Comp*) 30.0 pts vs mediana-denso 15.5
score_alto_denso_bajo_posible_sobrevalorada,19026_0434,Union Modelo,Guadalupe,24,59.73,1652.809,1659.878,5970.808,0.295,486.917,0.139,0.861,-0.723,0.093,0.868,0.0,3.708,26.025,30.0,13458.4,0.196,0,(1-Comp*),(1-Comp*) 30.0 pts vs mediana-denso 15.5; Anclas* 26.0 pts vs mediana-denso 13.8; 0 competidores<=300m (Comp*=0 si 0)
score_alto_denso_bajo_posible_sobrevalorada,19006_0406,Pueblo Nuevo 4To Sector,Apodaca,5,67.0,2161.774,2422.51,8715.017,0.332,718.358,0.259,0.976,-0.717,0.198,0.97,0.0,7.904,29.097,30.0,13831.0,0.407,0,Anclas*,Anclas* 29.1 pts vs mediana-denso 13.8; (1-Comp*) 30.0 pts vs mediana-denso 15.5
score_alto_denso_bajo_posible_sobrevalorada,19039_0656,Riveras del Rio,Monterrey,33,54.78,1414.71,1595.796,5744.315,1.456,2059.393,0.09,0.807,-0.717,0.85,0.169,0.476,33.996,5.061,15.723,50818.1,0.476,2,Demanda*,Demanda* 34.0 pts vs mediana-denso 10.9; (1-Comp*) 15.7 pts vs mediana-denso 15.5
score_alto_denso_bajo_posible_sobrevalorada,19039_0550,Paseo de San Bernabe,Monterrey,35,54.09,1515.657,1621.854,5835.24,0.35,529.874,0.102,0.795,-0.693,0.241,0.482,0.0,9.632,14.457,30.0,12384.4,0.554,0,(1-Comp*),(1-Comp*) 30.0 pts vs mediana-denso 15.5; Anclas* 14.5 pts vs mediana-denso 13.8; 0 competidores<=300m (Comp*=0 si 0)
score_alto_denso_bajo_posible_sobrevalorada,19039_0167,Croc,Monterrey,4,68.73,2318.194,2698.328,9713.146,1.68,3895.262,0.295,0.982,-0.687,1.0,0.373,0.416,40.0,11.205,17.529,57298.0,0.497,3,Demanda*,Demanda* 40.0 pts vs mediana-denso 10.9; (1-Comp*) 17.5 pts vs mediana-denso 15.5
score_alto_denso_bajo_posible_sobrevalorada,19039_0257,Emiliano Zapata,Monterrey,32,54.85,1582.149,1519.245,5467.754,0.392,620.677,0.127,0.813,-0.687,0.129,0.657,0.0,5.152,19.698,30.0,11775.9,0.311,0,(1-Comp*),(1-Comp*) 30.0 pts vs mediana-denso 15.5; Anclas* 19.7 pts vs mediana-denso 13.8; 0 competidores<=300m (Comp*=0 si 0)
score_alto_denso_bajo_posible_sobrevalorada,19031_0116,Monte Kristal,Juárez,48,50.84,815.867,846.113,3045.952,3.743,3053.791,0.042,0.717,-0.675,0.602,0.615,0.723,24.096,18.435,8.313,37669.0,0.455,5,Demanda*,Demanda* 24.1 pts vs mediana-denso 10.9; Anclas* 18.4 pts vs mediana-denso 13.8
score_alto_denso_bajo_posible_sobrevalorada,19021_0247,San Miguel Residencial,General Escobedo,3,69.46,2485.168,2520.867,9073.803,1.366,3394.243,0.355,0.988,-0.633,0.878,0.145,0.0,35.12,4.338,30.0,30962.0,0.807,0,Demanda*,Demanda* 35.1 pts vs mediana-denso 10.9; (1-Comp*) 30.0 pts vs mediana-denso 15.5
score_alto_denso_bajo_posible_sobrevalorada,19026_0236,La Playa,Guadalupe,11,64.98,2408.824,2603.587,9375.387,0.162,389.507,0.325,0.94,-0.614,0.129,0.994,0.0,5.164,29.82,30.0,15513.3,0.237,0,Anclas*,Anclas* 29.8 pts vs mediana-denso 13.8; (1-Comp*) 30.0 pts vs mediana-denso 15.5
score_alto_denso_bajo_posible_sobrevalorada,19039_0518,Niño Artillero,Monterrey,53,49.56,1463.593,1355.193,4877.748,1.055,1544.383,0.096,0.687,-0.59,0.336,0.874,0.669,13.42,26.205,9.939,25815.9,0.37,2,Anclas*,Anclas* 26.2 pts vs mediana-denso 13.8; Demanda* 13.4 pts vs mediana-denso 10.9
score_alto_denso_bajo_posible_sobrevalorada,19046_0080,Floridos Bosques del Nogalar,San Nicolás de los Garza,9,65.66,2527.073,2792.845,10051.933,0.173,437.942,0.367,0.952,-0.584,0.15,0.988,0.0,6.02,29.64,30.0,13950.3,0.307,0,Anclas*,Anclas* 29.6 pts vs mediana-denso 13.8; (1-Comp*) 30.0 pts vs mediana-denso 15.5
score_alto_denso_bajo_posible_sobrevalorada,19031_0154,Rancho Viejo,Juárez,68,46.59,740.162,822.093,2960.615,1.483,1097.513,0.03,0.596,-0.566,0.528,0.843,0.994,21.104,25.302,0.18,32946.9,0.456,7,Anclas*,Anclas* 25.3 pts vs mediana-denso 13.8; Demanda* 21.1 pts vs mediana-denso 10.9
