rank_base,cve_col,colonia,municipio,score_base,nivel,verificacion,eventos,detalle,urls
72,19018_0077,Los Nogales,García,45.09,ALTO (tandeo oficial),VERIFICADO (nombre exacto en lista de tandeo),E02;E03;E18,2026-07-07 TANDEO (calendario M-J-S) zona Durazno ← 'Ampliación Los Nogales' (exacto) | 2026-07-07 TANDEO (calendario M-J-S) zona Durazno ← 'Infonavit Los Nogales' (parcial) | 2026-07-07 TANDEO (calendario M-J-S) zona Durazno ← 'Los Nogales' (exacto) | 2026-07-18 Bombeo suspendido (falla CFE) Sistema Nueva Castilla: hasta 189 colonias ← 'Los Nogales' (exacto) | 2026-07-18 Bombeo suspendido (falla CFE) Sistema Nueva Castilla: hasta 189 colonias ← 'Infonavit Los Nogales' (parcial) | 2026-07-07 Zona azul García: suministro continuo pero baja presión >18:00 ← '(resto de García)' (supuesto_zona),https://mvsnoticias.com/nuevo-leon/2026/7/18/hasta-189-colonias-de-nuevo-leon-se-quedan-sin-agua-738859.html https://mvsnoticias.com/nuevo-leon/2026/7/8/asi-sera-el-tandeo-de-agua-en-colonias-de-garcia-737791.html
82,19018_0002,Ampl Los Nogales ( El Polvorin ),García,42.4,ALTO (tandeo oficial),VERIFICADO (nombre exacto en lista de tandeo),E02;E05;E18,"2026-07-07 TANDEO (calendario M-J-S) zona Durazno ← 'Ampliación Los Nogales' (exacto) | 2026-07-07 TANDEO (calendario M-J-S) zona Durazno ← 'Infonavit Los Nogales' (parcial) | 2026-07-07 TANDEO (calendario M-J-S) zona Durazno ← 'Los Nogales' (exacto) | 2026-03-16 Baja presión/falta temporal (viento→CFE→bombeo; tanques bajos ~8 h) ← 'Ampliación Los Nogales (El Polvorín)' (exacto) | 2026-03-16 Baja presión/falta temporal (viento→CFE→bombeo; tanques bajos ~8 h) ← 'Fomerrey 192, Los Nogales' (parcial) | 2026-07-07 Zona azul García: suministro continuo pero baja presión >18:00 ← '(resto de García)'",https://mvsnoticias.com/nuevo-leon/2026/3/16/colonias-sin-agua-en-monterrey-la-zona-metropolitana-hoy-16-de-marzo-del-2026-726242.html https://mvsnoticias.com/nuevo-leon/2026/7/8/asi-sera-el-tandeo-de-agua-en-colonias-de-garcia-737791.html
20,19048_0071,Indeco La Fama 1,Santa Catarina,60.75,MEDIO-BAJO,SUPUESTO (nombre parcial),E09,2026-03-09 Reparación tubería general (corte) ← 'La Fama 1' (parcial),https://mvsnoticias.com/nuevo-leon/2026/3/9/colonias-sin-agua-hoy-de-marzo-en-juarez-monterrey-garcia-escobedo-apodaca-santa-catarina-725501.html
23,19021_0280,Villas de San Francisco,General Escobedo,59.98,MEDIO (corte/baja presión reportada),VERIFICADO nombre exacto; homonimia posible (confirmar polígono),E11,2026-04-17 Cambio de medidores/válvulas (corte) ← 'Villas de San Francisco' (exacto),https://mvsnoticias.com/nuevo-leon/2026/4/17/colonias-sin-agua-hoy-en-monterrey-santa-catarina-apodaca-garcia-por-trabajos-de-ayd-729565.html
25,19021_0177,Nuevo Leon Estado de Progreso (Alianza Real),General Escobedo,59.51,MEDIO (corte/baja presión reportada),VERIFICADO nombre exacto; homonimia posible (confirmar polígono),E04,2026-07-18 Bombeo suspendido (falla CFE) Sistema Nueva Castilla: hasta 189 colonias ← 'Nuevo León Estado de Progreso' (exacto),https://mvsnoticias.com/nuevo-leon/2026/7/18/hasta-189-colonias-de-nuevo-leon-se-quedan-sin-agua-738859.html
42,19021_0055,Fernando Amilpa,General Escobedo,52.42,MEDIO (corte/baja presión reportada),VERIFICADO nombre exacto; homonimia posible (confirmar polígono),E04,2026-07-18 Bombeo suspendido (falla CFE) Sistema Nueva Castilla: hasta 189 colonias ← 'Fernando Amilpa' (exacto),https://mvsnoticias.com/nuevo-leon/2026/7/18/hasta-189-colonias-de-nuevo-leon-se-quedan-sin-agua-738859.html
58,19021_0281,Villas de San Francisco 2Do Sector,General Escobedo,48.81,MEDIO-BAJO,SUPUESTO (nombre parcial),E11,2026-04-17 Cambio de medidores/válvulas (corte) ← 'Villas de San Francisco' (parcial),https://mvsnoticias.com/nuevo-leon/2026/4/17/colonias-sin-agua-hoy-en-monterrey-santa-catarina-apodaca-garcia-por-trabajos-de-ayd-729565.html
65,19039_0343,Independencia,Monterrey,47.66,MEDIO (corte/baja presión reportada),VERIFICADO nombre exacto; homonimia posible (confirmar polígono),E08,2026-03-16 Reparación tubería general (corte) ← 'Independencia' (exacto),https://mvsnoticias.com/nuevo-leon/2026/3/16/colonias-sin-agua-en-monterrey-la-zona-metropolitana-hoy-16-de-marzo-del-2026-726242.html
71,19021_0052,Eulalio Villarreal,General Escobedo,45.26,MEDIO (corte/baja presión reportada),VERIFICADO nombre exacto; homonimia posible (confirmar polígono),E07,2026-03-16 Reparación tubería general (corte) ← 'Ampl. Eulalio Villarreal' (exacto),https://mvsnoticias.com/nuevo-leon/2026/3/16/colonias-sin-agua-en-monterrey-la-zona-metropolitana-hoy-16-de-marzo-del-2026-726242.html
80,19039_0770,Valle de Santa Lucia (Granja Sanitaria),Monterrey,43.09,MEDIO (corte/baja presión reportada),VERIFICADO nombre exacto; homonimia posible (confirmar polígono),E10,2026-03-09 Reparación tubería general (corte) ← 'Valle de Santa Lucía' (exacto),https://mvsnoticias.com/nuevo-leon/2026/3/9/colonias-sin-agua-hoy-de-marzo-en-juarez-monterrey-garcia-escobedo-apodaca-santa-catarina-725501.html
81,19021_0206,Privadas de Camino Real Ii,General Escobedo,42.64,MEDIO (corte/baja presión reportada),VERIFICADO nombre exacto; homonimia posible (confirmar polígono),E04,2026-07-18 Bombeo suspendido (falla CFE) Sistema Nueva Castilla: hasta 189 colonias ← 'Privadas de Camino Real' (exacto),https://mvsnoticias.com/nuevo-leon/2026/7/18/hasta-189-colonias-de-nuevo-leon-se-quedan-sin-agua-738859.html
105,19021_0006,Agropecuaria Emiliano Zapata (Col Nueva Esperanza),General Escobedo,37.52,MEDIO-BAJO,SUPUESTO (nombre parcial),E04,2026-07-18 Bombeo suspendido (falla CFE) Sistema Nueva Castilla: hasta 189 colonias ← 'Emiliano Zapata' (parcial),https://mvsnoticias.com/nuevo-leon/2026/7/18/hasta-189-colonias-de-nuevo-leon-se-quedan-sin-agua-738859.html
107,19021_0188,Portal de San Francisco Sector 20 de Noviembre,General Escobedo,37.33,MEDIO-BAJO,SUPUESTO (nombre parcial),E04,2026-07-18 Bombeo suspendido (falla CFE) Sistema Nueva Castilla: hasta 189 colonias ← 'Portal de San Francisco' (parcial),https://mvsnoticias.com/nuevo-leon/2026/7/18/hasta-189-colonias-de-nuevo-leon-se-quedan-sin-agua-738859.html
109,19048_0195,Puerta del Sol,Santa Catarina,37.26,MEDIO (corte/baja presión reportada),VERIFICADO nombre exacto; homonimia posible (confirmar polígono),E06,2026-03-16 Baja presión/falta temporal (viento→CFE→bombeo; tanques bajos ~8 h) ← 'Puerta del Sol' (exacto),https://mvsnoticias.com/nuevo-leon/2026/3/16/colonias-sin-agua-en-monterrey-la-zona-metropolitana-hoy-16-de-marzo-del-2026-726242.html
114,19018_0055,Hacienda Renacimiento,García,36.52,MEDIO (corte/baja presión reportada),VERIFICADO nombre exacto; homonimia posible (confirmar polígono),E03;E18,2026-07-18 Bombeo suspendido (falla CFE) Sistema Nueva Castilla: hasta 189 colonias ← 'El Renacimiento' (parcial) | 2026-07-18 Bombeo suspendido (falla CFE) Sistema Nueva Castilla: hasta 189 colonias ← 'Hacienda el Renacimiento' (exacto) | 2026-07-07 Zona azul García: suministro continuo pero baja presión >18:00 ← '(resto de García)' (supuesto_zona),https://mvsnoticias.com/nuevo-leon/2026/7/18/hasta-189-colonias-de-nuevo-leon-se-quedan-sin-agua-738859.html https://mvsnoticias.com/nuevo-leon/2026/7/8/asi-sera-el-tandeo-de-agua-en-colonias-de-garcia-737791.html
125,19048_0065,Hacienda Santa Catarina (Fomerrey 29),Santa Catarina,35.2,MEDIO (corte/baja presión reportada),VERIFICADO nombre exacto; homonimia posible (confirmar polígono),E06,2026-03-16 Baja presión/falta temporal (viento→CFE→bombeo; tanques bajos ~8 h) ← 'Hacienda Santa Catarina' (exacto),https://mvsnoticias.com/nuevo-leon/2026/3/16/colonias-sin-agua-en-monterrey-la-zona-metropolitana-hoy-16-de-marzo-del-2026-726242.html
143,19018_0010,Brisas Residencial,García,31.83,MEDIO (corte/baja presión reportada),VERIFICADO nombre exacto; homonimia posible (confirmar polígono),E03;E18,2026-07-18 Bombeo suspendido (falla CFE) Sistema Nueva Castilla: hasta 189 colonias ← 'Brisas Residencial' (exacto) | 2026-07-18 Bombeo suspendido (falla CFE) Sistema Nueva Castilla: hasta 189 colonias ← 'Las Brisas Residencial' (exacto) | 2026-07-07 Zona azul García: suministro continuo pero baja presión >18:00 ← '(resto de García)' (supuesto_zona),https://mvsnoticias.com/nuevo-leon/2026/7/18/hasta-189-colonias-de-nuevo-leon-se-quedan-sin-agua-738859.html https://mvsnoticias.com/nuevo-leon/2026/7/8/asi-sera-el-tandeo-de-agua-en-colonias-de-garcia-737791.html
149,19018_0146,Renacimiento,García,29.65,MEDIO (corte/baja presión reportada),VERIFICADO nombre exacto; homonimia posible (confirmar polígono),E03;E18,2026-07-18 Bombeo suspendido (falla CFE) Sistema Nueva Castilla: hasta 189 colonias ← 'El Renacimiento' (exacto) | 2026-07-18 Bombeo suspendido (falla CFE) Sistema Nueva Castilla: hasta 189 colonias ← 'Hacienda el Renacimiento' (parcial) | 2026-07-07 Zona azul García: suministro continuo pero baja presión >18:00 ← '(resto de García)' (supuesto_zona),https://mvsnoticias.com/nuevo-leon/2026/7/18/hasta-189-colonias-de-nuevo-leon-se-quedan-sin-agua-738859.html https://mvsnoticias.com/nuevo-leon/2026/7/8/asi-sera-el-tandeo-de-agua-en-colonias-de-garcia-737791.html
157,19021_0071,"Hacienda San Miguel, Sector Palmiras",General Escobedo,23.07,MEDIO-BAJO,SUPUESTO (nombre parcial),E04,2026-07-18 Bombeo suspendido (falla CFE) Sistema Nueva Castilla: hasta 189 colonias ← 'Hacienda San Miguel' (parcial),https://mvsnoticias.com/nuevo-leon/2026/7/18/hasta-189-colonias-de-nuevo-leon-se-quedan-sin-agua-738859.html
163,19018_0076,Los Encinos Residencial,García,15.49,MEDIO (corte/baja presión reportada),VERIFICADO nombre exacto; homonimia posible (confirmar polígono),E03;E18,2026-07-18 Bombeo suspendido (falla CFE) Sistema Nueva Castilla: hasta 189 colonias ← 'Los Encinos Residencial' (exacto) | 2026-07-07 Zona azul García: suministro continuo pero baja presión >18:00 ← '(resto de García)' (supuesto_zona),https://mvsnoticias.com/nuevo-leon/2026/7/18/hasta-189-colonias-de-nuevo-leon-se-quedan-sin-agua-738859.html https://mvsnoticias.com/nuevo-leon/2026/7/8/asi-sera-el-tandeo-de-agua-en-colonias-de-garcia-737791.html
167,19006_0251,Los Fresnos 1Er Sector,Apodaca,7.61,MEDIO (corte/baja presión reportada),VERIFICADO nombre exacto; homonimia posible (confirmar polígono),E16,"2026-09-02 Corte programado ~12 h (tubería 24"" límite Escobedo) ← 'Los Fresnos' (exacto)",https://mvsnoticias.com/nuevo-leon/2026/9/2/mas-de-50-colonias-se-quedaran-sin-agua-en-apodaca-hoy-2-de-septiembre-744350.html
145,19018_0003,Ampliacion Cerritos,García,30.88,BAJO (solo zona azul García),"SUPUESTO (zona, no colonia)",E18,2026-07-07 Zona azul García: suministro continuo pero baja presión >18:00 ← '(resto de García)' (supuesto_zona),https://mvsnoticias.com/nuevo-leon/2026/7/8/asi-sera-el-tandeo-de-agua-en-colonias-de-garcia-737791.html
