id,fecha,tipo,url,municipio,n_colonias_extractadas,colonias_extractadas,nota
E01,2026-07-07,TANDEO (calendario L-M-V) zona Capellanía,https://mvsnoticias.com/nuevo-leon/2026/7/8/asi-sera-el-tandeo-de-agua-en-colonias-de-garcia-737791.html,García,10,Avance Popular; Bugambilias; Centro de García (parte alta); Colinas del Río; La Cruz; Martín González; Miguel Hidalgo; Paseo de Capellanía; Riveras de Capellanía; José Páez,Anuncio AyD+municipio García; vigente hasta que terminen tanques (El Porvenir 2026-09-09: listos nov-2026)
E02,2026-07-07,TANDEO (calendario M-J-S) zona Durazno,https://mvsnoticias.com/nuevo-leon/2026/7/8/asi-sera-el-tandeo-de-agua-en-colonias-de-garcia-737791.html,García,10,Ampliación Los Nogales; Balcones de García; División del Norte; Fomerrey 192; Infonavit Los Nogales; Los Nogales; Martínez Domínguez; Mirador del Fraile; Punta Esmeralda; Villas del Mirador,Idem; ABC lista 'Ampliación Los Nogales El Polvorín' y 'Misión del Norte' en vez de 'División del Norte'
E03,2026-07-18,Bombeo suspendido (falla CFE) Sistema Nueva Castilla: hasta 189 colonias,https://mvsnoticias.com/nuevo-leon/2026/7/18/hasta-189-colonias-de-nuevo-leon-se-quedan-sin-agua-738859.html,García,11,Brisas Residencial; Las Brisas Residencial; Los Encinos Residencial; El Renacimiento; Hacienda el Renacimiento; Los Nogales; Infonavit Los Nogales; Paseo de las Minas; Miguel Hidalgo; Real de Capellanía; Villas del Álcali,Lista parcial relevante a nuestras 167 (la nota lista 117 colonias de García)
E04,2026-07-18,Bombeo suspendido (falla CFE) Sistema Nueva Castilla: hasta 189 colonias,https://mvsnoticias.com/nuevo-leon/2026/7/18/hasta-189-colonias-de-nuevo-leon-se-quedan-sin-agua-738859.html,General Escobedo,10,Alianza Real I y II; Fernando Amilpa; Hacienda San Miguel; Privadas de Camino Real; Portal de San Francisco; Praderas de San Francisco; Emiliano Zapata; Nueva Castilla; San Miguel del Parque; Nuevo León Estado de Progreso,La nota pone 'N.L. Edo. de Progreso' bajo El Carmen; nuestra colonia está en Escobedo (revisar)
E05,2026-03-16,Baja presión/falta temporal (viento→CFE→bombeo; tanques bajos ~8 h),https://mvsnoticias.com/nuevo-leon/2026/3/16/colonias-sin-agua-en-monterrey-la-zona-metropolitana-hoy-16-de-marzo-del-2026-726242.html,García,6,"Ampliación Los Nogales (El Polvorín); Balcones de García; Fomerrey 192, Los Nogales; Miguel Hidalgo; Nuevo Amanecer; Villas del Mirador",Aviso AyD vía MVS
E06,2026-03-16,Baja presión/falta temporal (viento→CFE→bombeo; tanques bajos ~8 h),https://mvsnoticias.com/nuevo-leon/2026/3/16/colonias-sin-agua-en-monterrey-la-zona-metropolitana-hoy-16-de-marzo-del-2026-726242.html,Santa Catarina,7,Hacienda Santa Catarina; Miguel Hidalgo; Puerta del Sol; Lázaro Cárdenas; Zimix; Jardines de Santa Catarina; Centro,Aviso AyD vía MVS (41 sectores en la lista)
E07,2026-03-16,Reparación tubería general (corte),https://mvsnoticias.com/nuevo-leon/2026/3/16/colonias-sin-agua-en-monterrey-la-zona-metropolitana-hoy-16-de-marzo-del-2026-726242.html,General Escobedo,1,Ampl. Eulalio Villarreal,Corte puntual ~horas
E08,2026-03-16,Reparación tubería general (corte),https://mvsnoticias.com/nuevo-leon/2026/3/16/colonias-sin-agua-en-monterrey-la-zona-metropolitana-hoy-16-de-marzo-del-2026-726242.html,Monterrey,7,Santa Fe; Fresnos; Del Vidrio; Parque Regiomontano; Escamilla; Industrias del Hierro; Independencia,Corte puntual ~horas
E09,2026-03-09,Reparación tubería general (corte),https://mvsnoticias.com/nuevo-leon/2026/3/9/colonias-sin-agua-hoy-de-marzo-en-juarez-monterrey-garcia-escobedo-apodaca-santa-catarina-725501.html,Santa Catarina,1,La Fama 1,Corte puntual ~horas
E10,2026-03-09,Reparación tubería general (corte),https://mvsnoticias.com/nuevo-leon/2026/3/9/colonias-sin-agua-hoy-de-marzo-en-juarez-monterrey-garcia-escobedo-apodaca-santa-catarina-725501.html,Monterrey,5,Villa Alegre; Valle de Santa Lucía; 1 Mayo; Cantú; Reforma,Corte puntual ~horas
E11,2026-04-17,Cambio de medidores/válvulas (corte),https://mvsnoticias.com/nuevo-leon/2026/4/17/colonias-sin-agua-hoy-en-monterrey-santa-catarina-apodaca-garcia-por-trabajos-de-ayd-729565.html,General Escobedo,1,Villas de San Francisco,Visto en extracto de búsqueda de la nota; corte ~horas
E12,2026-04-17,Cambio de medidores/válvulas (corte),https://mvsnoticias.com/nuevo-leon/2026/4/17/colonias-sin-agua-hoy-en-monterrey-santa-catarina-apodaca-garcia-por-trabajos-de-ayd-729565.html,Apodaca,2,Nueva Democracia; Paraje San José Los Ríos,Visto en extracto; corte ~horas
E13,2026-05-09,Reparación tubería general (corte),https://abcnoticias.mx/local/2026/5/9/cortes-de-agua-en-nl-afecta-varias-colonias-hoy-sabado-de-mayo-277991.html,Juárez,4,Las Quintas; Praderas del Oriente; Los Ébanos; La Escondida,Cita cuenta X @ayd_monterrey; hasta 20:00 h
E14,2026-05-09,Reparación tubería general (corte),https://abcnoticias.mx/local/2026/5/9/cortes-de-agua-en-nl-afecta-varias-colonias-hoy-sabado-de-mayo-277991.html,Monterrey,2,Colón; Miguel Nieto,hasta 17:00 h
E15,2026-07-09,Corte programado 14 h (sustitución 31 m de tubería),https://www.telediario.mx/comunidad/cortes-de-agua-escobedo-9-de-julio-2026-lista-colonias-afectadas,General Escobedo,17,Almara; Bosques de Quebec; Cantera; Centro; Don Lalo; Eucaliptos; Flores Magón; Jardines de Escobedo; Las Quintas; Las Palomas; Los Olivos; Monterreal; Privadas Diamante; Privadas San Jorge; Reden; Umara; Villa Alta,Aviso AyD vía Telediario/El Porvenir 2026-07-08
E16,2026-09-02,"Corte programado ~12 h (tubería 24"" límite Escobedo)",https://mvsnoticias.com/nuevo-leon/2026/9/2/mas-de-50-colonias-se-quedaran-sin-agua-en-apodaca-hoy-2-de-septiembre-744350.html,Apodaca,6,Los Fresnos; Los Amarantos; Jardines de Santa Rosa; Capellanía; Arboledas de Santa Rosa; Industrial Apodaca,Lista N+ de 54 colonias (aquí solo las con posible match)
E17,2026-08-10,"Falla eléctrica: bombeo Pozos Buenos Aires suspendido, >100 colonias (SIN lista)",https://abcnoticias.mx/local/2026/8/10/anuncian-cortes-de-agua-en-mas-de-100-colonias-de-santa-catarina-garcia-286547.html,Santa Catarina,0,,Sin lista de colonias; 2026-08-11 Quadratin: afectaciones persisten en 'zonas altas' de Santa Catarina y sur de García
