prioridad,h3,lat,lon,n_butcher,n_complemento,n_bakery,n_greengrocer,n_marketplace,nombres,cve_col,colonia_cercana,municipio,frac_hex_en_colonia,dist_a_colonia_m,rank_base_colonia,comp_300m_colonia,confianza_colonia,scout_en_hex,scout_vecinos_ring1,gmaps,etiqueta,nota_campo
1,8848a20e13fffff,25.753345876723554,-100.25501447274836,2,0,0,0,0,Norteño Santo Domingo; SuKarne,19046_0300,Vicente Guerrero 3 Sector,San Nicolás de los Garza,0.33,0,55,0,baja,0,0,"https://www.google.com/maps/search/?api=1&query=25.75335,-100.25501","VERIFICADO conteo OSM shop=butcher (nuevos >30 m de anclas_v3) en hex H3 r8; vinculo con flujo de recarga = SUPUESTO; plan de campo, sin visita hecha",contar 10 min peatones/clientes frente a la carniceria; anotar en Scout (kind otro); revisar recargas informales
2,8848a20f59fffff,25.71852170086689,-100.18729720164067,2,0,0,0,0,El Oferton de Cantu; SUKARNE,19026_0072,Cañada Blanca,Guadalupe,0.09,0,59,2,media,0,0,"https://www.google.com/maps/search/?api=1&query=25.71852,-100.18730","VERIFICADO conteo OSM shop=butcher (nuevos >30 m de anclas_v3) en hex H3 r8; vinculo con flujo de recarga = SUPUESTO; plan de campo, sin visita hecha",contar 10 min peatones/clientes frente a la carniceria; anotar en Scout (kind otro); revisar recargas informales
3,8848a20f5dfffff,25.719167548739442,-100.17737261536755,2,0,0,0,0,Regio Carnes,19026_0220,Josefa Zozaya 2Do Sector,Guadalupe,0.07,0,88,1,baja,0,0,"https://www.google.com/maps/search/?api=1&query=25.71917,-100.17737","VERIFICADO conteo OSM shop=butcher (nuevos >30 m de anclas_v3) en hex H3 r8; vinculo con flujo de recarga = SUPUESTO; plan de campo, sin visita hecha",contar 10 min peatones/clientes frente a la carniceria; anotar en Scout (kind otro); revisar recargas informales
4,8848a20a3bfffff,25.654373917195187,-100.08736364402915,2,0,0,0,0,Carnicería María Cristina; JT Carnes,19031_0219,Villas de San Jose 7 Sector,Juárez,0.0,665,27,0,baja,0,0,"https://www.google.com/maps/search/?api=1&query=25.65437,-100.08736","VERIFICADO conteo OSM shop=butcher (nuevos >30 m de anclas_v3) en hex H3 r8; vinculo con flujo de recarga = SUPUESTO; plan de campo, sin visita hecha",contar 10 min peatones/clientes frente a la carniceria; anotar en Scout (kind otro); revisar recargas informales
5,8848a204a9fffff,25.77607142280758,-100.3867227107882,2,0,0,0,0,el Ofertón de Cantú,19039_0292,Fomerrey 115 (San Bernabe 12),Monterrey,0.0,672,19,0,baja,0,26,"https://www.google.com/maps/search/?api=1&query=25.77607,-100.38672","VERIFICADO conteo OSM shop=butcher (nuevos >30 m de anclas_v3) en hex H3 r8; vinculo con flujo de recarga = SUPUESTO; plan de campo, sin visita hecha",contar 10 min peatones/clientes frente a la carniceria; anotar en Scout (kind otro); revisar recargas informales
6,8848a20ee1fffff,25.76961099550478,-100.24636415016148,2,0,0,0,0,,19006_0251,Los Fresnos 1Er Sector,Apodaca,0.0,918,167,1,media,0,0,"https://www.google.com/maps/search/?api=1&query=25.76961,-100.24636","VERIFICADO conteo OSM shop=butcher (nuevos >30 m de anclas_v3) en hex H3 r8; vinculo con flujo de recarga = SUPUESTO; plan de campo, sin visita hecha",contar 10 min peatones/clientes frente a la carniceria; anotar en Scout (kind otro); revisar recargas informales
7,8848a20e0bfffff,25.73089739142162,-100.2382024609439,2,0,0,0,0,Cárdenas; Mendez,19046_0292,Valle del Mezquital,San Nicolás de los Garza,0.0,1018,141,1,media,0,0,"https://www.google.com/maps/search/?api=1&query=25.73090,-100.23820","VERIFICADO conteo OSM shop=butcher (nuevos >30 m de anclas_v3) en hex H3 r8; vinculo con flujo de recarga = SUPUESTO; plan de campo, sin visita hecha",contar 10 min peatones/clientes frente a la carniceria; anotar en Scout (kind otro); revisar recargas informales
8,8848a2051dfffff,25.7338153088646,-100.31331075715165,2,0,0,0,0,Carnes Cantú; Carnes Finas San Juan,19039_0727,Topo Chico,Monterrey,0.0,1019,28,1,alta,0,10,"https://www.google.com/maps/search/?api=1&query=25.73382,-100.31331","VERIFICADO conteo OSM shop=butcher (nuevos >30 m de anclas_v3) en hex H3 r8; vinculo con flujo de recarga = SUPUESTO; plan de campo, sin visita hecha",contar 10 min peatones/clientes frente a la carniceria; anotar en Scout (kind otro); revisar recargas informales
9,8848a205b9fffff,25.794973910545696,-100.33833704664733,2,0,0,0,0,Delicarnes; GM Super Carnes - Raul Salin,19021_0057,Fomerrey 9 (Solidaridad Social),General Escobedo,0.0,1053,101,3,baja,0,0,"https://www.google.com/maps/search/?api=1&query=25.79497,-100.33834","VERIFICADO conteo OSM shop=butcher (nuevos >30 m de anclas_v3) en hex H3 r8; vinculo con flujo de recarga = SUPUESTO; plan de campo, sin visita hecha",contar 10 min peatones/clientes frente a la carniceria; anotar en Scout (kind otro); revisar recargas informales
10,8848a232c1fffff,25.794000028525335,-100.58815120873933,2,0,0,0,0,Carne Mart,19018_0077,Los Nogales,García,0.0,1207,72,1,baja,0,0,"https://www.google.com/maps/search/?api=1&query=25.79400,-100.58815","VERIFICADO conteo OSM shop=butcher (nuevos >30 m de anclas_v3) en hex H3 r8; vinculo con flujo de recarga = SUPUESTO; plan de campo, sin visita hecha",contar 10 min peatones/clientes frente a la carniceria; anotar en Scout (kind otro); revisar recargas informales
11,8848a20701fffff,25.670034177160744,-100.3280121639426,1,2,2,0,0,Carniceria Ramos; Pan de Barro,19039_0343,Independencia,Monterrey,0.0,0,65,6,baja,0,0,"https://www.google.com/maps/search/?api=1&query=25.67003,-100.32801","VERIFICADO conteo OSM shop=butcher (nuevos >30 m de anclas_v3) en hex H3 r8; vinculo con flujo de recarga = SUPUESTO; plan de campo, sin visita hecha",contar 10 min peatones/clientes frente a la carniceria; anotar en Scout (kind otro); revisar recargas informales
12,8848a20e67fffff,25.72535893049854,-100.20282128462269,1,2,2,0,0,Bimbo; Carnicería San Juan; Pastelería Caty,19006_0310,Noria Norte,Apodaca,0.0,970,54,1,media,0,0,"https://www.google.com/maps/search/?api=1&query=25.72536,-100.20282","VERIFICADO conteo OSM shop=butcher (nuevos >30 m de anclas_v3) en hex H3 r8; vinculo con flujo de recarga = SUPUESTO; plan de campo, sin visita hecha",contar 10 min peatones/clientes frente a la carniceria; anotar en Scout (kind otro); revisar recargas informales
13,8848a232e1fffff,25.80348982447578,-100.5639520628493,1,2,1,1,0,Travezada,19018_0076,Los Encinos Residencial,García,0.0,3161,163,2,media,0,0,"https://www.google.com/maps/search/?api=1&query=25.80349,-100.56395","VERIFICADO conteo OSM shop=butcher (nuevos >30 m de anclas_v3) en hex H3 r8; vinculo con flujo de recarga = SUPUESTO; plan de campo, sin visita hecha",contar 10 min peatones/clientes frente a la carniceria; anotar en Scout (kind otro); revisar recargas informales
14,8848a206c9fffff,25.685864305278,-100.44413291307984,1,1,1,0,0,Carnicería Ugarte; Panadería Linares,19048_0129,Martires de Cananea,Santa Catarina,0.27,0,160,2,media,0,0,"https://www.google.com/maps/search/?api=1&query=25.68586,-100.44413","VERIFICADO conteo OSM shop=butcher (nuevos >30 m de anclas_v3) en hex H3 r8; vinculo con flujo de recarga = SUPUESTO; plan de campo, sin visita hecha",contar 10 min peatones/clientes frente a la carniceria; anotar en Scout (kind otro); revisar recargas informales
15,8848a20e8dfffff,25.776444140081267,-100.2619016118484,1,1,1,0,0,Regiomontana,19006_0361,Prados de La Cieneguita,Apodaca,0.06,0,74,6,baja,0,0,"https://www.google.com/maps/search/?api=1&query=25.77644,-100.26190","VERIFICADO conteo OSM shop=butcher (nuevos >30 m de anclas_v3) en hex H3 r8; vinculo con flujo de recarga = SUPUESTO; plan de campo, sin visita hecha",contar 10 min peatones/clientes frente a la carniceria; anotar en Scout (kind otro); revisar recargas informales
16,8848a20f4dfffff,25.704843508893646,-100.15625711035301,1,1,1,0,0,Ofertón de cantú; Pastelería Lety,19026_0448,Valle Soleado,Guadalupe,0.01,0,156,3,media,0,0,"https://www.google.com/maps/search/?api=1&query=25.70484,-100.15626","VERIFICADO conteo OSM shop=butcher (nuevos >30 m de anclas_v3) en hex H3 r8; vinculo con flujo de recarga = SUPUESTO; plan de campo, sin visita hecha",contar 10 min peatones/clientes frente a la carniceria; anotar en Scout (kind otro); revisar recargas informales
17,8848a20ec7fffff,25.768311119981995,-100.26622650524102,1,1,1,0,0,La Malinche,19006_0251,Los Fresnos 1Er Sector,Apodaca,0.0,605,167,1,media,0,0,"https://www.google.com/maps/search/?api=1&query=25.76831,-100.26623","VERIFICADO conteo OSM shop=butcher (nuevos >30 m de anclas_v3) en hex H3 r8; vinculo con flujo de recarga = SUPUESTO; plan de campo, sin visita hecha",contar 10 min peatones/clientes frente a la carniceria; anotar en Scout (kind otro); revisar recargas informales
18,8848a201c5fffff,25.656063885438915,-100.18221472016278,1,1,1,0,0,Carniceria y depósito; Pastelería Lety,19026_0457,Valles del Sol,Guadalupe,0.0,1294,132,3,media,0,0,"https://www.google.com/maps/search/?api=1&query=25.65606,-100.18221","VERIFICADO conteo OSM shop=butcher (nuevos >30 m de anclas_v3) en hex H3 r8; vinculo con flujo de recarga = SUPUESTO; plan de campo, sin visita hecha",contar 10 min peatones/clientes frente a la carniceria; anotar en Scout (kind otro); revisar recargas informales
19,8848a20e0dfffff,25.72406327503795,-100.22267351418046,1,1,1,0,0,El Ofertón de Cantú; Pastelería Lety,19046_0292,Valle del Mezquital,San Nicolás de los Garza,0.0,2461,141,1,media,0,0,"https://www.google.com/maps/search/?api=1&query=25.72406,-100.22267","VERIFICADO conteo OSM shop=butcher (nuevos >30 m de anclas_v3) en hex H3 r8; vinculo con flujo de recarga = SUPUESTO; plan de campo, sin visita hecha",contar 10 min peatones/clientes frente a la carniceria; anotar en Scout (kind otro); revisar recargas informales
20,8848a20663fffff,25.658601233627145,-100.38195954841757,1,1,1,0,0,BreAd Panaderos Artesanales; Ramos,19048_0058,Fama Iii,Santa Catarina,0.0,4564,38,1,media,0,0,"https://www.google.com/maps/search/?api=1&query=25.65860,-100.38196","VERIFICADO conteo OSM shop=butcher (nuevos >30 m de anclas_v3) en hex H3 r8; vinculo con flujo de recarga = SUPUESTO; plan de campo, sin visita hecha",contar 10 min peatones/clientes frente a la carniceria; anotar en Scout (kind otro); revisar recargas informales
21,8848a20037fffff,25.65411938588515,-100.21197465866541,1,0,0,0,0,Cisneros,19026_0013,2 de Mayo,Guadalupe,0.3,0,102,1,media,0,0,"https://www.google.com/maps/search/?api=1&query=25.65412,-100.21197","VERIFICADO conteo OSM shop=butcher (nuevos >30 m de anclas_v3) en hex H3 r8; vinculo con flujo de recarga = SUPUESTO; plan de campo, sin visita hecha",contar 10 min peatones/clientes frente a la carniceria; anotar en Scout (kind otro); revisar recargas informales
22,8848a20151fffff,25.617350913041143,-100.17408271856387,1,0,0,0,0,Qué pollo!,19031_0154,Rancho Viejo,Juárez,0.12,0,68,7,baja,0,0,"https://www.google.com/maps/search/?api=1&query=25.61735,-100.17408","VERIFICADO conteo OSM shop=butcher (nuevos >30 m de anclas_v3) en hex H3 r8; vinculo con flujo de recarga = SUPUESTO; plan de campo, sin visita hecha",contar 10 min peatones/clientes frente a la carniceria; anotar en Scout (kind otro); revisar recargas informales
23,8848a20157fffff,25.62548176831852,-100.16975864618954,1,0,0,0,0,Carnicería María Cristina,19031_0154,Rancho Viejo,Juárez,0.38,0,68,7,baja,0,0,"https://www.google.com/maps/search/?api=1&query=25.62548,-100.16976","VERIFICADO conteo OSM shop=butcher (nuevos >30 m de anclas_v3) en hex H3 r8; vinculo con flujo de recarga = SUPUESTO; plan de campo, sin visita hecha",contar 10 min peatones/clientes frente a la carniceria; anotar en Scout (kind otro); revisar recargas informales
24,8848a201c3fffff,25.66289988605585,-100.197730356885,1,0,0,0,0,carnes finas de camargo,19026_0236,La Playa,Guadalupe,0.01,0,11,0,baja,0,0,"https://www.google.com/maps/search/?api=1&query=25.66290,-100.19773","VERIFICADO conteo OSM shop=butcher (nuevos >30 m de anclas_v3) en hex H3 r8; vinculo con flujo de recarga = SUPUESTO; plan de campo, sin visita hecha",contar 10 min peatones/clientes frente a la carniceria; anotar en Scout (kind otro); revisar recargas informales
25,8848a201cbfffff,25.6547682488709,-100.20205438653245,1,0,0,0,0,El Ofertón de Cantú,19026_0236,La Playa,Guadalupe,0.09,0,11,0,baja,0,0,"https://www.google.com/maps/search/?api=1&query=25.65477,-100.20205","VERIFICADO conteo OSM shop=butcher (nuevos >30 m de anclas_v3) en hex H3 r8; vinculo con flujo de recarga = SUPUESTO; plan de campo, sin visita hecha",contar 10 min peatones/clientes frente a la carniceria; anotar en Scout (kind otro); revisar recargas informales
26,8848a2055bfffff,25.716887216691937,-100.33188149829813,1,0,0,0,0,SuKarne,19039_0518,Niño Artillero,Monterrey,0.17,0,53,2,media,0,2,"https://www.google.com/maps/search/?api=1&query=25.71689,-100.33188","VERIFICADO conteo OSM shop=butcher (nuevos >30 m de anclas_v3) en hex H3 r8; vinculo con flujo de recarga = SUPUESTO; plan de campo, sin visita hecha",contar 10 min peatones/clientes frente a la carniceria; anotar en Scout (kind otro); revisar recargas informales
27,8848a20565fffff,25.71332977843066,-100.26670441254099,1,0,0,0,0,,19046_0057,Constituyentes de Queretaro 4 Sec,San Nicolás de los Garza,0.2,0,128,0,baja,0,0,"https://www.google.com/maps/search/?api=1&query=25.71333,-100.26670","VERIFICADO conteo OSM shop=butcher (nuevos >30 m de anclas_v3) en hex H3 r8; vinculo con flujo de recarga = SUPUESTO; plan de campo, sin visita hecha",contar 10 min peatones/clientes frente a la carniceria; anotar en Scout (kind otro); revisar recargas informales
28,8848a205abfffff,25.788147358370846,-100.32278829619277,1,0,0,0,0,El Ofertón de Cantú,19021_0057,Fomerrey 9 (Solidaridad Social),General Escobedo,0.06,0,101,3,baja,0,0,"https://www.google.com/maps/search/?api=1&query=25.78815,-100.32279","VERIFICADO conteo OSM shop=butcher (nuevos >30 m de anclas_v3) en hex H3 r8; vinculo con flujo de recarga = SUPUESTO; plan de campo, sin visita hecha",contar 10 min peatones/clientes frente a la carniceria; anotar en Scout (kind otro); revisar recargas informales
29,8848a20611fffff,25.6797137187317,-100.41865591670877,1,0,0,0,0,El Ofertón de Cantú,19048_0071,Indeco La Fama 1,Santa Catarina,0.0,0,20,0,baja,0,0,"https://www.google.com/maps/search/?api=1&query=25.67971,-100.41866","VERIFICADO conteo OSM shop=butcher (nuevos >30 m de anclas_v3) en hex H3 r8; vinculo con flujo de recarga = SUPUESTO; plan de campo, sin visita hecha",contar 10 min peatones/clientes frente a la carniceria; anotar en Scout (kind otro); revisar recargas informales
30,8848a2061bfffff,25.679050426460734,-100.42858558031828,1,0,0,0,0,Carnes San Juan,19048_0237,Union de Colonos,Santa Catarina,0.2,0,113,0,baja,0,0,"https://www.google.com/maps/search/?api=1&query=25.67905,-100.42859","VERIFICADO conteo OSM shop=butcher (nuevos >30 m de anclas_v3) en hex H3 r8; vinculo con flujo de recarga = SUPUESTO; plan de campo, sin visita hecha",contar 10 min peatones/clientes frente a la carniceria; anotar en Scout (kind otro); revisar recargas informales
