prioridad,h3,lat,lon,n_total,n_super,n_conv,n_nombre_cadena,nombres,cve_col,colonia,municipio,frac_hex_en_colonia,rank_base_colonia,comp_300m_colonia,confianza_colonia,scout_en_hex,scout_vecinos_ring1,gmaps,etiqueta,nota_campo
1,8848a2073dfffff,25.686308248945323,-100.31937477107014,8,0,8,7,7-Eleven; Almacen; Cadena Comercial Oxxo SA de ; Oxxo,19039_0345,Industrial,Monterrey,0.38,87.0,3.0,media,0,0,"https://www.google.com/maps/search/?api=1&query=25.68631,-100.31937","VERIFICADO conteo OSM (shop=supermarket|convenience) en hex H3 r8; densidad de comercio = proxy de flujo, SUPUESTO; plan de campo, sin visita hecha",contar 10 min peatones/clientes en esquina comercial; anotar en Scout (kind express/otro); ver tambien recargas informales
2,8848a20e13fffff,25.753345876723554,-100.25501447274836,7,2,5,6,7-Eleven; Oxxo; Punto 36; Soriana,19046_0300,Vicente Guerrero 3 Sector,San Nicolás de los Garza,0.33,55.0,0.0,baja,0,0,"https://www.google.com/maps/search/?api=1&query=25.75335,-100.25501","VERIFICADO conteo OSM (shop=supermarket|convenience) en hex H3 r8; densidad de comercio = proxy de flujo, SUPUESTO; plan de campo, sin visita hecha",contar 10 min peatones/clientes en esquina comercial; anotar en Scout (kind express/otro); ver tambien recargas informales
3,8848a206cdfffff,25.68652853501211,-100.4342021814932,6,2,4,5,Bodega Aurrera; OXXO; Oxxo; S-Mart,19048_0129,Martires de Cananea,Santa Catarina,0.21,160.0,2.0,media,0,0,"https://www.google.com/maps/search/?api=1&query=25.68653,-100.43420","VERIFICADO conteo OSM (shop=supermarket|convenience) en hex H3 r8; densidad de comercio = proxy de flujo, SUPUESTO; plan de campo, sin visita hecha",contar 10 min peatones/clientes en esquina comercial; anotar en Scout (kind express/otro); ver tambien recargas informales
4,8848a20e2dfffff,25.733489639982373,-100.19849482058316,6,2,4,4,7-Eleven; Farmacia Guadalajara; La Bodeguita; Oxxo,19006_0310,Noria Norte,Apodaca,0.16,54.0,1.0,media,0,0,"https://www.google.com/maps/search/?api=1&query=25.73349,-100.19849","VERIFICADO conteo OSM (shop=supermarket|convenience) en hex H3 r8; densidad de comercio = proxy de flujo, SUPUESTO; plan de campo, sin visita hecha",contar 10 min peatones/clientes en esquina comercial; anotar en Scout (kind express/otro); ver tambien recargas informales
5,8848a20739fffff,25.6856519368038,-100.32930160947066,6,1,5,6,7-Eleven; Oxxo; Soriana,19039_0345,Industrial,Monterrey,0.15,87.0,3.0,media,0,0,"https://www.google.com/maps/search/?api=1&query=25.68565,-100.32930","VERIFICADO conteo OSM (shop=supermarket|convenience) en hex H3 r8; densidad de comercio = proxy de flujo, SUPUESTO; plan de campo, sin visita hecha",contar 10 min peatones/clientes en esquina comercial; anotar en Scout (kind express/otro); ver tambien recargas informales
6,8848a2a937fffff,25.69267692145614,-100.45968290422826,6,1,5,3,7-Eleven; Abarrotes; Hemsa; Oxxo,19048_0220,San Gilberto,Santa Catarina,0.24,44.0,4.0,media,0,0,"https://www.google.com/maps/search/?api=1&query=25.69268,-100.45968","VERIFICADO conteo OSM (shop=supermarket|convenience) en hex H3 r8; densidad de comercio = proxy de flujo, SUPUESTO; plan de campo, sin visita hecha",contar 10 min peatones/clientes en esquina comercial; anotar en Scout (kind express/otro); ver tambien recargas informales
7,8848a20191fffff,25.69348162666987,-100.21019853534852,6,0,6,6,7-Eleven; Oxxo,19026_0316,Nuevo San Rafael,Guadalupe,0.29,116.0,1.0,baja,0,0,"https://www.google.com/maps/search/?api=1&query=25.69348,-100.21020","VERIFICADO conteo OSM (shop=supermarket|convenience) en hex H3 r8; densidad de comercio = proxy de flujo, SUPUESTO; plan de campo, sin visita hecha",contar 10 min peatones/clientes en esquina comercial; anotar en Scout (kind express/otro); ver tambien recargas informales
8,8848a20763fffff,25.663209980982078,-100.31248033629836,6,0,6,5,7-Eleven; Oxxo; Sanborns,19039_0343,Independencia,Monterrey,0.36,65.0,6.0,baja,0,0,"https://www.google.com/maps/search/?api=1&query=25.66321,-100.31248","VERIFICADO conteo OSM (shop=supermarket|convenience) en hex H3 r8; densidad de comercio = proxy de flujo, SUPUESTO; plan de campo, sin visita hecha",contar 10 min peatones/clientes en esquina comercial; anotar en Scout (kind express/otro); ver tambien recargas informales
9,8848a20f49fffff,25.704198825150968,-100.1661798088808,5,4,1,3,Bodega Aurrera Valle Soleado; HEMSA; Oxxo; S-Mart,19026_0448,Valle Soleado,Guadalupe,0.58,156.0,3.0,media,0,0,"https://www.google.com/maps/search/?api=1&query=25.70420,-100.16618","VERIFICADO conteo OSM (shop=supermarket|convenience) en hex H3 r8; densidad de comercio = proxy de flujo, SUPUESTO; plan de campo, sin visita hecha",contar 10 min peatones/clientes en esquina comercial; anotar en Scout (kind express/otro); ver tambien recargas informales
10,8848a2a917fffff,25.68320040222778,-100.4838586178427,5,4,1,4,H-E-B; HEMSA; Oxxo; Soriana,19048_0195,Puerta del Sol,Santa Catarina,0.46,109.0,3.0,baja,0,0,"https://www.google.com/maps/search/?api=1&query=25.68320,-100.48386","VERIFICADO conteo OSM (shop=supermarket|convenience) en hex H3 r8; densidad de comercio = proxy de flujo, SUPUESTO; plan de campo, sin visita hecha",contar 10 min peatones/clientes en esquina comercial; anotar en Scout (kind express/otro); ver tambien recargas informales
11,8848a20f53fffff,25.73413595520018,-100.18856864158303,5,1,4,4,7-Eleven; Comercial Triviño; Oxxo,19006_0310,Noria Norte,Apodaca,0.38,54.0,1.0,media,0,0,"https://www.google.com/maps/search/?api=1&query=25.73414,-100.18857","VERIFICADO conteo OSM (shop=supermarket|convenience) en hex H3 r8; densidad de comercio = proxy de flujo, SUPUESTO; plan de campo, sin visita hecha",contar 10 min peatones/clientes en esquina comercial; anotar en Scout (kind express/otro); ver tambien recargas informales
12,8848a20559fffff,25.709406502207358,-100.32627197243292,5,0,5,4,7-Eleven; Oxxo,19039_0518,Niño Artillero,Monterrey,0.4,53.0,2.0,media,0,0,"https://www.google.com/maps/search/?api=1&query=25.70941,-100.32627","VERIFICADO conteo OSM (shop=supermarket|convenience) en hex H3 r8; densidad de comercio = proxy de flujo, SUPUESTO; plan de campo, sin visita hecha",contar 10 min peatones/clientes en esquina comercial; anotar en Scout (kind express/otro); ver tambien recargas informales
13,8848a20f5bfffff,25.726005710425426,-100.19289560864398,4,2,2,3,7-Eleven; Oxxo; Seven 7; Soriana,19026_0072,Cañada Blanca,Guadalupe,0.16,59.0,2.0,media,0,0,"https://www.google.com/maps/search/?api=1&query=25.72601,-100.19290","VERIFICADO conteo OSM (shop=supermarket|convenience) en hex H3 r8; densidad de comercio = proxy de flujo, SUPUESTO; plan de campo, sin visita hecha",contar 10 min peatones/clientes en esquina comercial; anotar en Scout (kind express/otro); ver tambien recargas informales
14,8848a20287fffff,25.625805117084244,-100.28446094911233,4,1,3,3,7-Eleven; Oxxo; Plaza Las Torres,19039_0711,Sierra Ventana,Monterrey,0.2,136.0,4.0,baja,0,0,"https://www.google.com/maps/search/?api=1&query=25.62581,-100.28446","VERIFICADO conteo OSM (shop=supermarket|convenience) en hex H3 r8; densidad de comercio = proxy de flujo, SUPUESTO; plan de campo, sin visita hecha",contar 10 min peatones/clientes en esquina comercial; anotar en Scout (kind express/otro); ver tambien recargas informales
15,8848a20f09fffff,25.72794185928916,-100.16312034290158,4,1,3,3,7-Eleven; Oxxo; Tienda del Ahorro,19006_0235,Lomas del Pedregal,Apodaca,0.19,162.0,4.0,media,0,0,"https://www.google.com/maps/search/?api=1&query=25.72794,-100.16312","VERIFICADO conteo OSM (shop=supermarket|convenience) en hex H3 r8; densidad de comercio = proxy de flujo, SUPUESTO; plan de campo, sin visita hecha",contar 10 min peatones/clientes en esquina comercial; anotar en Scout (kind express/otro); ver tambien recargas informales
16,8848a200a7fffff,25.69218365581637,-100.23004615343861,4,0,4,2,Abarrotes y Depósito Javier; Oxxo; Tienda de abarrotes,19026_0461,Vicente Guerrero,Guadalupe,0.25,46.0,0.0,baja,0,0,"https://www.google.com/maps/search/?api=1&query=25.69218,-100.23005","VERIFICADO conteo OSM (shop=supermarket|convenience) en hex H3 r8; densidad de comercio = proxy de flujo, SUPUESTO; plan de campo, sin visita hecha",contar 10 min peatones/clientes en esquina comercial; anotar en Scout (kind express/otro); ver tambien recargas informales
17,8848a20565fffff,25.71332977843066,-100.26670441254099,4,0,4,4,7-Eleven; Oxxo; Tecate Six,19046_0057,Constituyentes de Queretaro 4 Sec,San Nicolás de los Garza,0.2,128.0,0.0,baja,0,0,"https://www.google.com/maps/search/?api=1&query=25.71333,-100.26670","VERIFICADO conteo OSM (shop=supermarket|convenience) en hex H3 r8; densidad de comercio = proxy de flujo, SUPUESTO; plan de campo, sin visita hecha",contar 10 min peatones/clientes en esquina comercial; anotar en Scout (kind express/otro); ver tambien recargas informales
18,8848a20f31fffff,25.759812561003137,-100.15573028355212,4,0,4,4,OXXO,19006_0404,Pueblo Nuevo 2Do Sector,Apodaca,0.23,69.0,1.0,media,0,0,"https://www.google.com/maps/search/?api=1&query=25.75981,-100.15573","VERIFICADO conteo OSM (shop=supermarket|convenience) en hex H3 r8; densidad de comercio = proxy de flujo, SUPUESTO; plan de campo, sin visita hecha",contar 10 min peatones/clientes en esquina comercial; anotar en Scout (kind express/otro); ver tambien recargas informales
19,8848a20095fffff,25.68957934172435,-100.26974487672663,3,0,3,3,7-Eleven; Oxxo,19039_0784,Venustiano Carranza,Monterrey,0.24,139.0,1.0,media,0,0,"https://www.google.com/maps/search/?api=1&query=25.68958,-100.26974","VERIFICADO conteo OSM (shop=supermarket|convenience) en hex H3 r8; densidad de comercio = proxy de flujo, SUPUESTO; plan de campo, sin visita hecha",contar 10 min peatones/clientes en esquina comercial; anotar en Scout (kind express/otro); ver tambien recargas informales
20,8848a2023dfffff,25.581569730954946,-100.24094844188609,3,0,3,3,7-Eleven; Oxxo,19039_0525,Nueva Estanzuela,Monterrey,0.47,131.0,1.0,baja,0,0,"https://www.google.com/maps/search/?api=1&query=25.58157,-100.24095","VERIFICADO conteo OSM (shop=supermarket|convenience) en hex H3 r8; densidad de comercio = proxy de flujo, SUPUESTO; plan de campo, sin visita hecha",contar 10 min peatones/clientes en esquina comercial; anotar en Scout (kind express/otro); ver tambien recargas informales
21,8848a206c9fffff,25.685864305278,-100.44413291307984,3,0,3,3,7-Eleven; Oxxo,19048_0129,Martires de Cananea,Santa Catarina,0.27,160.0,2.0,media,0,0,"https://www.google.com/maps/search/?api=1&query=25.68586,-100.44413","VERIFICADO conteo OSM (shop=supermarket|convenience) en hex H3 r8; densidad de comercio = proxy de flujo, SUPUESTO; plan de campo, sin visita hecha",contar 10 min peatones/clientes en esquina comercial; anotar en Scout (kind express/otro); ver tambien recargas informales
22,8848a206ddfffff,25.700819787936656,-100.45537010178111,3,0,3,3,OXXO; Oxxo,19048_0220,San Gilberto,Santa Catarina,0.23,44.0,4.0,media,0,0,"https://www.google.com/maps/search/?api=1&query=25.70082,-100.45537","VERIFICADO conteo OSM (shop=supermarket|convenience) en hex H3 r8; densidad de comercio = proxy de flujo, SUPUESTO; plan de campo, sin visita hecha",contar 10 min peatones/clientes en esquina comercial; anotar en Scout (kind express/otro); ver tambien recargas informales
23,8848a20567fffff,25.720811910880773,-100.27230918020192,2,1,1,1,Oxxo; tiendita,19046_0021,Azteca,San Nicolás de los Garza,0.23,40.0,0.0,baja,0,0,"https://www.google.com/maps/search/?api=1&query=25.72081,-100.27231","VERIFICADO conteo OSM (shop=supermarket|convenience) en hex H3 r8; densidad de comercio = proxy de flujo, SUPUESTO; plan de campo, sin visita hecha",contar 10 min peatones/clientes en esquina comercial; anotar en Scout (kind express/otro); ver tambien recargas informales
24,8848a2061bfffff,25.679050426460734,-100.42858558031828,2,1,1,2,MEGA Soriana; Oxxo,19048_0237,Union de Colonos,Santa Catarina,0.2,113.0,0.0,baja,0,0,"https://www.google.com/maps/search/?api=1&query=25.67905,-100.42859","VERIFICADO conteo OSM (shop=supermarket|convenience) en hex H3 r8; densidad de comercio = proxy de flujo, SUPUESTO; plan de campo, sin visita hecha",contar 10 min peatones/clientes en esquina comercial; anotar en Scout (kind express/otro); ver tambien recargas informales
25,8848a20f3bfffff,25.759169039925585,-100.16565738170218,2,1,1,1,Molino y Masa EL MILAGRO; OXXO,19006_0407,Pueblo Nuevo 5To Sector,Apodaca,0.54,49.0,2.0,media,0,0,"https://www.google.com/maps/search/?api=1&query=25.75917,-100.16566","VERIFICADO conteo OSM (shop=supermarket|convenience) en hex H3 r8; densidad de comercio = proxy de flujo, SUPUESTO; plan de campo, sin visita hecha",contar 10 min peatones/clientes en esquina comercial; anotar en Scout (kind express/otro); ver tambien recargas informales
26,8848a2a935fffff,25.68519937715286,-100.45406392309319,2,1,1,2,7-Eleven; MEGA Soriana,19048_0232,Sarabia,Santa Catarina,0.18,91.0,0.0,baja,0,0,"https://www.google.com/maps/search/?api=1&query=25.68520,-100.45406","VERIFICADO conteo OSM (shop=supermarket|convenience) en hex H3 r8; densidad de comercio = proxy de flujo, SUPUESTO; plan de campo, sin visita hecha",contar 10 min peatones/clientes en esquina comercial; anotar en Scout (kind express/otro); ver tambien recargas informales
27,8848a20037fffff,25.65411938588515,-100.21197465866541,2,0,2,2,7-Eleven; Oxxo,19026_0013,2 de Mayo,Guadalupe,0.3,102.0,1.0,media,0,0,"https://www.google.com/maps/search/?api=1&query=25.65412,-100.21197","VERIFICADO conteo OSM (shop=supermarket|convenience) en hex H3 r8; densidad de comercio = proxy de flujo, SUPUESTO; plan de campo, sin visita hecha",contar 10 min peatones/clientes en esquina comercial; anotar en Scout (kind express/otro); ver tambien recargas informales
28,8848a20231fffff,25.589051556904774,-100.24654510226465,2,0,2,2,Oxxo,19039_0299,Fomerrey 45,Monterrey,0.21,99.0,1.0,media,0,0,"https://www.google.com/maps/search/?api=1&query=25.58905,-100.24655","VERIFICADO conteo OSM (shop=supermarket|convenience) en hex H3 r8; densidad de comercio = proxy de flujo, SUPUESTO; plan de campo, sin visita hecha",contar 10 min peatones/clientes en esquina comercial; anotar en Scout (kind express/otro); ver tambien recargas informales
29,8848a202a9fffff,25.61897810081887,-100.26893977300236,2,0,2,1,"ABAREOTES ""SARAHÍ""; Oxxo",19039_0664,San Angel Sur ( Los Remates ),Monterrey,0.46,85.0,2.0,media,0,0,"https://www.google.com/maps/search/?api=1&query=25.61898,-100.26894","VERIFICADO conteo OSM (shop=supermarket|convenience) en hex H3 r8; densidad de comercio = proxy de flujo, SUPUESTO; plan de campo, sin visita hecha",contar 10 min peatones/clientes en esquina comercial; anotar en Scout (kind express/otro); ver tambien recargas informales
30,8848a206d9fffff,25.70015437993942,-100.46530268834262,2,0,2,2,7-Eleven; 7-Eleven (711),19048_0220,San Gilberto,Santa Catarina,0.26,44.0,4.0,media,0,0,"https://www.google.com/maps/search/?api=1&query=25.70015,-100.46530","VERIFICADO conteo OSM (shop=supermarket|convenience) en hex H3 r8; densidad de comercio = proxy de flujo, SUPUESTO; plan de campo, sin visita hecha",contar 10 min peatones/clientes en esquina comercial; anotar en Scout (kind express/otro); ver tambien recargas informales
