rank_zmm,rank_muni,municipio,colonia,cell_score,colonia_score_base,colonia_rank_base,anclas_pond,anclas_150m,semaforos_osm_100m,altos_osm_100m,paradas_100m,flujo_pts,avenida_clase,avenida_nombre,avenida_dist_m,competidor_mas_cercano_m,competidores_300m,purif_scout_extra_300m,scout_marks_150m,scout_bonus_celda,pines,lat,lon,gmaps
1,1,Santa Catarina,San Gilberto,15.6,52.2,44,14.7,abarrotes:6;tortilleria:5;cerveza:3;oxxo:1;farmacia:1,0,0,1,0.0,2,Avenida Perimetral Norte,91,269,1,0,,0.0,,25.69955,-100.463,"https://www.google.com/maps?q=25.69955,-100.46300"
2,1,Apodaca,Prados de La Cieneguita,15.0,44.8,74,13.6,abarrotes:7;tortilleria:5;cerveza:3,0,0,1,1.5,4,Avenida Afganistán,29,281,1,0,,-0.1,,25.78006,-100.25464,"https://www.google.com/maps?q=25.78006,-100.25464"
3,2,Apodaca,Pueblo Nuevo 1Er Sector,13.3,66.8,6,10.4,abarrotes:9;tortilleria:5;farmacia:1,0,0,0,1.0,3,Avenida Río Pilón,55,646,0,0,,-0.0,,25.76016,-100.16691,"https://www.google.com/maps?q=25.76016,-100.16691"
4,1,Monterrey,San Angel Sur ( Los Remates ),13.1,42.2,85,13.2,abarrotes:8;tortilleria:4;cerveza:3;farmacia:1,0,0,1,0.0,2,Epicuro,197,299,1,0,,0.1,,25.61994,-100.2676,"https://www.google.com/maps?q=25.61994,-100.26760"
5,1,Guadalupe,Cañada Blanca,11.3,48.7,59,3.9,abarrotes:3;farmacia:1;oxxo:1;banco_bienestar_azteca:1,4,0,2,1.5,3,Avenida Guadalajara,7,562,0,0,,0.1,,25.72397,-100.19084,"https://www.google.com/maps?q=25.72397,-100.19084"
6,2,Monterrey,Fomerrey 35 (Tierra Propia),11.3,62.6,16,10.0,abarrotes:15;tortilleria:2;cerveza:1,0,0,0,0.0,2,Calle Enrique Rangel Meléndez,148,405,0,0,,-0.1,,25.79454,-100.37926,"https://www.google.com/maps?q=25.79454,-100.37926"
7,2,Guadalupe,Miguel Hidalgo,11.1,63.0,15,4.9,abarrotes:9;tortilleria:1,4,0,0,1.0,3,Avenida San Sebastián,12,1398,0,0,,-0.1,,25.66517,-100.20679,"https://www.google.com/maps?q=25.66517,-100.20679"
8,3,Apodaca,Pueblo Nuevo 4To Sector,10.9,67.0,5,3.8,banco_bienestar_azteca:2;abarrotes:2;farmacia:1,2,0,2,1.5,4,Carretera A Apodaca,35,950,0,0,,-0.1,,25.75925,-100.17189,"https://www.google.com/maps?q=25.75925,-100.17189"
9,3,Monterrey,Fomerrey 35 (Tierra Propia),10.8,62.6,16,9.1,abarrotes:9;escuela:1;farmacia:1;banco_bienestar_azteca:1;tortilleria:1;cerveza:1,0,0,0,0.5,2,Calle Enrique Rangel Meléndez,32,678,0,0,,-0.1,,25.79182,-100.37926,"https://www.google.com/maps?q=25.79182,-100.37926"
10,4,Apodaca,Noria Norte,10.7,49.4,54,9.4,abarrotes:3;tortilleria:3;escuela:2;cerveza:1;iglesia:1,0,0,1,1.0,3,Avenida México,11,246,1,0,,0.0,,25.73302,-100.19482,"https://www.google.com/maps?q=25.73302,-100.19482"
11,4,Monterrey,San Bernabe 1Er Sector,10.7,64.6,12,8.3,abarrotes:7;tortilleria:3;banco_bienestar_azteca:1;farmacia:1,0,0,0,1.0,3,Avenida Aztlán,46,438,0,0,,0.0,,25.75745,-100.38823,"https://www.google.com/maps?q=25.75745,-100.38823"
12,5,Monterrey,Topo Chico,10.6,57.8,28,6.3,abarrotes:7;tortilleria:2;express:1,2,0,0,1.5,4,Calle Santiago,35,455,0,0,express:1;alto:1;otro:1,2.4,,25.73392,-100.3334,"https://www.google.com/maps?q=25.73392,-100.33340"
13,6,Monterrey,Gloria Mendiola,10.2,65.7,8,8.8,abarrotes:12;tortilleria:2;cerveza:1,0,0,0,0.0,,,,819,0,0,,0.5,,25.7683,-100.36031,"https://www.google.com/maps?q=25.76830,-100.36031"
14,7,Monterrey,Lazaro Cardenas,10.0,62.4,17,7.4,abarrotes:6;tortilleria:2;oxxo:1;cerveza:1,0,0,0,1.5,4,Avenida de la Aurora,8,1741,0,0,,-2.1,,25.74568,-100.32243,"https://www.google.com/maps?q=25.74568,-100.32243"
15,1,García,Los Nogales,10.0,45.1,72,9.5,abarrotes:10;tortilleria:2;cerveza:2,0,0,0,1.0,3,Maravilla,59,477,0,0,,0.0,,25.79906,-100.60257,"https://www.google.com/maps?q=25.79906,-100.60257"
16,8,Monterrey,San Angel Sur ( Los Remates ),10.0,42.2,85,12.8,abarrotes:9;cerveza:3;tortilleria:3;express:1,0,0,1,0.0,,,,175,2,0,,0.1,,25.61722,-100.2666,"https://www.google.com/maps?q=25.61722,-100.26660"
17,1,San Nicolás de los Garza,Paseo del Nogalar,9.9,63.5,14,8.8,abarrotes:10;tortilleria:3;escuela:1,0,0,0,0.0,2,Calle Chihuahua,106,631,0,0,,-0.1,,25.72488,-100.27059,"https://www.google.com/maps?q=25.72488,-100.27059"
18,9,Monterrey,Fomerrey 116 (San Bernabe 8),9.9,48.5,60,9.1,abarrotes:7;tortilleria:3;farmacia:2;cerveza:1,0,0,0,1.0,2,Avenida de las Rocas,8,336,0,0,,0.0,,25.76197,-100.38324,"https://www.google.com/maps?q=25.76197,-100.38324"
19,10,Monterrey,Fomerrey 45,9.9,38.7,99,11.5,abarrotes:13;cerveza:3;farmacia:1;tortilleria:1,0,0,1,0.0,2,Antiguo Camino A La Villa de Santiago,206,202,1,0,,0.0,,25.59009,-100.24666,"https://www.google.com/maps?q=25.59009,-100.24666"
20,,Monterrey,Industrial,9.8,42.0,87,2.1,abarrotes:4;farmacia:1,6,0,1,1.5,4,Avenida Cristóbal Colón,4,494,0,0,,0.0,,25.68688,-100.32243,"https://www.google.com/maps?q=25.68688,-100.32243"
21,,Monterrey,Tierra Y Libertad,9.7,49.1,57,9.3,abarrotes:17;tortilleria:2,0,0,0,0.5,2,Avenida San Martín,48,347,0,0,,-0.1,,25.74207,-100.34038,"https://www.google.com/maps?q=25.74207,-100.34038"
22,2,San Nicolás de los Garza,Fomerrey 129 (Mirador San Nicolas),9.6,37.2,110,4.5,abarrotes:5;oxxo:1;farmacia:1;escuela:1,5,0,0,1.5,4,Avenida de la Aurora,6,496,0,0,,0.0,,25.76378,-100.32243,"https://www.google.com/maps?q=25.76378,-100.32243"
23,3,San Nicolás de los Garza,Azteca,9.5,52.8,40,8.7,abarrotes:8;tortilleria:2;escuela:2;iglesia:1,0,0,0,0.5,2,Calle Cuitláhuac,59,901,0,0,,-0.1,,25.72216,-100.2676,"https://www.google.com/maps?q=25.72216,-100.26760"
24,1,General Escobedo,La Unidad,9.5,41.0,92,9.0,abarrotes:8;tortilleria:3;cerveza:1;farmacia:1,0,0,1,0.5,2,Avenida La Unidad,4,295,1,0,,0.2,,25.79544,-100.41614,"https://www.google.com/maps?q=25.79544,-100.41614"
25,,Monterrey,Fomerrey 24,9.4,66.3,7,7.6,abarrotes:12;tortilleria:1;farmacia:1;escuela:1,0,0,0,0.5,2,Calle Epicalia,12,943,0,0,,-2.0,,25.78911,-100.37726,"https://www.google.com/maps?q=25.78911,-100.37726"
26,,Monterrey,Niño Artillero,9.3,49.6,53,5.8,abarrotes:4;cerveza:2;tortilleria:1,2,0,0,1.5,4,Avenida General Bernardo Reyes,35,409,0,0,,0.0,,25.70588,-100.32642,"https://www.google.com/maps?q=25.70588,-100.32642"
27,1,Juárez,Monte Kristal,9.3,50.8,48,8.2,abarrotes:3;escuela:2;tortilleria:2;oxxo:1;cerveza:1,0,0,1,0.0,,,,527,0,0,,0.0,,25.6118,-100.14298,"https://www.google.com/maps?q=25.61180,-100.14298"
28,2,General Escobedo,Pedregal del Topo Chico [19021_0183],9.3,43.6,79,8.9,abarrotes:6;tortilleria:4;cerveza:1,0,0,0,1.0,3,Avenida Las Torres,40,502,0,0,,0.1,,25.80811,-100.36231,"https://www.google.com/maps?q=25.80811,-100.36231"
29,,Monterrey,Croc,9.2,68.7,4,7.3,abarrotes:10;oxxo:1;tortilleria:1;escuela:1,0,0,0,0.5,2,Camino Real,46,708,0,2,escuela:1;modelorama:4;otro:1;empeno:1,9.3,,25.78549,-100.37726,"https://www.google.com/maps?q=25.78549,-100.37726"
30,5,Apodaca,Pueblo Nuevo 2Do Sector,9.0,46.5,69,7.8,abarrotes:7;tortilleria:4,0,0,1,0.5,2,Calle Río Missouri,6,590,0,0,,0.1,,25.75835,-100.15794,"https://www.google.com/maps?q=25.75835,-100.15794"
31,,Monterrey,Croc,8.8,68.7,4,7.5,abarrotes:8;cerveza:2;tortilleria:1,0,0,0,0.0,,,,637,0,0,modelorama:4,2.3,favorito:Zoja(117m);favorito:Esquina con narciso(136m);favorito:farmacia san marcos(147m),25.77463,-100.36829,"https://www.google.com/maps?q=25.77463,-100.36829"
32,,Monterrey,Constituyentes del 57,8.8,52.6,41,8.6,abarrotes:9;tortilleria:2;farmacia:2;cerveza:1,0,0,0,0.0,,,,655,0,0,,-0.1,favorito:Sandra hamburgyesa(32m),25.72759,-100.32642,"https://www.google.com/maps?q=25.72759,-100.32642"
33,3,General Escobedo,Fernando Amilpa,8.8,52.4,42,8.6,abarrotes:9;tortilleria:2;escuela:1;cerveza:1,0,0,0,0.0,,,,1622,0,0,,-0.0,,25.8072,-100.27059,"https://www.google.com/maps?q=25.80720,-100.27059"
34,,Monterrey,Tierra Y Libertad,8.8,49.1,57,7.9,abarrotes:14;tortilleria:1;escuela:1,0,0,0,1.0,3,Avenida Almazán,7,334,0,1,modelorama:1;purificadora:1,-1.5,,25.73935,-100.33838,"https://www.google.com/maps?q=25.73935,-100.33838"
35,6,Apodaca,Noria Norte,8.6,49.4,54,8.2,abarrotes:8;tortilleria:2;escuela:1;cerveza:1,0,0,0,0.5,2,Avenida Estado de Jalisco,47,513,0,0,,0.0,,25.73664,-100.18984,"https://www.google.com/maps?q=25.73664,-100.18984"
36,,Monterrey,Fomerrey 23 ( Laderas de Topo Chico),8.6,61.8,18,7.2,abarrotes:11;tortilleria:1;farmacia:1;escuela:1,0,0,0,0.5,2,Camino Real,4,806,0,1,modelorama:2,0.3,,25.77011,-100.36929,"https://www.google.com/maps?q=25.77011,-100.36929"
37,,Monterrey,Fomerrey 115 (San Bernabe 12),8.5,61.5,19,5.2,abarrotes:6;express:1;tortilleria:1;farmacia:1,0,0,2,0.5,2,Calle Nepenta,38,545,0,0,,-0.1,,25.7683,-100.38424,"https://www.google.com/maps?q=25.76830,-100.38424"
38,4,General Escobedo,Fomerrey 9 (Solidaridad Social),8.5,38.3,101,9.2,abarrotes:6;tortilleria:3;farmacia:1;escuela:1;cerveza:1,0,0,0,0.5,2,Calle Profesor Miguel F. Martínez,5,358,0,0,,-0.1,,25.78458,-100.32841,"https://www.google.com/maps?q=25.78458,-100.32841"
39,5,General Escobedo,Fomerrey 36,8.5,37.7,103,9.2,abarrotes:8;tortilleria:2;escuela:2;cerveza:1,0,0,0,0.5,2,Calle Profesor Miguel F. Martínez,31,388,0,0,,-0.1,,25.77282,-100.33041,"https://www.google.com/maps?q=25.77282,-100.33041"
40,,Monterrey,10 de Marzo,8.5,45.0,73,7.5,abarrotes:8;cerveza:2;tortilleria:1,0,0,0,1.5,4,Avenida Venustiano Carranza,59,513,0,0,,-0.0,,25.69141,-100.33041,"https://www.google.com/maps?q=25.69141,-100.33041"
41,2,García,Ampl Los Nogales ( El Polvorin ),8.5,42.4,82,9.2,abarrotes:6;tortilleria:3;cerveza:2,0,0,0,0.0,2,Peral,284,745,0,0,,-0.0,,25.80268,-100.59758,"https://www.google.com/maps?q=25.80268,-100.59758"
42,,Monterrey,Independencia,8.4,47.7,65,8.6,abarrotes:9;farmacia:2;tortilleria:2;cerveza:1,0,0,0,0.0,2,Calle Juan Pablo II,123,345,0,0,,0.1,,25.66065,-100.32542,"https://www.google.com/maps?q=25.66065,-100.32542"
43,2,Santa Catarina,Lomas de La Fama,8.3,43.9,76,6.9,abarrotes:9;tortilleria:1;escuela:1;iglesia:1,0,0,2,0.0,,,,440,0,0,,0.1,,25.68869,-100.42013,"https://www.google.com/maps?q=25.68869,-100.42013"
44,,Monterrey,Fomerrey 114 (San Bernabe 13),8.3,60.6,21,6.5,abarrotes:10;tortilleria:2,0,0,0,1.0,3,Avenida Aztlán,35,648,0,0,,-0.1,,25.76378,-100.38025,"https://www.google.com/maps?q=25.76378,-100.38025"
45,6,General Escobedo,La Unidad,8.3,41.0,92,9.1,abarrotes:9;tortilleria:2;farmacia:1;cerveza:1;iglesia:1,0,0,0,0.0,2,Calle Unidad Democrática,223,393,0,0,,0.1,,25.79544,-100.41315,"https://www.google.com/maps?q=25.79544,-100.41315"
46,,Monterrey,Topo Chico,8.1,57.8,28,4.0,abarrotes:10,2,0,0,1.5,4,Avenida General Bernardo Reyes,14,756,0,0,,-0.2,,25.73845,-100.32941,"https://www.google.com/maps?q=25.73845,-100.32941"
47,7,General Escobedo,Santa Lucia,8.1,37.7,104,8.7,abarrotes:8;tortilleria:2;cerveza:2,0,0,0,0.5,2,Avenida Licenciado Santiago Roel,6,483,0,0,,-0.0,,25.80268,-100.36829,"https://www.google.com/maps?q=25.80268,-100.36829"
48,,Monterrey,Ampliacion Municipal,8.0,73.7,1,6.5,abarrotes:10;tortilleria:2,0,0,0,0.0,2,Camino Real,292,664,0,0,,0.1,,25.7683,-100.36331,"https://www.google.com/maps?q=25.76830,-100.36331"
49,2,Juárez,Monte Kristal,8.0,50.8,48,3.4,abarrotes:3;escuela:1;tortilleria:1,0,0,4,0.5,2,Calle Antiguo Camino a Villa de Juárez,7,352,0,0,,0.0,,25.61903,-100.14597,"https://www.google.com/maps?q=25.61903,-100.14597"
50,,Monterrey,Valle de Santa Lucia (Granja Sanitaria),8.0,43.1,80,7.6,abarrotes:4;tortilleria:2;farmacia:2;express:1;cerveza:1,0,0,0,1.0,2,Calle Pedro Zorrilla,4,725,0,0,,-0.0,,25.74116,-100.35334,"https://www.google.com/maps?q=25.74116,-100.35334"
,7,Apodaca,Prados de La Cieneguita,8.0,44.8,74,5.9,abarrotes:6;iglesia:1;farmacia:1;express:1;oxxo:1,1,0,0,1.5,4,Avenida de la Concordia,5,325,0,0,,-0.0,,25.78458,-100.25364,"https://www.google.com/maps?q=25.78458,-100.25364"
,8,General Escobedo,Nuevo Leon Estado de Progreso (Alianza Real),7.9,59.5,25,7.3,abarrotes:15;tortilleria:1,0,0,0,0.0,2,Avenida Constitucion,163,1329,0,0,,0.1,,25.84791,-100.3982,"https://www.google.com/maps?q=25.84791,-100.39820"
,9,General Escobedo,Nuevo Leon Estado de Progreso (Alianza Real),7.9,59.5,25,6.2,abarrotes:8;farmacia:1;banco_bienestar_azteca:1;tortilleria:1,0,0,2,0.0,2,Calle Independencia,275,227,1,0,,0.1,,25.84701,-100.38623,"https://www.google.com/maps?q=25.84701,-100.38623"
,4,San Nicolás de los Garza,Vicente Guerrero 3 Sector,7.9,49.3,55,7.5,abarrotes:8;escuela:1;tortilleria:1;cerveza:1;farmacia:1,0,0,0,0.5,2,Avenida Vicente Guerrero,35,667,0,0,,-0.0,,25.75654,-100.25265,"https://www.google.com/maps?q=25.75654,-100.25265"
,3,Santa Catarina,San Gilberto,7.9,52.2,44,7.7,abarrotes:8;tortilleria:2;cerveza:1;farmacia:1,0,0,0,0.0,,,,498,0,0,,0.0,,25.70226,-100.46001,"https://www.google.com/maps?q=25.70226,-100.46001"
,3,Guadalupe,Cañada Blanca,7.8,48.7,59,8.0,tortilleria:3;abarrotes:3;cerveza:2,0,0,0,0.0,2,Calle Estado De Zacatecas,68,302,0,0,,0.1,,25.72488,-100.18685,"https://www.google.com/maps?q=25.72488,-100.18685"
,10,General Escobedo,Fomerrey 9 (Solidaridad Social),7.8,38.3,101,3.6,abarrotes:4;escuela:1;oxxo:1,4,0,2,1.5,2,Doctor Plinio Daniel Ordóñez,3,146,2,0,,-0.0,,25.78187,-100.33041,"https://www.google.com/maps?q=25.78187,-100.33041"
,5,San Nicolás de los Garza,Paseo del Nogalar,7.8,63.5,14,6.4,abarrotes:6;tortilleria:2;farmacia:1;escuela:1,0,0,0,0.5,2,Calle Gustavo Díaz Ordáz,26,661,0,0,,-0.1,,25.72488,-100.27358,"https://www.google.com/maps?q=25.72488,-100.27358"
,3,Juárez,Rancho Viejo,7.8,46.6,68,8.1,abarrotes:9;tortilleria:2;cerveza:1;farmacia:1,0,0,0,0.0,2,Camino a San Roque,171,357,0,0,,-0.1,,25.62446,-100.1699,"https://www.google.com/maps?q=25.62446,-100.16990"
,4,Juárez,Hector Caballero,7.8,50.2,51,7.8,abarrotes:10;express:1;tortilleria:1;cerveza:1,0,0,0,0.0,2,Avenida Héctor Caballero,86,727,0,0,,-0.1,,25.63803,-100.12604,"https://www.google.com/maps?q=25.63803,-100.12604"
,6,San Nicolás de los Garza,Azteca,7.7,52.8,40,4.0,abarrotes:5;farmacia:2;escuela:1,3,0,0,0.5,2,Calle Cuitláhuac,41,772,0,0,,-0.1,,25.71945,-100.2666,"https://www.google.com/maps?q=25.71945,-100.26660"
,4,Guadalupe,25 de Noviembre,7.6,57.2,29,7.1,abarrotes:9;tortilleria:2;escuela:1,0,0,0,0.0,,,,872,0,0,,-0.1,,25.65522,-100.27059,"https://www.google.com/maps?q=25.65522,-100.27059"
,5,Guadalupe,Valles del Sol,7.6,34.2,132,9.0,abarrotes:10;tortilleria:4,0,0,0,0.0,2,Avenida del Bosque,87,357,0,0,,-0.0,,25.65341,-100.16691,"https://www.google.com/maps?q=25.65341,-100.16691"
,4,Santa Catarina,Rincon de Las Mitras (Fomerrey 2),7.4,65.2,10,5.9,abarrotes:6;farmacia:2;tortilleria:2,0,0,0,0.5,2,Avenida Manuel Jesús Clouthier,25,1008,0,0,,-0.1,,25.68326,-100.4311,"https://www.google.com/maps?q=25.68326,-100.43110"
,8,Apodaca,Pueblo Nuevo 4To Sector,7.4,67.0,5,2.8,abarrotes:7,0,0,2,1.5,4,Carretera A Apodaca,49,1201,0,0,,-0.0,,25.76197,-100.17289,"https://www.google.com/maps?q=25.76197,-100.17289"
,9,Apodaca,Prados de La Cieneguita,7.3,44.8,74,3.2,abarrotes:3;cerveza:1;farmacia:1,3,0,0,1.5,4,Avenida de la Concordia,5,309,0,0,,-0.0,,25.78458,-100.25863,"https://www.google.com/maps?q=25.78458,-100.25863"
,5,Juárez,Villas de San Jose 7 Sector,7.2,58.6,27,6.7,abarrotes:6;tortilleria:3;farmacia:1,0,0,0,0.0,2,,212,855,0,0,,-0.1,,25.64979,-100.08117,"https://www.google.com/maps?q=25.64979,-100.08117"
,5,Santa Catarina,San Gilberto,7.2,52.2,44,6.7,abarrotes:6;escuela:2;iglesia:1;tortilleria:1,0,0,0,0.5,2,Avenida Perimetral Norte,50,291,1,0,,0.0,,25.69864,-100.46001,"https://www.google.com/maps?q=25.69864,-100.46001"
,3,García,Ampl Los Nogales ( El Polvorin ),7.2,42.4,82,7.8,abarrotes:10;escuela:1;tortilleria:1;cerveza:1,0,0,0,0.0,2,Peral,191,372,0,0,,-0.0,,25.80268,-100.60157,"https://www.google.com/maps?q=25.80268,-100.60157"
,6,Santa Catarina,San Gilberto,7.2,52.2,44,5.7,abarrotes:6;escuela:2;tortilleria:1,0,0,1,0.5,2,Avenida Perimetral Sur,34,288,1,0,,0.0,,25.69593,-100.463,"https://www.google.com/maps?q=25.69593,-100.46300"
,7,Santa Catarina,Fama Iii,7.2,53.6,38,6.4,abarrotes:6;tortilleria:2;farmacia:1;escuela:1,0,0,0,0.5,2,Avenida Coatlicue,11,568,0,0,,0.0,,25.68598,-100.42412,"https://www.google.com/maps?q=25.68598,-100.42412"
,6,Guadalupe,Valles del Sol,7.1,34.2,132,8.6,abarrotes:4;cerveza:2;tortilleria:2;farmacia:1;express:1,0,0,0,0.5,2,Avenida del Bosque,50,251,1,0,,-0.0,,25.65703,-100.16591,"https://www.google.com/maps?q=25.65703,-100.16591"
,6,Juárez,Arboledas de San Roque,7.1,47.6,66,5.2,abarrotes:5;tortilleria:1;farmacia:1;cerveza:1,0,0,2,0.0,,,,1650,0,0,,-0.0,,25.60275,-100.15295,"https://www.google.com/maps?q=25.60275,-100.15295"
,10,Apodaca,Pueblo Nuevo 1Er Sector,7.1,66.8,6,6.1,abarrotes:12;tortilleria:1,0,0,0,0.0,2,Avenida Río Nilo,258,916,0,0,,-0.0,,25.76287,-100.16691,"https://www.google.com/maps?q=25.76287,-100.16691"
,7,San Nicolás de los Garza,Vicente Guerrero 3 Sector,7.0,49.3,55,7.1,abarrotes:4;escuela:3;tortilleria:2,0,0,0,0.0,3,Avenida Santo Domingo,160,637,0,0,,-0.0,,25.75292,-100.25863,"https://www.google.com/maps?q=25.75292,-100.25863"
,8,Santa Catarina,San Gilberto,6.9,52.2,44,5.3,abarrotes:10;tortilleria:1,0,0,1,0.5,2,Avenida Perimetral Norte,10,299,1,0,,0.0,,25.69774,-100.45702,"https://www.google.com/maps?q=25.69774,-100.45702"
,7,Guadalupe,Miguel Hidalgo,6.9,63.0,15,5.1,abarrotes:4;escuela:1;iglesia:1;cerveza:1,0,0,0,1.0,3,Avenida San Sebastián,22,889,0,0,,-0.1,,25.66065,-100.20778,"https://www.google.com/maps?q=25.66065,-100.20778"
,9,Santa Catarina,Balcones de Santa Catarina ( Fomerrey 134),6.8,40.1,95,7.8,abarrotes:5;cerveza:2;tortilleria:1;farmacia:1;oxxo:1,0,0,0,1.0,3,Avenida Licenciado Manuel Ordóñez,27,213,1,0,,0.0,,25.67784,-100.47995,"https://www.google.com/maps?q=25.67784,-100.47995"
,8,Guadalupe,Valle Soleado,6.8,24.4,156,5.8,abarrotes:5;escuela:2;farmacia:1;tortilleria:1,3,0,0,1.5,4,Avenida Adolfo Ruíz Cortines,51,217,1,0,,0.1,,25.70498,-100.16591,"https://www.google.com/maps?q=25.70498,-100.16591"
,8,San Nicolás de los Garza,Carmen Romano,6.7,35.1,126,7.4,abarrotes:6;tortilleria:2;escuela:1;cerveza:1,0,0,0,0.5,2,Irlandeses,57,468,0,0,,0.1,,25.72759,-100.27358,"https://www.google.com/maps?q=25.72759,-100.27358"
,9,Guadalupe,2 de Mayo,6.7,38.1,102,5.6,abarrotes:4;banco_bienestar_azteca:2;cerveza:1,1,0,0,1.0,3,Avenida Profesor Eloy Cavazos,21,708,0,0,,0.1,,25.65612,-100.21476,"https://www.google.com/maps?q=25.65612,-100.21476"
,10,Guadalupe,Josefa Zozaya 2Do Sector,6.6,41.7,88,6.2,abarrotes:6;tortilleria:1;cerveza:1;escuela:1,0,0,0,1.0,3,,30,416,0,0,,-0.0,,25.72307,-100.18087,"https://www.google.com/maps?q=25.72307,-100.18087"
,7,Juárez,Arboledas de San Roque,6.4,47.6,66,5.6,abarrotes:7;cerveza:1;tortilleria:1,0,0,1,0.0,,,,1580,0,0,,-0.0,,25.60546,-100.15196,"https://www.google.com/maps?q=25.60546,-100.15196"
,9,San Nicolás de los Garza,Vicente Guerrero 3 Sector,6.3,49.3,55,5.9,abarrotes:9;tortilleria:1;escuela:1,0,0,0,0.5,2,Avenida Del Arroyo,23,892,0,0,,-0.0,,25.75654,-100.25863,"https://www.google.com/maps?q=25.75654,-100.25863"
,8,Juárez,Los Valles 2Do Sector,6.2,49.6,52,6.2,abarrotes:8;cerveza:2,0,0,0,0.0,,,,502,0,0,,-0.1,,25.62265,-100.16093,"https://www.google.com/maps?q=25.62265,-100.16093"
,10,Santa Catarina,Puerta del Sol,6.0,37.3,109,1.9,oxxo:1;abarrotes:1;farmacia:1,3,0,1,1.0,3,Avenida Licenciado Manuel Ordóñez,34,394,0,0,,-0.0,,25.68326,-100.48593,"https://www.google.com/maps?q=25.68326,-100.48593"
,4,García,Renacimiento,5.9,29.6,149,7.4,abarrotes:9;tortilleria:3,0,0,0,0.0,3,Nuevo Renacimiento,125,438,0,0,,0.0,,25.80539,-100.63646,"https://www.google.com/maps?q=25.80539,-100.63646"
,10,San Nicolás de los Garza,Const de Queretaro 1 Sec,5.8,46.4,70,2.0,abarrotes:5,2,0,1,1.0,3,Avenida Conductores,34,577,0,0,,-0.1,,25.71945,-100.25165,"https://www.google.com/maps?q=25.71945,-100.25165"
,9,Juárez,Monte Kristal,5.7,50.8,48,5.7,abarrotes:8;tortilleria:2,0,0,0,0.0,2,Avenida Las Torres,248,862,0,0,,0.0,,25.6118,-100.14897,"https://www.google.com/maps?q=25.61180,-100.14897"
,10,Juárez,Los Encinos,5.7,29.2,150,7.2,abarrotes:8;tortilleria:2;cerveza:1,0,0,0,0.0,2,Avenida Las Torres,212,456,0,0,,-0.1,,25.64527,-100.11607,"https://www.google.com/maps?q=25.64527,-100.11607"
,5,García,Brisas Residencial,5.2,31.8,143,4.4,abarrotes:6;escuela:2,0,0,2,0.0,,,,846,0,0,,-0.0,,25.83163,-100.5926,"https://www.google.com/maps?q=25.83163,-100.59260"
,6,García,Los Nogales,5.1,45.1,72,5.4,abarrotes:6;tortilleria:2;farmacia:1,0,0,0,0.0,3,Maravilla,68,775,0,0,,0.0,,25.79815,-100.59958,"https://www.google.com/maps?q=25.79815,-100.59958"
,7,García,Ampliacion Cerritos,4.3,30.9,145,5.3,abarrotes:4;cerveza:1;tortilleria:1;oxxo:1,0,0,0,0.0,2,Morelos,256,779,0,0,,-0.0,,25.81534,-100.61254,"https://www.google.com/maps?q=25.81534,-100.61254"
,8,García,Los Encinos Residencial,3.7,15.5,163,5.2,abarrotes:3;tortilleria:2;farmacia:1;escuela:1,0,0,1,0.0,,,,258,1,0,,0.0,,25.82348,-100.5916,"https://www.google.com/maps?q=25.82348,-100.59160"
,9,García,Hacienda Renacimiento,3.5,36.5,114,3.0,abarrotes:5;escuela:1,0,0,1,0.0,,,,938,0,0,,0.0,,25.80991,-100.63547,"https://www.google.com/maps?q=25.80991,-100.63547"
,10,García,Ampl Los Nogales ( El Polvorin ),2.9,42.4,82,4.8,abarrotes:5;cerveza:1;tortilleria:1,0,0,0,0.5,2,Trébol,57,146,2,0,,-0.0,,25.80177,-100.60456,"https://www.google.com/maps?q=25.80177,-100.60456"
