id,escenario,categoria_sadm,recuperacion,garr_dia,garr_mes,ingreso_mes,renta_mes,m3_facturados,agua_mes,agua_por_garr,margen_peor,margen_mejor,payback_1est_meses_peor,est_para_meta_peor,payback_4est_meses_peor,capital_4est,margen_4est_peor,capital_est_meta_peor,payback_est_meta_meses_peor,cubre_meta_con_4_peor,payback_1est_meses_mejor,est_para_meta_mejor,payback_4est_meses_mejor,margen_4est_mejor,capital_est_meta_mejor,payback_est_meta_meses_mejor,cubre_meta_con_4_mejor
BASE,BASE B4: Cat. 6 comercial @80 % · 30 garr/día,cat6,0.8,30,900,10800.0,1000.0,22,1046.72,1.163,7988.28,8483.28,10.9,3,10.9,348000.0,31953.12,261000.0,10.9,True,10.3,3,10.3,33933.12,261000.0,10.3,True
S_CAT2,Sensibilidad SADM: Cat. 2 doméstica @80 %,cat2,0.8,30,900,10800.0,1000.0,22,625.62,0.695,8409.38,8904.38,10.3,3,10.3,348000.0,33637.52,261000.0,10.3,True,9.8,3,9.8,35617.52,261000.0,9.8,True
S_C6_65,Cat. 6 @65 % recuperación,cat6,0.65,30,900,10800.0,1000.0,27,1453.23,1.615,7581.77,8076.77,11.5,3,11.5,348000.0,30327.08,261000.0,11.5,True,10.8,3,10.8,32307.08,261000.0,10.8,True
S_C6_50,Cat. 6 @50 % recuperación,cat6,0.5,30,900,10800.0,1000.0,35,2458.04,2.731,6576.96,7071.96,13.2,4,13.2,348000.0,26307.84,348000.0,13.2,True,12.3,4,12.3,28287.84,348000.0,12.3,True
S_C2_50,Cat. 2 @50 % recuperación,cat2,0.5,30,900,10800.0,1000.0,35,1594.16,1.771,7440.84,7935.84,11.7,3,11.7,348000.0,29763.36,261000.0,11.7,True,11.0,3,11.0,31743.36,261000.0,11.0,True
S_FLAT250,"Agua plana $2.50/garr @80 % [NICOLÁS, sin tarifa]",plano,0.8,30,900,10800.0,1000.0,,2250.0,2.5,6785.0,7280.0,12.8,4,12.8,348000.0,27140.0,348000.0,12.8,True,12.0,3,12.0,29120.0,261000.0,12.0,True
V25,Cat. 6 @80 % · 25 garr/día,cat6,0.8,25,750,9000.0,1000.0,18,927.52,1.237,6434.98,6847.48,13.5,4,13.5,348000.0,25739.92,348000.0,13.5,True,12.7,4,12.7,27389.92,348000.0,12.7,True
V20,Cat. 6 @80 % · 20 garr/día,cat6,0.8,20,600,7200.0,1000.0,15,825.75,1.376,4864.25,5194.25,17.9,5,17.9,348000.0,19457.0,435000.0,17.9,False,16.7,5,16.7,20777.0,435000.0,16.7,False
V15,Cat. 6 @80 % · 15 garr/día,cat6,0.8,15,450,5400.0,1000.0,11,746.6,1.659,3270.9,3518.4,26.6,7,26.6,348000.0,13083.6,609000.0,26.6,False,24.7,7,24.7,14073.6,609000.0,24.7,False
V40,Cat. 6 @80 % · 40 garr/día,cat6,0.8,40,1200,14400.0,1000.0,29,1638.49,1.365,10741.51,11401.51,8.1,3,8.1,348000.0,42966.04,261000.0,8.1,True,7.6,2,7.6,45606.04,174000.0,7.6,True
V20_C2,Cat. 2 @80 % · 20 garr/día,cat2,0.8,20,600,7200.0,1000.0,15,389.6,0.649,5300.4,5630.4,16.4,5,16.4,348000.0,21201.6,435000.0,16.4,False,15.5,4,15.5,22521.6,348000.0,15.5,True
