caso_agua,normalizacion,k,mes,n_anios,d35_media,frac_dias_ge35,factor,garr_dia,garr_mes,ingreso_mxn,agua_mxn,renta_mxn,margen_peor_mxn,margen_mejor_mxn,etiqueta
BASE $2.50 plano,base_sin_calor,0.0,1,6,0.0,0.0,1.0,30.0,900.0,10800.0,2250.0,1000.0,6785.0,7280.0,k = SUPUESTO (sin dato de ventas MTY); clima VERIFICADO (Open-Meteo); tarifas OFICIAL SADM sep-2026; demas = ESTIMADO
BASE $2.50 plano,base_sin_calor,0.0,2,6,0.83,0.03,1.0,30.0,900.0,10800.0,2250.0,1000.0,6785.0,7280.0,k = SUPUESTO (sin dato de ventas MTY); clima VERIFICADO (Open-Meteo); tarifas OFICIAL SADM sep-2026; demas = ESTIMADO
BASE $2.50 plano,base_sin_calor,0.0,3,6,1.83,0.059,1.0,30.0,900.0,10800.0,2250.0,1000.0,6785.0,7280.0,k = SUPUESTO (sin dato de ventas MTY); clima VERIFICADO (Open-Meteo); tarifas OFICIAL SADM sep-2026; demas = ESTIMADO
BASE $2.50 plano,base_sin_calor,0.0,4,6,3.67,0.122,1.0,30.0,900.0,10800.0,2250.0,1000.0,6785.0,7280.0,k = SUPUESTO (sin dato de ventas MTY); clima VERIFICADO (Open-Meteo); tarifas OFICIAL SADM sep-2026; demas = ESTIMADO
BASE $2.50 plano,base_sin_calor,0.0,5,6,8.5,0.274,1.0,30.0,900.0,10800.0,2250.0,1000.0,6785.0,7280.0,k = SUPUESTO (sin dato de ventas MTY); clima VERIFICADO (Open-Meteo); tarifas OFICIAL SADM sep-2026; demas = ESTIMADO
BASE $2.50 plano,base_sin_calor,0.0,6,6,10.5,0.35,1.0,30.0,900.0,10800.0,2250.0,1000.0,6785.0,7280.0,k = SUPUESTO (sin dato de ventas MTY); clima VERIFICADO (Open-Meteo); tarifas OFICIAL SADM sep-2026; demas = ESTIMADO
BASE $2.50 plano,base_sin_calor,0.0,7,6,11.67,0.376,1.0,30.0,900.0,10800.0,2250.0,1000.0,6785.0,7280.0,k = SUPUESTO (sin dato de ventas MTY); clima VERIFICADO (Open-Meteo); tarifas OFICIAL SADM sep-2026; demas = ESTIMADO
BASE $2.50 plano,base_sin_calor,0.0,8,6,16.67,0.538,1.0,30.0,900.0,10800.0,2250.0,1000.0,6785.0,7280.0,k = SUPUESTO (sin dato de ventas MTY); clima VERIFICADO (Open-Meteo); tarifas OFICIAL SADM sep-2026; demas = ESTIMADO
BASE $2.50 plano,base_sin_calor,0.0,9,6,6.0,0.2,1.0,30.0,900.0,10800.0,2250.0,1000.0,6785.0,7280.0,k = SUPUESTO (sin dato de ventas MTY); clima VERIFICADO (Open-Meteo); tarifas OFICIAL SADM sep-2026; demas = ESTIMADO
BASE $2.50 plano,base_sin_calor,0.0,10,5,0.4,0.013,1.0,30.0,900.0,10800.0,2250.0,1000.0,6785.0,7280.0,k = SUPUESTO (sin dato de ventas MTY); clima VERIFICADO (Open-Meteo); tarifas OFICIAL SADM sep-2026; demas = ESTIMADO
BASE $2.50 plano,base_sin_calor,0.0,11,5,0.2,0.007,1.0,30.0,900.0,10800.0,2250.0,1000.0,6785.0,7280.0,k = SUPUESTO (sin dato de ventas MTY); clima VERIFICADO (Open-Meteo); tarifas OFICIAL SADM sep-2026; demas = ESTIMADO
BASE $2.50 plano,base_sin_calor,0.0,12,5,0.0,0.0,1.0,30.0,900.0,10800.0,2250.0,1000.0,6785.0,7280.0,k = SUPUESTO (sin dato de ventas MTY); clima VERIFICADO (Open-Meteo); tarifas OFICIAL SADM sep-2026; demas = ESTIMADO
BASE $2.50 plano,base_sin_calor,0.1,1,6,0.0,0.0,1.0,30.0,900.0,10800.0,2250.0,1000.0,6785.0,7280.0,k = SUPUESTO (sin dato de ventas MTY); clima VERIFICADO (Open-Meteo); tarifas OFICIAL SADM sep-2026; demas = ESTIMADO
BASE $2.50 plano,base_sin_calor,0.1,2,6,0.83,0.03,1.003,30.09,902.7,10832.0,2257.0,1000.0,6808.0,7304.0,k = SUPUESTO (sin dato de ventas MTY); clima VERIFICADO (Open-Meteo); tarifas OFICIAL SADM sep-2026; demas = ESTIMADO
BASE $2.50 plano,base_sin_calor,0.1,3,6,1.83,0.059,1.0059,30.18,905.3,10864.0,2263.0,1000.0,6831.0,7329.0,k = SUPUESTO (sin dato de ventas MTY); clima VERIFICADO (Open-Meteo); tarifas OFICIAL SADM sep-2026; demas = ESTIMADO
BASE $2.50 plano,base_sin_calor,0.1,4,6,3.67,0.122,1.0122,30.37,911.0,10932.0,2277.0,1000.0,6880.0,7381.0,k = SUPUESTO (sin dato de ventas MTY); clima VERIFICADO (Open-Meteo); tarifas OFICIAL SADM sep-2026; demas = ESTIMADO
BASE $2.50 plano,base_sin_calor,0.1,5,6,8.5,0.274,1.0274,30.82,924.7,11096.0,2312.0,1000.0,6998.0,7507.0,k = SUPUESTO (sin dato de ventas MTY); clima VERIFICADO (Open-Meteo); tarifas OFICIAL SADM sep-2026; demas = ESTIMADO
BASE $2.50 plano,base_sin_calor,0.1,6,6,10.5,0.35,1.035,31.05,931.5,11178.0,2329.0,1000.0,7057.0,7570.0,k = SUPUESTO (sin dato de ventas MTY); clima VERIFICADO (Open-Meteo); tarifas OFICIAL SADM sep-2026; demas = ESTIMADO
BASE $2.50 plano,base_sin_calor,0.1,7,6,11.67,0.376,1.0376,31.13,933.9,11206.0,2335.0,1000.0,7078.0,7592.0,k = SUPUESTO (sin dato de ventas MTY); clima VERIFICADO (Open-Meteo); tarifas OFICIAL SADM sep-2026; demas = ESTIMADO
BASE $2.50 plano,base_sin_calor,0.1,8,6,16.67,0.538,1.0538,31.61,948.4,11381.0,2371.0,1000.0,7204.0,7725.0,k = SUPUESTO (sin dato de ventas MTY); clima VERIFICADO (Open-Meteo); tarifas OFICIAL SADM sep-2026; demas = ESTIMADO
BASE $2.50 plano,base_sin_calor,0.1,9,6,6.0,0.2,1.02,30.6,918.0,11016.0,2295.0,1000.0,6941.0,7446.0,k = SUPUESTO (sin dato de ventas MTY); clima VERIFICADO (Open-Meteo); tarifas OFICIAL SADM sep-2026; demas = ESTIMADO
BASE $2.50 plano,base_sin_calor,0.1,10,5,0.4,0.013,1.0013,30.04,901.2,10814.0,2253.0,1000.0,6795.0,7291.0,k = SUPUESTO (sin dato de ventas MTY); clima VERIFICADO (Open-Meteo); tarifas OFICIAL SADM sep-2026; demas = ESTIMADO
BASE $2.50 plano,base_sin_calor,0.1,11,5,0.2,0.007,1.0007,30.02,900.6,10807.0,2252.0,1000.0,6790.0,7286.0,k = SUPUESTO (sin dato de ventas MTY); clima VERIFICADO (Open-Meteo); tarifas OFICIAL SADM sep-2026; demas = ESTIMADO
BASE $2.50 plano,base_sin_calor,0.1,12,5,0.0,0.0,1.0,30.0,900.0,10800.0,2250.0,1000.0,6785.0,7280.0,k = SUPUESTO (sin dato de ventas MTY); clima VERIFICADO (Open-Meteo); tarifas OFICIAL SADM sep-2026; demas = ESTIMADO
BASE $2.50 plano,base_sin_calor,0.2,1,6,0.0,0.0,1.0,30.0,900.0,10800.0,2250.0,1000.0,6785.0,7280.0,k = SUPUESTO (sin dato de ventas MTY); clima VERIFICADO (Open-Meteo); tarifas OFICIAL SADM sep-2026; demas = ESTIMADO
BASE $2.50 plano,base_sin_calor,0.2,2,6,0.83,0.03,1.0059,30.18,905.3,10864.0,2263.0,1000.0,6831.0,7329.0,k = SUPUESTO (sin dato de ventas MTY); clima VERIFICADO (Open-Meteo); tarifas OFICIAL SADM sep-2026; demas = ESTIMADO
BASE $2.50 plano,base_sin_calor,0.2,3,6,1.83,0.059,1.0118,30.35,910.6,10928.0,2277.0,1000.0,6877.0,7378.0,k = SUPUESTO (sin dato de ventas MTY); clima VERIFICADO (Open-Meteo); tarifas OFICIAL SADM sep-2026; demas = ESTIMADO
BASE $2.50 plano,base_sin_calor,0.2,4,6,3.67,0.122,1.0244,30.73,922.0,11064.0,2305.0,1000.0,6975.0,7482.0,k = SUPUESTO (sin dato de ventas MTY); clima VERIFICADO (Open-Meteo); tarifas OFICIAL SADM sep-2026; demas = ESTIMADO
BASE $2.50 plano,base_sin_calor,0.2,5,6,8.5,0.274,1.0548,31.65,949.4,11392.0,2373.0,1000.0,7212.0,7734.0,k = SUPUESTO (sin dato de ventas MTY); clima VERIFICADO (Open-Meteo); tarifas OFICIAL SADM sep-2026; demas = ESTIMADO
BASE $2.50 plano,base_sin_calor,0.2,6,6,10.5,0.35,1.07,32.1,963.0,11556.0,2408.0,1000.0,7330.0,7860.0,k = SUPUESTO (sin dato de ventas MTY); clima VERIFICADO (Open-Meteo); tarifas OFICIAL SADM sep-2026; demas = ESTIMADO
BASE $2.50 plano,base_sin_calor,0.2,7,6,11.67,0.376,1.0753,32.26,967.7,11613.0,2419.0,1000.0,7371.0,7903.0,k = SUPUESTO (sin dato de ventas MTY); clima VERIFICADO (Open-Meteo); tarifas OFICIAL SADM sep-2026; demas = ESTIMADO
BASE $2.50 plano,base_sin_calor,0.2,8,6,16.67,0.538,1.1075,33.23,996.8,11961.0,2492.0,1000.0,7622.0,8170.0,k = SUPUESTO (sin dato de ventas MTY); clima VERIFICADO (Open-Meteo); tarifas OFICIAL SADM sep-2026; demas = ESTIMADO
BASE $2.50 plano,base_sin_calor,0.2,9,6,6.0,0.2,1.04,31.2,936.0,11232.0,2340.0,1000.0,7096.0,7611.0,k = SUPUESTO (sin dato de ventas MTY); clima VERIFICADO (Open-Meteo); tarifas OFICIAL SADM sep-2026; demas = ESTIMADO
BASE $2.50 plano,base_sin_calor,0.2,10,5,0.4,0.013,1.0026,30.08,902.3,10828.0,2256.0,1000.0,6805.0,7301.0,k = SUPUESTO (sin dato de ventas MTY); clima VERIFICADO (Open-Meteo); tarifas OFICIAL SADM sep-2026; demas = ESTIMADO
BASE $2.50 plano,base_sin_calor,0.2,11,5,0.2,0.007,1.0013,30.04,901.2,10814.0,2253.0,1000.0,6795.0,7291.0,k = SUPUESTO (sin dato de ventas MTY); clima VERIFICADO (Open-Meteo); tarifas OFICIAL SADM sep-2026; demas = ESTIMADO
BASE $2.50 plano,base_sin_calor,0.2,12,5,0.0,0.0,1.0,30.0,900.0,10800.0,2250.0,1000.0,6785.0,7280.0,k = SUPUESTO (sin dato de ventas MTY); clima VERIFICADO (Open-Meteo); tarifas OFICIAL SADM sep-2026; demas = ESTIMADO
BASE $2.50 plano,media_anual_30,0.0,1,6,0.0,0.0,1.0,30.0,900.0,10800.0,2250.0,1000.0,6785.0,7280.0,k = SUPUESTO (sin dato de ventas MTY); clima VERIFICADO (Open-Meteo); tarifas OFICIAL SADM sep-2026; demas = ESTIMADO
BASE $2.50 plano,media_anual_30,0.0,2,6,0.83,0.03,1.0,30.0,900.0,10800.0,2250.0,1000.0,6785.0,7280.0,k = SUPUESTO (sin dato de ventas MTY); clima VERIFICADO (Open-Meteo); tarifas OFICIAL SADM sep-2026; demas = ESTIMADO
BASE $2.50 plano,media_anual_30,0.0,3,6,1.83,0.059,1.0,30.0,900.0,10800.0,2250.0,1000.0,6785.0,7280.0,k = SUPUESTO (sin dato de ventas MTY); clima VERIFICADO (Open-Meteo); tarifas OFICIAL SADM sep-2026; demas = ESTIMADO
BASE $2.50 plano,media_anual_30,0.0,4,6,3.67,0.122,1.0,30.0,900.0,10800.0,2250.0,1000.0,6785.0,7280.0,k = SUPUESTO (sin dato de ventas MTY); clima VERIFICADO (Open-Meteo); tarifas OFICIAL SADM sep-2026; demas = ESTIMADO
BASE $2.50 plano,media_anual_30,0.0,5,6,8.5,0.274,1.0,30.0,900.0,10800.0,2250.0,1000.0,6785.0,7280.0,k = SUPUESTO (sin dato de ventas MTY); clima VERIFICADO (Open-Meteo); tarifas OFICIAL SADM sep-2026; demas = ESTIMADO
BASE $2.50 plano,media_anual_30,0.0,6,6,10.5,0.35,1.0,30.0,900.0,10800.0,2250.0,1000.0,6785.0,7280.0,k = SUPUESTO (sin dato de ventas MTY); clima VERIFICADO (Open-Meteo); tarifas OFICIAL SADM sep-2026; demas = ESTIMADO
BASE $2.50 plano,media_anual_30,0.0,7,6,11.67,0.376,1.0,30.0,900.0,10800.0,2250.0,1000.0,6785.0,7280.0,k = SUPUESTO (sin dato de ventas MTY); clima VERIFICADO (Open-Meteo); tarifas OFICIAL SADM sep-2026; demas = ESTIMADO
BASE $2.50 plano,media_anual_30,0.0,8,6,16.67,0.538,1.0,30.0,900.0,10800.0,2250.0,1000.0,6785.0,7280.0,k = SUPUESTO (sin dato de ventas MTY); clima VERIFICADO (Open-Meteo); tarifas OFICIAL SADM sep-2026; demas = ESTIMADO
BASE $2.50 plano,media_anual_30,0.0,9,6,6.0,0.2,1.0,30.0,900.0,10800.0,2250.0,1000.0,6785.0,7280.0,k = SUPUESTO (sin dato de ventas MTY); clima VERIFICADO (Open-Meteo); tarifas OFICIAL SADM sep-2026; demas = ESTIMADO
BASE $2.50 plano,media_anual_30,0.0,10,5,0.4,0.013,1.0,30.0,900.0,10800.0,2250.0,1000.0,6785.0,7280.0,k = SUPUESTO (sin dato de ventas MTY); clima VERIFICADO (Open-Meteo); tarifas OFICIAL SADM sep-2026; demas = ESTIMADO
BASE $2.50 plano,media_anual_30,0.0,11,5,0.2,0.007,1.0,30.0,900.0,10800.0,2250.0,1000.0,6785.0,7280.0,k = SUPUESTO (sin dato de ventas MTY); clima VERIFICADO (Open-Meteo); tarifas OFICIAL SADM sep-2026; demas = ESTIMADO
BASE $2.50 plano,media_anual_30,0.0,12,5,0.0,0.0,1.0,30.0,900.0,10800.0,2250.0,1000.0,6785.0,7280.0,k = SUPUESTO (sin dato de ventas MTY); clima VERIFICADO (Open-Meteo); tarifas OFICIAL SADM sep-2026; demas = ESTIMADO
BASE $2.50 plano,media_anual_30,0.1,1,6,0.0,0.0,0.9839,29.52,885.5,10626.0,2214.0,1000.0,6659.0,7146.0,k = SUPUESTO (sin dato de ventas MTY); clima VERIFICADO (Open-Meteo); tarifas OFICIAL SADM sep-2026; demas = ESTIMADO
BASE $2.50 plano,media_anual_30,0.1,2,6,0.83,0.03,0.9868,29.6,888.1,10657.0,2220.0,1000.0,6682.0,7170.0,k = SUPUESTO (sin dato de ventas MTY); clima VERIFICADO (Open-Meteo); tarifas OFICIAL SADM sep-2026; demas = ESTIMADO
BASE $2.50 plano,media_anual_30,0.1,3,6,1.83,0.059,0.9897,29.69,890.7,10689.0,2227.0,1000.0,6705.0,7195.0,k = SUPUESTO (sin dato de ventas MTY); clima VERIFICADO (Open-Meteo); tarifas OFICIAL SADM sep-2026; demas = ESTIMADO
BASE $2.50 plano,media_anual_30,0.1,4,6,3.67,0.122,0.9959,29.88,896.3,10756.0,2241.0,1000.0,6753.0,7246.0,k = SUPUESTO (sin dato de ventas MTY); clima VERIFICADO (Open-Meteo); tarifas OFICIAL SADM sep-2026; demas = ESTIMADO
BASE $2.50 plano,media_anual_30,0.1,5,6,8.5,0.274,1.0108,30.33,909.8,10917.0,2274.0,1000.0,6869.0,7370.0,k = SUPUESTO (sin dato de ventas MTY); clima VERIFICADO (Open-Meteo); tarifas OFICIAL SADM sep-2026; demas = ESTIMADO
BASE $2.50 plano,media_anual_30,0.1,6,6,10.5,0.35,1.0183,30.55,916.5,10998.0,2291.0,1000.0,6927.0,7431.0,k = SUPUESTO (sin dato de ventas MTY); clima VERIFICADO (Open-Meteo); tarifas OFICIAL SADM sep-2026; demas = ESTIMADO
BASE $2.50 plano,media_anual_30,0.1,7,6,11.67,0.376,1.0209,30.63,918.8,11026.0,2297.0,1000.0,6948.0,7453.0,k = SUPUESTO (sin dato de ventas MTY); clima VERIFICADO (Open-Meteo); tarifas OFICIAL SADM sep-2026; demas = ESTIMADO
BASE $2.50 plano,media_anual_30,0.1,8,6,16.67,0.538,1.0368,31.1,933.1,11197.0,2333.0,1000.0,7071.0,7584.0,k = SUPUESTO (sin dato de ventas MTY); clima VERIFICADO (Open-Meteo); tarifas OFICIAL SADM sep-2026; demas = ESTIMADO
BASE $2.50 plano,media_anual_30,0.1,9,6,6.0,0.2,1.0035,30.11,903.2,10838.0,2258.0,1000.0,6813.0,7309.0,k = SUPUESTO (sin dato de ventas MTY); clima VERIFICADO (Open-Meteo); tarifas OFICIAL SADM sep-2026; demas = ESTIMADO
BASE $2.50 plano,media_anual_30,0.1,10,5,0.4,0.013,0.9851,29.55,886.6,10639.0,2217.0,1000.0,6669.0,7157.0,k = SUPUESTO (sin dato de ventas MTY); clima VERIFICADO (Open-Meteo); tarifas OFICIAL SADM sep-2026; demas = ESTIMADO
BASE $2.50 plano,media_anual_30,0.1,11,5,0.2,0.007,0.9845,29.54,886.1,10633.0,2215.0,1000.0,6664.0,7152.0,k = SUPUESTO (sin dato de ventas MTY); clima VERIFICADO (Open-Meteo); tarifas OFICIAL SADM sep-2026; demas = ESTIMADO
BASE $2.50 plano,media_anual_30,0.1,12,5,0.0,0.0,0.9839,29.52,885.5,10626.0,2214.0,1000.0,6659.0,7146.0,k = SUPUESTO (sin dato de ventas MTY); clima VERIFICADO (Open-Meteo); tarifas OFICIAL SADM sep-2026; demas = ESTIMADO
BASE $2.50 plano,media_anual_30,0.2,1,6,0.0,0.0,0.9682,29.05,871.4,10457.0,2179.0,1000.0,6538.0,7017.0,k = SUPUESTO (sin dato de ventas MTY); clima VERIFICADO (Open-Meteo); tarifas OFICIAL SADM sep-2026; demas = ESTIMADO
BASE $2.50 plano,media_anual_30,0.2,2,6,0.83,0.03,0.974,29.22,876.6,10519.0,2191.0,1000.0,6582.0,7064.0,k = SUPUESTO (sin dato de ventas MTY); clima VERIFICADO (Open-Meteo); tarifas OFICIAL SADM sep-2026; demas = ESTIMADO
BASE $2.50 plano,media_anual_30,0.2,3,6,1.83,0.059,0.9797,29.39,881.7,10581.0,2204.0,1000.0,6627.0,7112.0,k = SUPUESTO (sin dato de ventas MTY); clima VERIFICADO (Open-Meteo); tarifas OFICIAL SADM sep-2026; demas = ESTIMADO
BASE $2.50 plano,media_anual_30,0.2,4,6,3.67,0.122,0.9919,29.76,892.7,10713.0,2232.0,1000.0,6722.0,7213.0,k = SUPUESTO (sin dato de ventas MTY); clima VERIFICADO (Open-Meteo); tarifas OFICIAL SADM sep-2026; demas = ESTIMADO
BASE $2.50 plano,media_anual_30,0.2,5,6,8.5,0.274,1.0213,30.64,919.2,11030.0,2298.0,1000.0,6951.0,7457.0,k = SUPUESTO (sin dato de ventas MTY); clima VERIFICADO (Open-Meteo); tarifas OFICIAL SADM sep-2026; demas = ESTIMADO
BASE $2.50 plano,media_anual_30,0.2,6,6,10.5,0.35,1.036,31.08,932.4,11189.0,2331.0,1000.0,7065.0,7578.0,k = SUPUESTO (sin dato de ventas MTY); clima VERIFICADO (Open-Meteo); tarifas OFICIAL SADM sep-2026; demas = ESTIMADO
BASE $2.50 plano,media_anual_30,0.2,7,6,11.67,0.376,1.0411,31.23,937.0,11244.0,2342.0,1000.0,7105.0,7620.0,k = SUPUESTO (sin dato de ventas MTY); clima VERIFICADO (Open-Meteo); tarifas OFICIAL SADM sep-2026; demas = ESTIMADO
BASE $2.50 plano,media_anual_30,0.2,8,6,16.67,0.538,1.0723,32.17,965.1,11581.0,2413.0,1000.0,7348.0,7879.0,k = SUPUESTO (sin dato de ventas MTY); clima VERIFICADO (Open-Meteo); tarifas OFICIAL SADM sep-2026; demas = ESTIMADO
BASE $2.50 plano,media_anual_30,0.2,9,6,6.0,0.2,1.007,30.21,906.3,10875.0,2266.0,1000.0,6839.0,7338.0,k = SUPUESTO (sin dato de ventas MTY); clima VERIFICADO (Open-Meteo); tarifas OFICIAL SADM sep-2026; demas = ESTIMADO
BASE $2.50 plano,media_anual_30,0.2,10,5,0.4,0.013,0.9707,29.12,873.7,10484.0,2184.0,1000.0,6557.0,7038.0,k = SUPUESTO (sin dato de ventas MTY); clima VERIFICADO (Open-Meteo); tarifas OFICIAL SADM sep-2026; demas = ESTIMADO
BASE $2.50 plano,media_anual_30,0.2,11,5,0.2,0.007,0.9695,29.09,872.6,10471.0,2181.0,1000.0,6548.0,7028.0,k = SUPUESTO (sin dato de ventas MTY); clima VERIFICADO (Open-Meteo); tarifas OFICIAL SADM sep-2026; demas = ESTIMADO
BASE $2.50 plano,media_anual_30,0.2,12,5,0.0,0.0,0.9682,29.05,871.4,10457.0,2179.0,1000.0,6538.0,7017.0,k = SUPUESTO (sin dato de ventas MTY); clima VERIFICADO (Open-Meteo); tarifas OFICIAL SADM sep-2026; demas = ESTIMADO
Cat. 2 @ 80 %,base_sin_calor,0.0,1,6,0.0,0.0,1.0,30.0,900.0,10800.0,626.0,1000.0,8409.0,8904.0,k = SUPUESTO (sin dato de ventas MTY); clima VERIFICADO (Open-Meteo); tarifas OFICIAL SADM sep-2026; demas = ESTIMADO
Cat. 2 @ 80 %,base_sin_calor,0.0,2,6,0.83,0.03,1.0,30.0,900.0,10800.0,626.0,1000.0,8409.0,8904.0,k = SUPUESTO (sin dato de ventas MTY); clima VERIFICADO (Open-Meteo); tarifas OFICIAL SADM sep-2026; demas = ESTIMADO
Cat. 2 @ 80 %,base_sin_calor,0.0,3,6,1.83,0.059,1.0,30.0,900.0,10800.0,626.0,1000.0,8409.0,8904.0,k = SUPUESTO (sin dato de ventas MTY); clima VERIFICADO (Open-Meteo); tarifas OFICIAL SADM sep-2026; demas = ESTIMADO
Cat. 2 @ 80 %,base_sin_calor,0.0,4,6,3.67,0.122,1.0,30.0,900.0,10800.0,626.0,1000.0,8409.0,8904.0,k = SUPUESTO (sin dato de ventas MTY); clima VERIFICADO (Open-Meteo); tarifas OFICIAL SADM sep-2026; demas = ESTIMADO
Cat. 2 @ 80 %,base_sin_calor,0.0,5,6,8.5,0.274,1.0,30.0,900.0,10800.0,626.0,1000.0,8409.0,8904.0,k = SUPUESTO (sin dato de ventas MTY); clima VERIFICADO (Open-Meteo); tarifas OFICIAL SADM sep-2026; demas = ESTIMADO
Cat. 2 @ 80 %,base_sin_calor,0.0,6,6,10.5,0.35,1.0,30.0,900.0,10800.0,626.0,1000.0,8409.0,8904.0,k = SUPUESTO (sin dato de ventas MTY); clima VERIFICADO (Open-Meteo); tarifas OFICIAL SADM sep-2026; demas = ESTIMADO
Cat. 2 @ 80 %,base_sin_calor,0.0,7,6,11.67,0.376,1.0,30.0,900.0,10800.0,626.0,1000.0,8409.0,8904.0,k = SUPUESTO (sin dato de ventas MTY); clima VERIFICADO (Open-Meteo); tarifas OFICIAL SADM sep-2026; demas = ESTIMADO
Cat. 2 @ 80 %,base_sin_calor,0.0,8,6,16.67,0.538,1.0,30.0,900.0,10800.0,626.0,1000.0,8409.0,8904.0,k = SUPUESTO (sin dato de ventas MTY); clima VERIFICADO (Open-Meteo); tarifas OFICIAL SADM sep-2026; demas = ESTIMADO
Cat. 2 @ 80 %,base_sin_calor,0.0,9,6,6.0,0.2,1.0,30.0,900.0,10800.0,626.0,1000.0,8409.0,8904.0,k = SUPUESTO (sin dato de ventas MTY); clima VERIFICADO (Open-Meteo); tarifas OFICIAL SADM sep-2026; demas = ESTIMADO
Cat. 2 @ 80 %,base_sin_calor,0.0,10,5,0.4,0.013,1.0,30.0,900.0,10800.0,626.0,1000.0,8409.0,8904.0,k = SUPUESTO (sin dato de ventas MTY); clima VERIFICADO (Open-Meteo); tarifas OFICIAL SADM sep-2026; demas = ESTIMADO
Cat. 2 @ 80 %,base_sin_calor,0.0,11,5,0.2,0.007,1.0,30.0,900.0,10800.0,626.0,1000.0,8409.0,8904.0,k = SUPUESTO (sin dato de ventas MTY); clima VERIFICADO (Open-Meteo); tarifas OFICIAL SADM sep-2026; demas = ESTIMADO
Cat. 2 @ 80 %,base_sin_calor,0.0,12,5,0.0,0.0,1.0,30.0,900.0,10800.0,626.0,1000.0,8409.0,8904.0,k = SUPUESTO (sin dato de ventas MTY); clima VERIFICADO (Open-Meteo); tarifas OFICIAL SADM sep-2026; demas = ESTIMADO
Cat. 2 @ 80 %,base_sin_calor,0.1,1,6,0.0,0.0,1.0,30.0,900.0,10800.0,626.0,1000.0,8409.0,8904.0,k = SUPUESTO (sin dato de ventas MTY); clima VERIFICADO (Open-Meteo); tarifas OFICIAL SADM sep-2026; demas = ESTIMADO
Cat. 2 @ 80 %,base_sin_calor,0.1,2,6,0.83,0.03,1.003,30.09,902.7,10832.0,626.0,1000.0,8439.0,8936.0,k = SUPUESTO (sin dato de ventas MTY); clima VERIFICADO (Open-Meteo); tarifas OFICIAL SADM sep-2026; demas = ESTIMADO
Cat. 2 @ 80 %,base_sin_calor,0.1,3,6,1.83,0.059,1.0059,30.18,905.3,10864.0,626.0,1000.0,8469.0,8967.0,k = SUPUESTO (sin dato de ventas MTY); clima VERIFICADO (Open-Meteo); tarifas OFICIAL SADM sep-2026; demas = ESTIMADO
Cat. 2 @ 80 %,base_sin_calor,0.1,4,6,3.67,0.122,1.0122,30.37,911.0,10932.0,626.0,1000.0,8532.0,9033.0,k = SUPUESTO (sin dato de ventas MTY); clima VERIFICADO (Open-Meteo); tarifas OFICIAL SADM sep-2026; demas = ESTIMADO
Cat. 2 @ 80 %,base_sin_calor,0.1,5,6,8.5,0.274,1.0274,30.82,924.7,11096.0,626.0,1000.0,8685.0,9193.0,k = SUPUESTO (sin dato de ventas MTY); clima VERIFICADO (Open-Meteo); tarifas OFICIAL SADM sep-2026; demas = ESTIMADO
Cat. 2 @ 80 %,base_sin_calor,0.1,6,6,10.5,0.35,1.035,31.05,931.5,11178.0,701.0,1000.0,8685.0,9197.0,k = SUPUESTO (sin dato de ventas MTY); clima VERIFICADO (Open-Meteo); tarifas OFICIAL SADM sep-2026; demas = ESTIMADO
Cat. 2 @ 80 %,base_sin_calor,0.1,7,6,11.67,0.376,1.0376,31.13,933.9,11206.0,701.0,1000.0,8712.0,9225.0,k = SUPUESTO (sin dato de ventas MTY); clima VERIFICADO (Open-Meteo); tarifas OFICIAL SADM sep-2026; demas = ESTIMADO
Cat. 2 @ 80 %,base_sin_calor,0.1,8,6,16.67,0.538,1.0538,31.61,948.4,11381.0,701.0,1000.0,8873.0,9395.0,k = SUPUESTO (sin dato de ventas MTY); clima VERIFICADO (Open-Meteo); tarifas OFICIAL SADM sep-2026; demas = ESTIMADO
Cat. 2 @ 80 %,base_sin_calor,0.1,9,6,6.0,0.2,1.02,30.6,918.0,11016.0,626.0,1000.0,8610.0,9115.0,k = SUPUESTO (sin dato de ventas MTY); clima VERIFICADO (Open-Meteo); tarifas OFICIAL SADM sep-2026; demas = ESTIMADO
Cat. 2 @ 80 %,base_sin_calor,0.1,10,5,0.4,0.013,1.0013,30.04,901.2,10814.0,626.0,1000.0,8422.0,8918.0,k = SUPUESTO (sin dato de ventas MTY); clima VERIFICADO (Open-Meteo); tarifas OFICIAL SADM sep-2026; demas = ESTIMADO
Cat. 2 @ 80 %,base_sin_calor,0.1,11,5,0.2,0.007,1.0007,30.02,900.6,10807.0,626.0,1000.0,8416.0,8911.0,k = SUPUESTO (sin dato de ventas MTY); clima VERIFICADO (Open-Meteo); tarifas OFICIAL SADM sep-2026; demas = ESTIMADO
Cat. 2 @ 80 %,base_sin_calor,0.1,12,5,0.0,0.0,1.0,30.0,900.0,10800.0,626.0,1000.0,8409.0,8904.0,k = SUPUESTO (sin dato de ventas MTY); clima VERIFICADO (Open-Meteo); tarifas OFICIAL SADM sep-2026; demas = ESTIMADO
Cat. 2 @ 80 %,base_sin_calor,0.2,1,6,0.0,0.0,1.0,30.0,900.0,10800.0,626.0,1000.0,8409.0,8904.0,k = SUPUESTO (sin dato de ventas MTY); clima VERIFICADO (Open-Meteo); tarifas OFICIAL SADM sep-2026; demas = ESTIMADO
Cat. 2 @ 80 %,base_sin_calor,0.2,2,6,0.83,0.03,1.0059,30.18,905.3,10864.0,626.0,1000.0,8469.0,8967.0,k = SUPUESTO (sin dato de ventas MTY); clima VERIFICADO (Open-Meteo); tarifas OFICIAL SADM sep-2026; demas = ESTIMADO
Cat. 2 @ 80 %,base_sin_calor,0.2,3,6,1.83,0.059,1.0118,30.35,910.6,10928.0,626.0,1000.0,8528.0,9029.0,k = SUPUESTO (sin dato de ventas MTY); clima VERIFICADO (Open-Meteo); tarifas OFICIAL SADM sep-2026; demas = ESTIMADO
Cat. 2 @ 80 %,base_sin_calor,0.2,4,6,3.67,0.122,1.0244,30.73,922.0,11064.0,626.0,1000.0,8655.0,9162.0,k = SUPUESTO (sin dato de ventas MTY); clima VERIFICADO (Open-Meteo); tarifas OFICIAL SADM sep-2026; demas = ESTIMADO
Cat. 2 @ 80 %,base_sin_calor,0.2,5,6,8.5,0.274,1.0548,31.65,949.4,11392.0,701.0,1000.0,8884.0,9406.0,k = SUPUESTO (sin dato de ventas MTY); clima VERIFICADO (Open-Meteo); tarifas OFICIAL SADM sep-2026; demas = ESTIMADO
Cat. 2 @ 80 %,base_sin_calor,0.2,6,6,10.5,0.35,1.07,32.1,963.0,11556.0,701.0,1000.0,9036.0,9566.0,k = SUPUESTO (sin dato de ventas MTY); clima VERIFICADO (Open-Meteo); tarifas OFICIAL SADM sep-2026; demas = ESTIMADO
Cat. 2 @ 80 %,base_sin_calor,0.2,7,6,11.67,0.376,1.0753,32.26,967.7,11613.0,701.0,1000.0,9089.0,9621.0,k = SUPUESTO (sin dato de ventas MTY); clima VERIFICADO (Open-Meteo); tarifas OFICIAL SADM sep-2026; demas = ESTIMADO
Cat. 2 @ 80 %,base_sin_calor,0.2,8,6,16.67,0.538,1.1075,33.23,996.8,11961.0,754.0,1000.0,9360.0,9908.0,k = SUPUESTO (sin dato de ventas MTY); clima VERIFICADO (Open-Meteo); tarifas OFICIAL SADM sep-2026; demas = ESTIMADO
Cat. 2 @ 80 %,base_sin_calor,0.2,9,6,6.0,0.2,1.04,31.2,936.0,11232.0,701.0,1000.0,8735.0,9250.0,k = SUPUESTO (sin dato de ventas MTY); clima VERIFICADO (Open-Meteo); tarifas OFICIAL SADM sep-2026; demas = ESTIMADO
Cat. 2 @ 80 %,base_sin_calor,0.2,10,5,0.4,0.013,1.0026,30.08,902.3,10828.0,626.0,1000.0,8435.0,8932.0,k = SUPUESTO (sin dato de ventas MTY); clima VERIFICADO (Open-Meteo); tarifas OFICIAL SADM sep-2026; demas = ESTIMADO
Cat. 2 @ 80 %,base_sin_calor,0.2,11,5,0.2,0.007,1.0013,30.04,901.2,10814.0,626.0,1000.0,8423.0,8918.0,k = SUPUESTO (sin dato de ventas MTY); clima VERIFICADO (Open-Meteo); tarifas OFICIAL SADM sep-2026; demas = ESTIMADO
Cat. 2 @ 80 %,base_sin_calor,0.2,12,5,0.0,0.0,1.0,30.0,900.0,10800.0,626.0,1000.0,8409.0,8904.0,k = SUPUESTO (sin dato de ventas MTY); clima VERIFICADO (Open-Meteo); tarifas OFICIAL SADM sep-2026; demas = ESTIMADO
Cat. 2 @ 80 %,media_anual_30,0.0,1,6,0.0,0.0,1.0,30.0,900.0,10800.0,626.0,1000.0,8409.0,8904.0,k = SUPUESTO (sin dato de ventas MTY); clima VERIFICADO (Open-Meteo); tarifas OFICIAL SADM sep-2026; demas = ESTIMADO
Cat. 2 @ 80 %,media_anual_30,0.0,2,6,0.83,0.03,1.0,30.0,900.0,10800.0,626.0,1000.0,8409.0,8904.0,k = SUPUESTO (sin dato de ventas MTY); clima VERIFICADO (Open-Meteo); tarifas OFICIAL SADM sep-2026; demas = ESTIMADO
Cat. 2 @ 80 %,media_anual_30,0.0,3,6,1.83,0.059,1.0,30.0,900.0,10800.0,626.0,1000.0,8409.0,8904.0,k = SUPUESTO (sin dato de ventas MTY); clima VERIFICADO (Open-Meteo); tarifas OFICIAL SADM sep-2026; demas = ESTIMADO
Cat. 2 @ 80 %,media_anual_30,0.0,4,6,3.67,0.122,1.0,30.0,900.0,10800.0,626.0,1000.0,8409.0,8904.0,k = SUPUESTO (sin dato de ventas MTY); clima VERIFICADO (Open-Meteo); tarifas OFICIAL SADM sep-2026; demas = ESTIMADO
Cat. 2 @ 80 %,media_anual_30,0.0,5,6,8.5,0.274,1.0,30.0,900.0,10800.0,626.0,1000.0,8409.0,8904.0,k = SUPUESTO (sin dato de ventas MTY); clima VERIFICADO (Open-Meteo); tarifas OFICIAL SADM sep-2026; demas = ESTIMADO
Cat. 2 @ 80 %,media_anual_30,0.0,6,6,10.5,0.35,1.0,30.0,900.0,10800.0,626.0,1000.0,8409.0,8904.0,k = SUPUESTO (sin dato de ventas MTY); clima VERIFICADO (Open-Meteo); tarifas OFICIAL SADM sep-2026; demas = ESTIMADO
Cat. 2 @ 80 %,media_anual_30,0.0,7,6,11.67,0.376,1.0,30.0,900.0,10800.0,626.0,1000.0,8409.0,8904.0,k = SUPUESTO (sin dato de ventas MTY); clima VERIFICADO (Open-Meteo); tarifas OFICIAL SADM sep-2026; demas = ESTIMADO
Cat. 2 @ 80 %,media_anual_30,0.0,8,6,16.67,0.538,1.0,30.0,900.0,10800.0,626.0,1000.0,8409.0,8904.0,k = SUPUESTO (sin dato de ventas MTY); clima VERIFICADO (Open-Meteo); tarifas OFICIAL SADM sep-2026; demas = ESTIMADO
Cat. 2 @ 80 %,media_anual_30,0.0,9,6,6.0,0.2,1.0,30.0,900.0,10800.0,626.0,1000.0,8409.0,8904.0,k = SUPUESTO (sin dato de ventas MTY); clima VERIFICADO (Open-Meteo); tarifas OFICIAL SADM sep-2026; demas = ESTIMADO
Cat. 2 @ 80 %,media_anual_30,0.0,10,5,0.4,0.013,1.0,30.0,900.0,10800.0,626.0,1000.0,8409.0,8904.0,k = SUPUESTO (sin dato de ventas MTY); clima VERIFICADO (Open-Meteo); tarifas OFICIAL SADM sep-2026; demas = ESTIMADO
Cat. 2 @ 80 %,media_anual_30,0.0,11,5,0.2,0.007,1.0,30.0,900.0,10800.0,626.0,1000.0,8409.0,8904.0,k = SUPUESTO (sin dato de ventas MTY); clima VERIFICADO (Open-Meteo); tarifas OFICIAL SADM sep-2026; demas = ESTIMADO
Cat. 2 @ 80 %,media_anual_30,0.0,12,5,0.0,0.0,1.0,30.0,900.0,10800.0,626.0,1000.0,8409.0,8904.0,k = SUPUESTO (sin dato de ventas MTY); clima VERIFICADO (Open-Meteo); tarifas OFICIAL SADM sep-2026; demas = ESTIMADO
Cat. 2 @ 80 %,media_anual_30,0.1,1,6,0.0,0.0,0.9839,29.52,885.5,10626.0,626.0,1000.0,8247.0,8734.0,k = SUPUESTO (sin dato de ventas MTY); clima VERIFICADO (Open-Meteo); tarifas OFICIAL SADM sep-2026; demas = ESTIMADO
Cat. 2 @ 80 %,media_anual_30,0.1,2,6,0.83,0.03,0.9868,29.6,888.1,10657.0,626.0,1000.0,8277.0,8765.0,k = SUPUESTO (sin dato de ventas MTY); clima VERIFICADO (Open-Meteo); tarifas OFICIAL SADM sep-2026; demas = ESTIMADO
Cat. 2 @ 80 %,media_anual_30,0.1,3,6,1.83,0.059,0.9897,29.69,890.7,10689.0,626.0,1000.0,8306.0,8796.0,k = SUPUESTO (sin dato de ventas MTY); clima VERIFICADO (Open-Meteo); tarifas OFICIAL SADM sep-2026; demas = ESTIMADO
Cat. 2 @ 80 %,media_anual_30,0.1,4,6,3.67,0.122,0.9959,29.88,896.3,10756.0,626.0,1000.0,8368.0,8861.0,k = SUPUESTO (sin dato de ventas MTY); clima VERIFICADO (Open-Meteo); tarifas OFICIAL SADM sep-2026; demas = ESTIMADO
Cat. 2 @ 80 %,media_anual_30,0.1,5,6,8.5,0.274,1.0108,30.33,909.8,10917.0,626.0,1000.0,8518.0,9018.0,k = SUPUESTO (sin dato de ventas MTY); clima VERIFICADO (Open-Meteo); tarifas OFICIAL SADM sep-2026; demas = ESTIMADO
Cat. 2 @ 80 %,media_anual_30,0.1,6,6,10.5,0.35,1.0183,30.55,916.5,10998.0,626.0,1000.0,8593.0,9097.0,k = SUPUESTO (sin dato de ventas MTY); clima VERIFICADO (Open-Meteo); tarifas OFICIAL SADM sep-2026; demas = ESTIMADO
Cat. 2 @ 80 %,media_anual_30,0.1,7,6,11.67,0.376,1.0209,30.63,918.8,11026.0,626.0,1000.0,8619.0,9124.0,k = SUPUESTO (sin dato de ventas MTY); clima VERIFICADO (Open-Meteo); tarifas OFICIAL SADM sep-2026; demas = ESTIMADO
Cat. 2 @ 80 %,media_anual_30,0.1,8,6,16.67,0.538,1.0368,31.1,933.1,11197.0,701.0,1000.0,8703.0,9216.0,k = SUPUESTO (sin dato de ventas MTY); clima VERIFICADO (Open-Meteo); tarifas OFICIAL SADM sep-2026; demas = ESTIMADO
Cat. 2 @ 80 %,media_anual_30,0.1,9,6,6.0,0.2,1.0035,30.11,903.2,10838.0,626.0,1000.0,8445.0,8942.0,k = SUPUESTO (sin dato de ventas MTY); clima VERIFICADO (Open-Meteo); tarifas OFICIAL SADM sep-2026; demas = ESTIMADO
Cat. 2 @ 80 %,media_anual_30,0.1,10,5,0.4,0.013,0.9851,29.55,886.6,10639.0,626.0,1000.0,8260.0,8748.0,k = SUPUESTO (sin dato de ventas MTY); clima VERIFICADO (Open-Meteo); tarifas OFICIAL SADM sep-2026; demas = ESTIMADO
Cat. 2 @ 80 %,media_anual_30,0.1,11,5,0.2,0.007,0.9845,29.54,886.1,10633.0,626.0,1000.0,8254.0,8741.0,k = SUPUESTO (sin dato de ventas MTY); clima VERIFICADO (Open-Meteo); tarifas OFICIAL SADM sep-2026; demas = ESTIMADO
Cat. 2 @ 80 %,media_anual_30,0.1,12,5,0.0,0.0,0.9839,29.52,885.5,10626.0,626.0,1000.0,8247.0,8734.0,k = SUPUESTO (sin dato de ventas MTY); clima VERIFICADO (Open-Meteo); tarifas OFICIAL SADM sep-2026; demas = ESTIMADO
Cat. 2 @ 80 %,media_anual_30,0.2,1,6,0.0,0.0,0.9682,29.05,871.4,10457.0,575.0,1000.0,8141.0,8621.0,k = SUPUESTO (sin dato de ventas MTY); clima VERIFICADO (Open-Meteo); tarifas OFICIAL SADM sep-2026; demas = ESTIMADO
Cat. 2 @ 80 %,media_anual_30,0.2,2,6,0.83,0.03,0.974,29.22,876.6,10519.0,575.0,1000.0,8199.0,8681.0,k = SUPUESTO (sin dato de ventas MTY); clima VERIFICADO (Open-Meteo); tarifas OFICIAL SADM sep-2026; demas = ESTIMADO
Cat. 2 @ 80 %,media_anual_30,0.2,3,6,1.83,0.059,0.9797,29.39,881.7,10581.0,575.0,1000.0,8256.0,8741.0,k = SUPUESTO (sin dato de ventas MTY); clima VERIFICADO (Open-Meteo); tarifas OFICIAL SADM sep-2026; demas = ESTIMADO
Cat. 2 @ 80 %,media_anual_30,0.2,4,6,3.67,0.122,0.9919,29.76,892.7,10713.0,626.0,1000.0,8328.0,8819.0,k = SUPUESTO (sin dato de ventas MTY); clima VERIFICADO (Open-Meteo); tarifas OFICIAL SADM sep-2026; demas = ESTIMADO
Cat. 2 @ 80 %,media_anual_30,0.2,5,6,8.5,0.274,1.0213,30.64,919.2,11030.0,626.0,1000.0,8623.0,9129.0,k = SUPUESTO (sin dato de ventas MTY); clima VERIFICADO (Open-Meteo); tarifas OFICIAL SADM sep-2026; demas = ESTIMADO
Cat. 2 @ 80 %,media_anual_30,0.2,6,6,10.5,0.35,1.036,31.08,932.4,11189.0,701.0,1000.0,8695.0,9208.0,k = SUPUESTO (sin dato de ventas MTY); clima VERIFICADO (Open-Meteo); tarifas OFICIAL SADM sep-2026; demas = ESTIMADO
Cat. 2 @ 80 %,media_anual_30,0.2,7,6,11.67,0.376,1.0411,31.23,937.0,11244.0,701.0,1000.0,8746.0,9262.0,k = SUPUESTO (sin dato de ventas MTY); clima VERIFICADO (Open-Meteo); tarifas OFICIAL SADM sep-2026; demas = ESTIMADO
Cat. 2 @ 80 %,media_anual_30,0.2,8,6,16.67,0.538,1.0723,32.17,965.1,11581.0,701.0,1000.0,9060.0,9591.0,k = SUPUESTO (sin dato de ventas MTY); clima VERIFICADO (Open-Meteo); tarifas OFICIAL SADM sep-2026; demas = ESTIMADO
Cat. 2 @ 80 %,media_anual_30,0.2,9,6,6.0,0.2,1.007,30.21,906.3,10875.0,626.0,1000.0,8479.0,8978.0,k = SUPUESTO (sin dato de ventas MTY); clima VERIFICADO (Open-Meteo); tarifas OFICIAL SADM sep-2026; demas = ESTIMADO
Cat. 2 @ 80 %,media_anual_30,0.2,10,5,0.4,0.013,0.9707,29.12,873.7,10484.0,575.0,1000.0,8166.0,8647.0,k = SUPUESTO (sin dato de ventas MTY); clima VERIFICADO (Open-Meteo); tarifas OFICIAL SADM sep-2026; demas = ESTIMADO
Cat. 2 @ 80 %,media_anual_30,0.2,11,5,0.2,0.007,0.9695,29.09,872.6,10471.0,575.0,1000.0,8154.0,8634.0,k = SUPUESTO (sin dato de ventas MTY); clima VERIFICADO (Open-Meteo); tarifas OFICIAL SADM sep-2026; demas = ESTIMADO
Cat. 2 @ 80 %,media_anual_30,0.2,12,5,0.0,0.0,0.9682,29.05,871.4,10457.0,575.0,1000.0,8141.0,8621.0,k = SUPUESTO (sin dato de ventas MTY); clima VERIFICADO (Open-Meteo); tarifas OFICIAL SADM sep-2026; demas = ESTIMADO
Cat. 6 @ 80 %,base_sin_calor,0.0,1,6,0.0,0.0,1.0,30.0,900.0,10800.0,1047.0,1000.0,7988.0,8483.0,k = SUPUESTO (sin dato de ventas MTY); clima VERIFICADO (Open-Meteo); tarifas OFICIAL SADM sep-2026; demas = ESTIMADO
Cat. 6 @ 80 %,base_sin_calor,0.0,2,6,0.83,0.03,1.0,30.0,900.0,10800.0,1047.0,1000.0,7988.0,8483.0,k = SUPUESTO (sin dato de ventas MTY); clima VERIFICADO (Open-Meteo); tarifas OFICIAL SADM sep-2026; demas = ESTIMADO
Cat. 6 @ 80 %,base_sin_calor,0.0,3,6,1.83,0.059,1.0,30.0,900.0,10800.0,1047.0,1000.0,7988.0,8483.0,k = SUPUESTO (sin dato de ventas MTY); clima VERIFICADO (Open-Meteo); tarifas OFICIAL SADM sep-2026; demas = ESTIMADO
Cat. 6 @ 80 %,base_sin_calor,0.0,4,6,3.67,0.122,1.0,30.0,900.0,10800.0,1047.0,1000.0,7988.0,8483.0,k = SUPUESTO (sin dato de ventas MTY); clima VERIFICADO (Open-Meteo); tarifas OFICIAL SADM sep-2026; demas = ESTIMADO
Cat. 6 @ 80 %,base_sin_calor,0.0,5,6,8.5,0.274,1.0,30.0,900.0,10800.0,1047.0,1000.0,7988.0,8483.0,k = SUPUESTO (sin dato de ventas MTY); clima VERIFICADO (Open-Meteo); tarifas OFICIAL SADM sep-2026; demas = ESTIMADO
Cat. 6 @ 80 %,base_sin_calor,0.0,6,6,10.5,0.35,1.0,30.0,900.0,10800.0,1047.0,1000.0,7988.0,8483.0,k = SUPUESTO (sin dato de ventas MTY); clima VERIFICADO (Open-Meteo); tarifas OFICIAL SADM sep-2026; demas = ESTIMADO
Cat. 6 @ 80 %,base_sin_calor,0.0,7,6,11.67,0.376,1.0,30.0,900.0,10800.0,1047.0,1000.0,7988.0,8483.0,k = SUPUESTO (sin dato de ventas MTY); clima VERIFICADO (Open-Meteo); tarifas OFICIAL SADM sep-2026; demas = ESTIMADO
Cat. 6 @ 80 %,base_sin_calor,0.0,8,6,16.67,0.538,1.0,30.0,900.0,10800.0,1047.0,1000.0,7988.0,8483.0,k = SUPUESTO (sin dato de ventas MTY); clima VERIFICADO (Open-Meteo); tarifas OFICIAL SADM sep-2026; demas = ESTIMADO
Cat. 6 @ 80 %,base_sin_calor,0.0,9,6,6.0,0.2,1.0,30.0,900.0,10800.0,1047.0,1000.0,7988.0,8483.0,k = SUPUESTO (sin dato de ventas MTY); clima VERIFICADO (Open-Meteo); tarifas OFICIAL SADM sep-2026; demas = ESTIMADO
Cat. 6 @ 80 %,base_sin_calor,0.0,10,5,0.4,0.013,1.0,30.0,900.0,10800.0,1047.0,1000.0,7988.0,8483.0,k = SUPUESTO (sin dato de ventas MTY); clima VERIFICADO (Open-Meteo); tarifas OFICIAL SADM sep-2026; demas = ESTIMADO
Cat. 6 @ 80 %,base_sin_calor,0.0,11,5,0.2,0.007,1.0,30.0,900.0,10800.0,1047.0,1000.0,7988.0,8483.0,k = SUPUESTO (sin dato de ventas MTY); clima VERIFICADO (Open-Meteo); tarifas OFICIAL SADM sep-2026; demas = ESTIMADO
Cat. 6 @ 80 %,base_sin_calor,0.0,12,5,0.0,0.0,1.0,30.0,900.0,10800.0,1047.0,1000.0,7988.0,8483.0,k = SUPUESTO (sin dato de ventas MTY); clima VERIFICADO (Open-Meteo); tarifas OFICIAL SADM sep-2026; demas = ESTIMADO
Cat. 6 @ 80 %,base_sin_calor,0.1,1,6,0.0,0.0,1.0,30.0,900.0,10800.0,1047.0,1000.0,7988.0,8483.0,k = SUPUESTO (sin dato de ventas MTY); clima VERIFICADO (Open-Meteo); tarifas OFICIAL SADM sep-2026; demas = ESTIMADO
Cat. 6 @ 80 %,base_sin_calor,0.1,2,6,0.83,0.03,1.003,30.09,902.7,10832.0,1047.0,1000.0,8018.0,8514.0,k = SUPUESTO (sin dato de ventas MTY); clima VERIFICADO (Open-Meteo); tarifas OFICIAL SADM sep-2026; demas = ESTIMADO
Cat. 6 @ 80 %,base_sin_calor,0.1,3,6,1.83,0.059,1.0059,30.18,905.3,10864.0,1047.0,1000.0,8048.0,8546.0,k = SUPUESTO (sin dato de ventas MTY); clima VERIFICADO (Open-Meteo); tarifas OFICIAL SADM sep-2026; demas = ESTIMADO
Cat. 6 @ 80 %,base_sin_calor,0.1,4,6,3.67,0.122,1.0122,30.37,911.0,10932.0,1047.0,1000.0,8111.0,8612.0,k = SUPUESTO (sin dato de ventas MTY); clima VERIFICADO (Open-Meteo); tarifas OFICIAL SADM sep-2026; demas = ESTIMADO
Cat. 6 @ 80 %,base_sin_calor,0.1,5,6,8.5,0.274,1.0274,30.82,924.7,11096.0,1047.0,1000.0,8263.0,8772.0,k = SUPUESTO (sin dato de ventas MTY); clima VERIFICADO (Open-Meteo); tarifas OFICIAL SADM sep-2026; demas = ESTIMADO
Cat. 6 @ 80 %,base_sin_calor,0.1,6,6,10.5,0.35,1.035,31.05,931.5,11178.0,1135.0,1000.0,8252.0,8764.0,k = SUPUESTO (sin dato de ventas MTY); clima VERIFICADO (Open-Meteo); tarifas OFICIAL SADM sep-2026; demas = ESTIMADO
Cat. 6 @ 80 %,base_sin_calor,0.1,7,6,11.67,0.376,1.0376,31.13,933.9,11206.0,1135.0,1000.0,8278.0,8792.0,k = SUPUESTO (sin dato de ventas MTY); clima VERIFICADO (Open-Meteo); tarifas OFICIAL SADM sep-2026; demas = ESTIMADO
Cat. 6 @ 80 %,base_sin_calor,0.1,8,6,16.67,0.538,1.0538,31.61,948.4,11381.0,1135.0,1000.0,8440.0,8962.0,k = SUPUESTO (sin dato de ventas MTY); clima VERIFICADO (Open-Meteo); tarifas OFICIAL SADM sep-2026; demas = ESTIMADO
Cat. 6 @ 80 %,base_sin_calor,0.1,9,6,6.0,0.2,1.02,30.6,918.0,11016.0,1047.0,1000.0,8189.0,8694.0,k = SUPUESTO (sin dato de ventas MTY); clima VERIFICADO (Open-Meteo); tarifas OFICIAL SADM sep-2026; demas = ESTIMADO
Cat. 6 @ 80 %,base_sin_calor,0.1,10,5,0.4,0.013,1.0013,30.04,901.2,10814.0,1047.0,1000.0,8001.0,8497.0,k = SUPUESTO (sin dato de ventas MTY); clima VERIFICADO (Open-Meteo); tarifas OFICIAL SADM sep-2026; demas = ESTIMADO
Cat. 6 @ 80 %,base_sin_calor,0.1,11,5,0.2,0.007,1.0007,30.02,900.6,10807.0,1047.0,1000.0,7995.0,8490.0,k = SUPUESTO (sin dato de ventas MTY); clima VERIFICADO (Open-Meteo); tarifas OFICIAL SADM sep-2026; demas = ESTIMADO
Cat. 6 @ 80 %,base_sin_calor,0.1,12,5,0.0,0.0,1.0,30.0,900.0,10800.0,1047.0,1000.0,7988.0,8483.0,k = SUPUESTO (sin dato de ventas MTY); clima VERIFICADO (Open-Meteo); tarifas OFICIAL SADM sep-2026; demas = ESTIMADO
Cat. 6 @ 80 %,base_sin_calor,0.2,1,6,0.0,0.0,1.0,30.0,900.0,10800.0,1047.0,1000.0,7988.0,8483.0,k = SUPUESTO (sin dato de ventas MTY); clima VERIFICADO (Open-Meteo); tarifas OFICIAL SADM sep-2026; demas = ESTIMADO
Cat. 6 @ 80 %,base_sin_calor,0.2,2,6,0.83,0.03,1.0059,30.18,905.3,10864.0,1047.0,1000.0,8048.0,8546.0,k = SUPUESTO (sin dato de ventas MTY); clima VERIFICADO (Open-Meteo); tarifas OFICIAL SADM sep-2026; demas = ESTIMADO
Cat. 6 @ 80 %,base_sin_calor,0.2,3,6,1.83,0.059,1.0118,30.35,910.6,10928.0,1047.0,1000.0,8107.0,8608.0,k = SUPUESTO (sin dato de ventas MTY); clima VERIFICADO (Open-Meteo); tarifas OFICIAL SADM sep-2026; demas = ESTIMADO
Cat. 6 @ 80 %,base_sin_calor,0.2,4,6,3.67,0.122,1.0244,30.73,922.0,11064.0,1047.0,1000.0,8234.0,8741.0,k = SUPUESTO (sin dato de ventas MTY); clima VERIFICADO (Open-Meteo); tarifas OFICIAL SADM sep-2026; demas = ESTIMADO
Cat. 6 @ 80 %,base_sin_calor,0.2,5,6,8.5,0.274,1.0548,31.65,949.4,11392.0,1135.0,1000.0,8451.0,8973.0,k = SUPUESTO (sin dato de ventas MTY); clima VERIFICADO (Open-Meteo); tarifas OFICIAL SADM sep-2026; demas = ESTIMADO
Cat. 6 @ 80 %,base_sin_calor,0.2,6,6,10.5,0.35,1.07,32.1,963.0,11556.0,1135.0,1000.0,8603.0,9133.0,k = SUPUESTO (sin dato de ventas MTY); clima VERIFICADO (Open-Meteo); tarifas OFICIAL SADM sep-2026; demas = ESTIMADO
Cat. 6 @ 80 %,base_sin_calor,0.2,7,6,11.67,0.376,1.0753,32.26,967.7,11613.0,1135.0,1000.0,8656.0,9188.0,k = SUPUESTO (sin dato de ventas MTY); clima VERIFICADO (Open-Meteo); tarifas OFICIAL SADM sep-2026; demas = ESTIMADO
Cat. 6 @ 80 %,base_sin_calor,0.2,8,6,16.67,0.538,1.1075,33.23,996.8,11961.0,1175.0,1000.0,8939.0,9487.0,k = SUPUESTO (sin dato de ventas MTY); clima VERIFICADO (Open-Meteo); tarifas OFICIAL SADM sep-2026; demas = ESTIMADO
Cat. 6 @ 80 %,base_sin_calor,0.2,9,6,6.0,0.2,1.04,31.2,936.0,11232.0,1135.0,1000.0,8302.0,8817.0,k = SUPUESTO (sin dato de ventas MTY); clima VERIFICADO (Open-Meteo); tarifas OFICIAL SADM sep-2026; demas = ESTIMADO
Cat. 6 @ 80 %,base_sin_calor,0.2,10,5,0.4,0.013,1.0026,30.08,902.3,10828.0,1047.0,1000.0,8014.0,8510.0,k = SUPUESTO (sin dato de ventas MTY); clima VERIFICADO (Open-Meteo); tarifas OFICIAL SADM sep-2026; demas = ESTIMADO
Cat. 6 @ 80 %,base_sin_calor,0.2,11,5,0.2,0.007,1.0013,30.04,901.2,10814.0,1047.0,1000.0,8002.0,8497.0,k = SUPUESTO (sin dato de ventas MTY); clima VERIFICADO (Open-Meteo); tarifas OFICIAL SADM sep-2026; demas = ESTIMADO
Cat. 6 @ 80 %,base_sin_calor,0.2,12,5,0.0,0.0,1.0,30.0,900.0,10800.0,1047.0,1000.0,7988.0,8483.0,k = SUPUESTO (sin dato de ventas MTY); clima VERIFICADO (Open-Meteo); tarifas OFICIAL SADM sep-2026; demas = ESTIMADO
Cat. 6 @ 80 %,media_anual_30,0.0,1,6,0.0,0.0,1.0,30.0,900.0,10800.0,1047.0,1000.0,7988.0,8483.0,k = SUPUESTO (sin dato de ventas MTY); clima VERIFICADO (Open-Meteo); tarifas OFICIAL SADM sep-2026; demas = ESTIMADO
Cat. 6 @ 80 %,media_anual_30,0.0,2,6,0.83,0.03,1.0,30.0,900.0,10800.0,1047.0,1000.0,7988.0,8483.0,k = SUPUESTO (sin dato de ventas MTY); clima VERIFICADO (Open-Meteo); tarifas OFICIAL SADM sep-2026; demas = ESTIMADO
Cat. 6 @ 80 %,media_anual_30,0.0,3,6,1.83,0.059,1.0,30.0,900.0,10800.0,1047.0,1000.0,7988.0,8483.0,k = SUPUESTO (sin dato de ventas MTY); clima VERIFICADO (Open-Meteo); tarifas OFICIAL SADM sep-2026; demas = ESTIMADO
Cat. 6 @ 80 %,media_anual_30,0.0,4,6,3.67,0.122,1.0,30.0,900.0,10800.0,1047.0,1000.0,7988.0,8483.0,k = SUPUESTO (sin dato de ventas MTY); clima VERIFICADO (Open-Meteo); tarifas OFICIAL SADM sep-2026; demas = ESTIMADO
Cat. 6 @ 80 %,media_anual_30,0.0,5,6,8.5,0.274,1.0,30.0,900.0,10800.0,1047.0,1000.0,7988.0,8483.0,k = SUPUESTO (sin dato de ventas MTY); clima VERIFICADO (Open-Meteo); tarifas OFICIAL SADM sep-2026; demas = ESTIMADO
Cat. 6 @ 80 %,media_anual_30,0.0,6,6,10.5,0.35,1.0,30.0,900.0,10800.0,1047.0,1000.0,7988.0,8483.0,k = SUPUESTO (sin dato de ventas MTY); clima VERIFICADO (Open-Meteo); tarifas OFICIAL SADM sep-2026; demas = ESTIMADO
Cat. 6 @ 80 %,media_anual_30,0.0,7,6,11.67,0.376,1.0,30.0,900.0,10800.0,1047.0,1000.0,7988.0,8483.0,k = SUPUESTO (sin dato de ventas MTY); clima VERIFICADO (Open-Meteo); tarifas OFICIAL SADM sep-2026; demas = ESTIMADO
Cat. 6 @ 80 %,media_anual_30,0.0,8,6,16.67,0.538,1.0,30.0,900.0,10800.0,1047.0,1000.0,7988.0,8483.0,k = SUPUESTO (sin dato de ventas MTY); clima VERIFICADO (Open-Meteo); tarifas OFICIAL SADM sep-2026; demas = ESTIMADO
Cat. 6 @ 80 %,media_anual_30,0.0,9,6,6.0,0.2,1.0,30.0,900.0,10800.0,1047.0,1000.0,7988.0,8483.0,k = SUPUESTO (sin dato de ventas MTY); clima VERIFICADO (Open-Meteo); tarifas OFICIAL SADM sep-2026; demas = ESTIMADO
Cat. 6 @ 80 %,media_anual_30,0.0,10,5,0.4,0.013,1.0,30.0,900.0,10800.0,1047.0,1000.0,7988.0,8483.0,k = SUPUESTO (sin dato de ventas MTY); clima VERIFICADO (Open-Meteo); tarifas OFICIAL SADM sep-2026; demas = ESTIMADO
Cat. 6 @ 80 %,media_anual_30,0.0,11,5,0.2,0.007,1.0,30.0,900.0,10800.0,1047.0,1000.0,7988.0,8483.0,k = SUPUESTO (sin dato de ventas MTY); clima VERIFICADO (Open-Meteo); tarifas OFICIAL SADM sep-2026; demas = ESTIMADO
Cat. 6 @ 80 %,media_anual_30,0.0,12,5,0.0,0.0,1.0,30.0,900.0,10800.0,1047.0,1000.0,7988.0,8483.0,k = SUPUESTO (sin dato de ventas MTY); clima VERIFICADO (Open-Meteo); tarifas OFICIAL SADM sep-2026; demas = ESTIMADO
Cat. 6 @ 80 %,media_anual_30,0.1,1,6,0.0,0.0,0.9839,29.52,885.5,10626.0,1047.0,1000.0,7826.0,8313.0,k = SUPUESTO (sin dato de ventas MTY); clima VERIFICADO (Open-Meteo); tarifas OFICIAL SADM sep-2026; demas = ESTIMADO
Cat. 6 @ 80 %,media_anual_30,0.1,2,6,0.83,0.03,0.9868,29.6,888.1,10657.0,1047.0,1000.0,7856.0,8344.0,k = SUPUESTO (sin dato de ventas MTY); clima VERIFICADO (Open-Meteo); tarifas OFICIAL SADM sep-2026; demas = ESTIMADO
Cat. 6 @ 80 %,media_anual_30,0.1,3,6,1.83,0.059,0.9897,29.69,890.7,10689.0,1047.0,1000.0,7885.0,8375.0,k = SUPUESTO (sin dato de ventas MTY); clima VERIFICADO (Open-Meteo); tarifas OFICIAL SADM sep-2026; demas = ESTIMADO
Cat. 6 @ 80 %,media_anual_30,0.1,4,6,3.67,0.122,0.9959,29.88,896.3,10756.0,1047.0,1000.0,7947.0,8440.0,k = SUPUESTO (sin dato de ventas MTY); clima VERIFICADO (Open-Meteo); tarifas OFICIAL SADM sep-2026; demas = ESTIMADO
Cat. 6 @ 80 %,media_anual_30,0.1,5,6,8.5,0.274,1.0108,30.33,909.8,10917.0,1047.0,1000.0,8097.0,8597.0,k = SUPUESTO (sin dato de ventas MTY); clima VERIFICADO (Open-Meteo); tarifas OFICIAL SADM sep-2026; demas = ESTIMADO
Cat. 6 @ 80 %,media_anual_30,0.1,6,6,10.5,0.35,1.0183,30.55,916.5,10998.0,1047.0,1000.0,8172.0,8676.0,k = SUPUESTO (sin dato de ventas MTY); clima VERIFICADO (Open-Meteo); tarifas OFICIAL SADM sep-2026; demas = ESTIMADO
Cat. 6 @ 80 %,media_anual_30,0.1,7,6,11.67,0.376,1.0209,30.63,918.8,11026.0,1047.0,1000.0,8198.0,8703.0,k = SUPUESTO (sin dato de ventas MTY); clima VERIFICADO (Open-Meteo); tarifas OFICIAL SADM sep-2026; demas = ESTIMADO
Cat. 6 @ 80 %,media_anual_30,0.1,8,6,16.67,0.538,1.0368,31.1,933.1,11197.0,1135.0,1000.0,8269.0,8782.0,k = SUPUESTO (sin dato de ventas MTY); clima VERIFICADO (Open-Meteo); tarifas OFICIAL SADM sep-2026; demas = ESTIMADO
Cat. 6 @ 80 %,media_anual_30,0.1,9,6,6.0,0.2,1.0035,30.11,903.2,10838.0,1047.0,1000.0,8024.0,8521.0,k = SUPUESTO (sin dato de ventas MTY); clima VERIFICADO (Open-Meteo); tarifas OFICIAL SADM sep-2026; demas = ESTIMADO
Cat. 6 @ 80 %,media_anual_30,0.1,10,5,0.4,0.013,0.9851,29.55,886.6,10639.0,1047.0,1000.0,7839.0,8327.0,k = SUPUESTO (sin dato de ventas MTY); clima VERIFICADO (Open-Meteo); tarifas OFICIAL SADM sep-2026; demas = ESTIMADO
Cat. 6 @ 80 %,media_anual_30,0.1,11,5,0.2,0.007,0.9845,29.54,886.1,10633.0,1047.0,1000.0,7833.0,8320.0,k = SUPUESTO (sin dato de ventas MTY); clima VERIFICADO (Open-Meteo); tarifas OFICIAL SADM sep-2026; demas = ESTIMADO
Cat. 6 @ 80 %,media_anual_30,0.1,12,5,0.0,0.0,0.9839,29.52,885.5,10626.0,1047.0,1000.0,7826.0,8313.0,k = SUPUESTO (sin dato de ventas MTY); clima VERIFICADO (Open-Meteo); tarifas OFICIAL SADM sep-2026; demas = ESTIMADO
Cat. 6 @ 80 %,media_anual_30,0.2,1,6,0.0,0.0,0.9682,29.05,871.4,10457.0,1008.0,1000.0,7708.0,8188.0,k = SUPUESTO (sin dato de ventas MTY); clima VERIFICADO (Open-Meteo); tarifas OFICIAL SADM sep-2026; demas = ESTIMADO
Cat. 6 @ 80 %,media_anual_30,0.2,2,6,0.83,0.03,0.974,29.22,876.6,10519.0,1008.0,1000.0,7766.0,8248.0,k = SUPUESTO (sin dato de ventas MTY); clima VERIFICADO (Open-Meteo); tarifas OFICIAL SADM sep-2026; demas = ESTIMADO
Cat. 6 @ 80 %,media_anual_30,0.2,3,6,1.83,0.059,0.9797,29.39,881.7,10581.0,1008.0,1000.0,7823.0,8308.0,k = SUPUESTO (sin dato de ventas MTY); clima VERIFICADO (Open-Meteo); tarifas OFICIAL SADM sep-2026; demas = ESTIMADO
Cat. 6 @ 80 %,media_anual_30,0.2,4,6,3.67,0.122,0.9919,29.76,892.7,10713.0,1047.0,1000.0,7907.0,8398.0,k = SUPUESTO (sin dato de ventas MTY); clima VERIFICADO (Open-Meteo); tarifas OFICIAL SADM sep-2026; demas = ESTIMADO
Cat. 6 @ 80 %,media_anual_30,0.2,5,6,8.5,0.274,1.0213,30.64,919.2,11030.0,1047.0,1000.0,8202.0,8708.0,k = SUPUESTO (sin dato de ventas MTY); clima VERIFICADO (Open-Meteo); tarifas OFICIAL SADM sep-2026; demas = ESTIMADO
Cat. 6 @ 80 %,media_anual_30,0.2,6,6,10.5,0.35,1.036,31.08,932.4,11189.0,1135.0,1000.0,8262.0,8775.0,k = SUPUESTO (sin dato de ventas MTY); clima VERIFICADO (Open-Meteo); tarifas OFICIAL SADM sep-2026; demas = ESTIMADO
Cat. 6 @ 80 %,media_anual_30,0.2,7,6,11.67,0.376,1.0411,31.23,937.0,11244.0,1135.0,1000.0,8313.0,8828.0,k = SUPUESTO (sin dato de ventas MTY); clima VERIFICADO (Open-Meteo); tarifas OFICIAL SADM sep-2026; demas = ESTIMADO
Cat. 6 @ 80 %,media_anual_30,0.2,8,6,16.67,0.538,1.0723,32.17,965.1,11581.0,1135.0,1000.0,8626.0,9157.0,k = SUPUESTO (sin dato de ventas MTY); clima VERIFICADO (Open-Meteo); tarifas OFICIAL SADM sep-2026; demas = ESTIMADO
Cat. 6 @ 80 %,media_anual_30,0.2,9,6,6.0,0.2,1.007,30.21,906.3,10875.0,1047.0,1000.0,8058.0,8557.0,k = SUPUESTO (sin dato de ventas MTY); clima VERIFICADO (Open-Meteo); tarifas OFICIAL SADM sep-2026; demas = ESTIMADO
Cat. 6 @ 80 %,media_anual_30,0.2,10,5,0.4,0.013,0.9707,29.12,873.7,10484.0,1008.0,1000.0,7733.0,8214.0,k = SUPUESTO (sin dato de ventas MTY); clima VERIFICADO (Open-Meteo); tarifas OFICIAL SADM sep-2026; demas = ESTIMADO
Cat. 6 @ 80 %,media_anual_30,0.2,11,5,0.2,0.007,0.9695,29.09,872.6,10471.0,1008.0,1000.0,7721.0,8201.0,k = SUPUESTO (sin dato de ventas MTY); clima VERIFICADO (Open-Meteo); tarifas OFICIAL SADM sep-2026; demas = ESTIMADO
Cat. 6 @ 80 %,media_anual_30,0.2,12,5,0.0,0.0,0.9682,29.05,871.4,10457.0,1008.0,1000.0,7708.0,8188.0,k = SUPUESTO (sin dato de ventas MTY); clima VERIFICADO (Open-Meteo); tarifas OFICIAL SADM sep-2026; demas = ESTIMADO
