anio,mes,dias_con_dato,tmax_media_c,tmax_max_c,tmin_media_c,dias_ge35,dias_ge40,dias_mes,mes_completo,pct_dias_ge35,fuente
2021,1,31,20.3,30.0,9.4,0,0,31,True,0.0,"Open-Meteo archive (reanalisis; celda 25.694,-100.283 elev 531.0m); lat/lon pedidos 25.67,-100.31"
2021,2,28,21.5,36.2,8.7,1,0,28,True,3.6,"Open-Meteo archive (reanalisis; celda 25.694,-100.283 elev 531.0m); lat/lon pedidos 25.67,-100.31"
2021,3,31,27.4,36.9,14.1,1,0,31,True,3.2,"Open-Meteo archive (reanalisis; celda 25.694,-100.283 elev 531.0m); lat/lon pedidos 25.67,-100.31"
2021,4,30,28.8,39.8,17.0,4,0,30,True,13.3,"Open-Meteo archive (reanalisis; celda 25.694,-100.283 elev 531.0m); lat/lon pedidos 25.67,-100.31"
2021,5,31,31.3,38.7,19.8,4,0,31,True,12.9,"Open-Meteo archive (reanalisis; celda 25.694,-100.283 elev 531.0m); lat/lon pedidos 25.67,-100.31"
2021,6,30,32.1,39.6,21.4,8,0,30,True,26.7,"Open-Meteo archive (reanalisis; celda 25.694,-100.283 elev 531.0m); lat/lon pedidos 25.67,-100.31"
2021,7,31,30.7,34.8,21.5,0,0,31,True,0.0,"Open-Meteo archive (reanalisis; celda 25.694,-100.283 elev 531.0m); lat/lon pedidos 25.67,-100.31"
2021,8,31,34.6,36.9,22.5,18,0,31,True,58.1,"Open-Meteo archive (reanalisis; celda 25.694,-100.283 elev 531.0m); lat/lon pedidos 25.67,-100.31"
2021,9,30,32.1,37.1,21.8,5,0,30,True,16.7,"Open-Meteo archive (reanalisis; celda 25.694,-100.283 elev 531.0m); lat/lon pedidos 25.67,-100.31"
2021,10,31,28.4,35.7,18.8,1,0,31,True,3.2,"Open-Meteo archive (reanalisis; celda 25.694,-100.283 elev 531.0m); lat/lon pedidos 25.67,-100.31"
2021,11,30,22.9,28.3,13.7,0,0,30,True,0.0,"Open-Meteo archive (reanalisis; celda 25.694,-100.283 elev 531.0m); lat/lon pedidos 25.67,-100.31"
2021,12,31,25.4,32.1,14.0,0,0,31,True,0.0,"Open-Meteo archive (reanalisis; celda 25.694,-100.283 elev 531.0m); lat/lon pedidos 25.67,-100.31"
2022,1,31,18.9,32.2,8.1,0,0,31,True,0.0,"Open-Meteo archive (reanalisis; celda 25.694,-100.283 elev 531.0m); lat/lon pedidos 25.67,-100.31"
2022,2,28,19.4,33.1,7.3,0,0,28,True,0.0,"Open-Meteo archive (reanalisis; celda 25.694,-100.283 elev 531.0m); lat/lon pedidos 25.67,-100.31"
2022,3,31,26.7,35.4,12.1,1,0,31,True,3.2,"Open-Meteo archive (reanalisis; celda 25.694,-100.283 elev 531.0m); lat/lon pedidos 25.67,-100.31"
2022,4,30,31.4,37.6,18.5,7,0,30,True,23.3,"Open-Meteo archive (reanalisis; celda 25.694,-100.283 elev 531.0m); lat/lon pedidos 25.67,-100.31"
2022,5,31,34.2,41.1,20.9,13,1,31,True,41.9,"Open-Meteo archive (reanalisis; celda 25.694,-100.283 elev 531.0m); lat/lon pedidos 25.67,-100.31"
2022,6,30,35.2,40.2,21.7,14,2,30,True,46.7,"Open-Meteo archive (reanalisis; celda 25.694,-100.283 elev 531.0m); lat/lon pedidos 25.67,-100.31"
2022,7,31,36.1,39.0,23.0,25,0,31,True,80.6,"Open-Meteo archive (reanalisis; celda 25.694,-100.283 elev 531.0m); lat/lon pedidos 25.67,-100.31"
2022,8,31,34.3,38.4,23.0,14,0,31,True,45.2,"Open-Meteo archive (reanalisis; celda 25.694,-100.283 elev 531.0m); lat/lon pedidos 25.67,-100.31"
2022,9,30,29.1,32.1,20.3,0,0,30,True,0.0,"Open-Meteo archive (reanalisis; celda 25.694,-100.283 elev 531.0m); lat/lon pedidos 25.67,-100.31"
2022,10,31,25.9,32.1,16.7,0,0,31,True,0.0,"Open-Meteo archive (reanalisis; celda 25.694,-100.283 elev 531.0m); lat/lon pedidos 25.67,-100.31"
2022,11,30,21.0,30.4,12.0,0,0,30,True,0.0,"Open-Meteo archive (reanalisis; celda 25.694,-100.283 elev 531.0m); lat/lon pedidos 25.67,-100.31"
2022,12,31,19.7,26.7,10.2,0,0,31,True,0.0,"Open-Meteo archive (reanalisis; celda 25.694,-100.283 elev 531.0m); lat/lon pedidos 25.67,-100.31"
2023,1,31,23.2,30.9,11.9,0,0,31,True,0.0,"Open-Meteo archive (reanalisis; celda 25.694,-100.283 elev 531.0m); lat/lon pedidos 25.67,-100.31"
2023,2,28,24.6,34.5,11.6,0,0,28,True,0.0,"Open-Meteo archive (reanalisis; celda 25.694,-100.283 elev 531.0m); lat/lon pedidos 25.67,-100.31"
2023,3,31,27.3,37.6,14.5,3,0,31,True,9.7,"Open-Meteo archive (reanalisis; celda 25.694,-100.283 elev 531.0m); lat/lon pedidos 25.67,-100.31"
2023,4,30,27.2,34.6,16.7,0,0,30,True,0.0,"Open-Meteo archive (reanalisis; celda 25.694,-100.283 elev 531.0m); lat/lon pedidos 25.67,-100.31"
2023,5,31,29.2,35.6,19.5,2,0,31,True,6.5,"Open-Meteo archive (reanalisis; celda 25.694,-100.283 elev 531.0m); lat/lon pedidos 25.67,-100.31"
2023,6,30,36.4,42.6,22.9,19,7,30,True,63.3,"Open-Meteo archive (reanalisis; celda 25.694,-100.283 elev 531.0m); lat/lon pedidos 25.67,-100.31"
2023,7,31,37.4,40.1,23.8,28,1,31,True,90.3,"Open-Meteo archive (reanalisis; celda 25.694,-100.283 elev 531.0m); lat/lon pedidos 25.67,-100.31"
2023,8,31,37.3,40.6,24.2,25,4,31,True,80.6,"Open-Meteo archive (reanalisis; celda 25.694,-100.283 elev 531.0m); lat/lon pedidos 25.67,-100.31"
2023,9,30,34.9,39.3,23.0,18,0,30,True,60.0,"Open-Meteo archive (reanalisis; celda 25.694,-100.283 elev 531.0m); lat/lon pedidos 25.67,-100.31"
2023,10,31,26.5,34.5,18.2,0,0,31,True,0.0,"Open-Meteo archive (reanalisis; celda 25.694,-100.283 elev 531.0m); lat/lon pedidos 25.67,-100.31"
2023,11,30,20.8,29.6,12.6,0,0,30,True,0.0,"Open-Meteo archive (reanalisis; celda 25.694,-100.283 elev 531.0m); lat/lon pedidos 25.67,-100.31"
2023,12,31,20.1,29.1,11.2,0,0,31,True,0.0,"Open-Meteo archive (reanalisis; celda 25.694,-100.283 elev 531.0m); lat/lon pedidos 25.67,-100.31"
2024,1,31,18.6,26.9,7.9,0,0,31,True,0.0,"Open-Meteo archive (reanalisis; celda 25.694,-100.283 elev 531.0m); lat/lon pedidos 25.67,-100.31"
2024,2,29,24.0,35.7,11.5,1,0,29,True,3.4,"Open-Meteo archive (reanalisis; celda 25.694,-100.283 elev 531.0m); lat/lon pedidos 25.67,-100.31"
2024,3,31,26.9,34.4,14.1,0,0,31,True,0.0,"Open-Meteo archive (reanalisis; celda 25.694,-100.283 elev 531.0m); lat/lon pedidos 25.67,-100.31"
2024,4,30,30.8,36.5,17.6,2,0,30,True,6.7,"Open-Meteo archive (reanalisis; celda 25.694,-100.283 elev 531.0m); lat/lon pedidos 25.67,-100.31"
2024,5,31,36.2,44.4,22.8,18,4,31,True,58.1,"Open-Meteo archive (reanalisis; celda 25.694,-100.283 elev 531.0m); lat/lon pedidos 25.67,-100.31"
2024,6,30,32.9,42.1,22.9,11,1,30,True,36.7,"Open-Meteo archive (reanalisis; celda 25.694,-100.283 elev 531.0m); lat/lon pedidos 25.67,-100.31"
2024,7,31,30.5,33.3,21.8,0,0,31,True,0.0,"Open-Meteo archive (reanalisis; celda 25.694,-100.283 elev 531.0m); lat/lon pedidos 25.67,-100.31"
2024,8,31,33.2,36.2,22.3,4,0,31,True,12.9,"Open-Meteo archive (reanalisis; celda 25.694,-100.283 elev 531.0m); lat/lon pedidos 25.67,-100.31"
2024,9,30,29.4,31.9,21.4,0,0,30,True,0.0,"Open-Meteo archive (reanalisis; celda 25.694,-100.283 elev 531.0m); lat/lon pedidos 25.67,-100.31"
2024,10,31,27.3,31.5,17.5,0,0,31,True,0.0,"Open-Meteo archive (reanalisis; celda 25.694,-100.283 elev 531.0m); lat/lon pedidos 25.67,-100.31"
2024,11,30,25.4,30.5,15.4,0,0,30,True,0.0,"Open-Meteo archive (reanalisis; celda 25.694,-100.283 elev 531.0m); lat/lon pedidos 25.67,-100.31"
2024,12,31,22.1,31.3,11.8,0,0,31,True,0.0,"Open-Meteo archive (reanalisis; celda 25.694,-100.283 elev 531.0m); lat/lon pedidos 25.67,-100.31"
2025,1,31,16.5,31.4,6.4,0,0,31,True,0.0,"Open-Meteo archive (reanalisis; celda 25.694,-100.283 elev 531.0m); lat/lon pedidos 25.67,-100.31"
2025,2,28,24.8,32.7,10.6,0,0,28,True,0.0,"Open-Meteo archive (reanalisis; celda 25.694,-100.283 elev 531.0m); lat/lon pedidos 25.67,-100.31"
2025,3,31,30.3,38.7,14.2,5,0,31,True,16.1,"Open-Meteo archive (reanalisis; celda 25.694,-100.283 elev 531.0m); lat/lon pedidos 25.67,-100.31"
2025,4,30,32.8,40.1,17.4,8,1,30,True,26.7,"Open-Meteo archive (reanalisis; celda 25.694,-100.283 elev 531.0m); lat/lon pedidos 25.67,-100.31"
2025,5,31,33.2,43.1,20.6,12,3,31,True,38.7,"Open-Meteo archive (reanalisis; celda 25.694,-100.283 elev 531.0m); lat/lon pedidos 25.67,-100.31"
2025,6,30,33.4,36.6,21.8,8,0,30,True,26.7,"Open-Meteo archive (reanalisis; celda 25.694,-100.283 elev 531.0m); lat/lon pedidos 25.67,-100.31"
2025,7,31,32.9,38.1,21.7,7,0,31,True,22.6,"Open-Meteo archive (reanalisis; celda 25.694,-100.283 elev 531.0m); lat/lon pedidos 25.67,-100.31"
2025,8,31,34.9,38.3,22.9,22,0,31,True,71.0,"Open-Meteo archive (reanalisis; celda 25.694,-100.283 elev 531.0m); lat/lon pedidos 25.67,-100.31"
2025,9,30,30.3,36.7,20.8,2,0,30,True,6.7,"Open-Meteo archive (reanalisis; celda 25.694,-100.283 elev 531.0m); lat/lon pedidos 25.67,-100.31"
2025,10,31,28.9,35.4,18.1,1,0,31,True,3.2,"Open-Meteo archive (reanalisis; celda 25.694,-100.283 elev 531.0m); lat/lon pedidos 25.67,-100.31"
2025,11,30,27.0,35.6,14.7,1,0,30,True,3.3,"Open-Meteo archive (reanalisis; celda 25.694,-100.283 elev 531.0m); lat/lon pedidos 25.67,-100.31"
2025,12,31,22.7,30.7,10.7,0,0,31,True,0.0,"Open-Meteo archive (reanalisis; celda 25.694,-100.283 elev 531.0m); lat/lon pedidos 25.67,-100.31"
2026,1,31,20.8,32.6,8.0,0,0,31,True,0.0,"Open-Meteo archive (reanalisis; celda 25.694,-100.283 elev 531.0m); lat/lon pedidos 25.67,-100.31"
2026,2,28,27.6,37.5,12.9,3,0,28,True,10.7,"Open-Meteo archive (reanalisis; celda 25.694,-100.283 elev 531.0m); lat/lon pedidos 25.67,-100.31"
2026,3,31,29.2,38.0,15.4,1,0,31,True,3.2,"Open-Meteo archive (reanalisis; celda 25.694,-100.283 elev 531.0m); lat/lon pedidos 25.67,-100.31"
2026,4,30,27.6,35.5,17.8,1,0,30,True,3.3,"Open-Meteo archive (reanalisis; celda 25.694,-100.283 elev 531.0m); lat/lon pedidos 25.67,-100.31"
2026,5,31,29.8,37.7,19.7,2,0,31,True,6.5,"Open-Meteo archive (reanalisis; celda 25.694,-100.283 elev 531.0m); lat/lon pedidos 25.67,-100.31"
2026,6,30,32.5,40.1,22.3,3,1,30,True,10.0,"Open-Meteo archive (reanalisis; celda 25.694,-100.283 elev 531.0m); lat/lon pedidos 25.67,-100.31"
2026,7,31,34.3,39.1,22.8,10,0,31,True,32.3,"Open-Meteo archive (reanalisis; celda 25.694,-100.283 elev 531.0m); lat/lon pedidos 25.67,-100.31"
2026,8,31,34.9,37.9,22.9,17,0,31,True,54.8,"Open-Meteo archive (reanalisis; celda 25.694,-100.283 elev 531.0m); lat/lon pedidos 25.67,-100.31"
2026,9,30,34.2,38.0,23.2,11,0,30,True,36.7,"Open-Meteo archive (reanalisis; celda 25.694,-100.283 elev 531.0m); lat/lon pedidos 25.67,-100.31"
