m3_mes,cat2_valor_consumo_mxn,cat2_cargo_fijo_mxn,cat6_valor_consumo_mxn,cat6_cargo_fijo_mxn,fuente
0,0.0,75.09,0.0,481.77,"SADM PDFs SEPTIEMBRE 2026: Documentos/535.pdf (Cat.2) y 537.pdf (Cat.6), https://www.sadm.gob.mx/PFiles/tarifas"
1,2.63,75.09,13.75,481.77,"SADM PDFs SEPTIEMBRE 2026: Documentos/535.pdf (Cat.2) y 537.pdf (Cat.6), https://www.sadm.gob.mx/PFiles/tarifas"
2,5.26,75.09,27.52,481.77,"SADM PDFs SEPTIEMBRE 2026: Documentos/535.pdf (Cat.2) y 537.pdf (Cat.6), https://www.sadm.gob.mx/PFiles/tarifas"
3,7.89,75.09,41.27,481.77,"SADM PDFs SEPTIEMBRE 2026: Documentos/535.pdf (Cat.2) y 537.pdf (Cat.6), https://www.sadm.gob.mx/PFiles/tarifas"
4,10.51,75.09,55.02,481.77,"SADM PDFs SEPTIEMBRE 2026: Documentos/535.pdf (Cat.2) y 537.pdf (Cat.6), https://www.sadm.gob.mx/PFiles/tarifas"
5,13.15,75.09,68.77,481.77,"SADM PDFs SEPTIEMBRE 2026: Documentos/535.pdf (Cat.2) y 537.pdf (Cat.6), https://www.sadm.gob.mx/PFiles/tarifas"
6,15.78,75.09,82.52,481.77,"SADM PDFs SEPTIEMBRE 2026: Documentos/535.pdf (Cat.2) y 537.pdf (Cat.6), https://www.sadm.gob.mx/PFiles/tarifas"
7,39.41,89.33,96.29,481.77,"SADM PDFs SEPTIEMBRE 2026: Documentos/535.pdf (Cat.2) y 537.pdf (Cat.6), https://www.sadm.gob.mx/PFiles/tarifas"
8,60.13,89.33,110.04,481.77,"SADM PDFs SEPTIEMBRE 2026: Documentos/535.pdf (Cat.2) y 537.pdf (Cat.6), https://www.sadm.gob.mx/PFiles/tarifas"
9,80.78,89.33,123.79,481.77,"SADM PDFs SEPTIEMBRE 2026: Documentos/535.pdf (Cat.2) y 537.pdf (Cat.6), https://www.sadm.gob.mx/PFiles/tarifas"
10,101.36,89.33,137.54,481.77,"SADM PDFs SEPTIEMBRE 2026: Documentos/535.pdf (Cat.2) y 537.pdf (Cat.6), https://www.sadm.gob.mx/PFiles/tarifas"
11,170.69,103.25,264.83,481.77,"SADM PDFs SEPTIEMBRE 2026: Documentos/535.pdf (Cat.2) y 537.pdf (Cat.6), https://www.sadm.gob.mx/PFiles/tarifas"
12,199.64,103.25,284.51,481.77,"SADM PDFs SEPTIEMBRE 2026: Documentos/535.pdf (Cat.2) y 537.pdf (Cat.6), https://www.sadm.gob.mx/PFiles/tarifas"
13,228.57,103.25,304.45,481.77,"SADM PDFs SEPTIEMBRE 2026: Documentos/535.pdf (Cat.2) y 537.pdf (Cat.6), https://www.sadm.gob.mx/PFiles/tarifas"
14,257.44,103.25,324.19,481.77,"SADM PDFs SEPTIEMBRE 2026: Documentos/535.pdf (Cat.2) y 537.pdf (Cat.6), https://www.sadm.gob.mx/PFiles/tarifas"
15,286.35,103.25,343.98,481.77,"SADM PDFs SEPTIEMBRE 2026: Documentos/535.pdf (Cat.2) y 537.pdf (Cat.6), https://www.sadm.gob.mx/PFiles/tarifas"
16,323.46,103.25,404.56,481.77,"SADM PDFs SEPTIEMBRE 2026: Documentos/535.pdf (Cat.2) y 537.pdf (Cat.6), https://www.sadm.gob.mx/PFiles/tarifas"
17,347.83,103.25,425.45,481.77,"SADM PDFs SEPTIEMBRE 2026: Documentos/535.pdf (Cat.2) y 537.pdf (Cat.6), https://www.sadm.gob.mx/PFiles/tarifas"
18,372.24,103.25,445.75,481.77,"SADM PDFs SEPTIEMBRE 2026: Documentos/535.pdf (Cat.2) y 537.pdf (Cat.6), https://www.sadm.gob.mx/PFiles/tarifas"
19,396.51,103.25,466.51,481.77,"SADM PDFs SEPTIEMBRE 2026: Documentos/535.pdf (Cat.2) y 537.pdf (Cat.6), https://www.sadm.gob.mx/PFiles/tarifas"
20,420.82,103.25,487.38,481.77,"SADM PDFs SEPTIEMBRE 2026: Documentos/535.pdf (Cat.2) y 537.pdf (Cat.6), https://www.sadm.gob.mx/PFiles/tarifas"
21,471.61,103.25,526.15,481.77,"SADM PDFs SEPTIEMBRE 2026: Documentos/535.pdf (Cat.2) y 537.pdf (Cat.6), https://www.sadm.gob.mx/PFiles/tarifas"
22,522.37,103.25,564.95,481.77,"SADM PDFs SEPTIEMBRE 2026: Documentos/535.pdf (Cat.2) y 537.pdf (Cat.6), https://www.sadm.gob.mx/PFiles/tarifas"
23,597.89,103.25,652.79,481.77,"SADM PDFs SEPTIEMBRE 2026: Documentos/535.pdf (Cat.2) y 537.pdf (Cat.6), https://www.sadm.gob.mx/PFiles/tarifas"
24,650.93,103.25,693.07,481.77,"SADM PDFs SEPTIEMBRE 2026: Documentos/535.pdf (Cat.2) y 537.pdf (Cat.6), https://www.sadm.gob.mx/PFiles/tarifas"
25,704.22,103.25,733.62,481.77,"SADM PDFs SEPTIEMBRE 2026: Documentos/535.pdf (Cat.2) y 537.pdf (Cat.6), https://www.sadm.gob.mx/PFiles/tarifas"
26,792.32,103.25,879.06,481.77,"SADM PDFs SEPTIEMBRE 2026: Documentos/535.pdf (Cat.2) y 537.pdf (Cat.6), https://www.sadm.gob.mx/PFiles/tarifas"
27,851.68,103.25,971.46,481.77,"SADM PDFs SEPTIEMBRE 2026: Documentos/535.pdf (Cat.2) y 537.pdf (Cat.6), https://www.sadm.gob.mx/PFiles/tarifas"
28,910.88,103.25,1063.78,481.77,"SADM PDFs SEPTIEMBRE 2026: Documentos/535.pdf (Cat.2) y 537.pdf (Cat.6), https://www.sadm.gob.mx/PFiles/tarifas"
29,969.9,103.25,1156.72,481.77,"SADM PDFs SEPTIEMBRE 2026: Documentos/535.pdf (Cat.2) y 537.pdf (Cat.6), https://www.sadm.gob.mx/PFiles/tarifas"
30,1070.31,103.25,1319.46,481.77,"SADM PDFs SEPTIEMBRE 2026: Documentos/535.pdf (Cat.2) y 537.pdf (Cat.6), https://www.sadm.gob.mx/PFiles/tarifas"
31,1133.3,103.25,1415.81,481.77,"SADM PDFs SEPTIEMBRE 2026: Documentos/535.pdf (Cat.2) y 537.pdf (Cat.6), https://www.sadm.gob.mx/PFiles/tarifas"
32,1196.07,103.25,1512.0,481.77,"SADM PDFs SEPTIEMBRE 2026: Documentos/535.pdf (Cat.2) y 537.pdf (Cat.6), https://www.sadm.gob.mx/PFiles/tarifas"
33,1258.84,103.25,1607.98,481.77,"SADM PDFs SEPTIEMBRE 2026: Documentos/535.pdf (Cat.2) y 537.pdf (Cat.6), https://www.sadm.gob.mx/PFiles/tarifas"
34,1321.56,103.25,1704.01,481.77,"SADM PDFs SEPTIEMBRE 2026: Documentos/535.pdf (Cat.2) y 537.pdf (Cat.6), https://www.sadm.gob.mx/PFiles/tarifas"
35,1490.91,103.25,1976.27,481.77,"SADM PDFs SEPTIEMBRE 2026: Documentos/535.pdf (Cat.2) y 537.pdf (Cat.6), https://www.sadm.gob.mx/PFiles/tarifas"
36,1565.0,103.25,2079.73,481.77,"SADM PDFs SEPTIEMBRE 2026: Documentos/535.pdf (Cat.2) y 537.pdf (Cat.6), https://www.sadm.gob.mx/PFiles/tarifas"
37,1638.48,103.25,2182.62,481.77,"SADM PDFs SEPTIEMBRE 2026: Documentos/535.pdf (Cat.2) y 537.pdf (Cat.6), https://www.sadm.gob.mx/PFiles/tarifas"
38,1712.18,103.25,2286.35,481.77,"SADM PDFs SEPTIEMBRE 2026: Documentos/535.pdf (Cat.2) y 537.pdf (Cat.6), https://www.sadm.gob.mx/PFiles/tarifas"
39,1786.35,103.25,2389.19,481.77,"SADM PDFs SEPTIEMBRE 2026: Documentos/535.pdf (Cat.2) y 537.pdf (Cat.6), https://www.sadm.gob.mx/PFiles/tarifas"
40,1860.51,103.25,2493.22,481.77,"SADM PDFs SEPTIEMBRE 2026: Documentos/535.pdf (Cat.2) y 537.pdf (Cat.6), https://www.sadm.gob.mx/PFiles/tarifas"
41,1940.35,103.25,2615.71,481.77,"SADM PDFs SEPTIEMBRE 2026: Documentos/535.pdf (Cat.2) y 537.pdf (Cat.6), https://www.sadm.gob.mx/PFiles/tarifas"
42,2020.38,103.25,2738.75,481.77,"SADM PDFs SEPTIEMBRE 2026: Documentos/535.pdf (Cat.2) y 537.pdf (Cat.6), https://www.sadm.gob.mx/PFiles/tarifas"
43,2100.96,103.25,2861.69,481.77,"SADM PDFs SEPTIEMBRE 2026: Documentos/535.pdf (Cat.2) y 537.pdf (Cat.6), https://www.sadm.gob.mx/PFiles/tarifas"
44,2180.82,103.25,2983.81,481.77,"SADM PDFs SEPTIEMBRE 2026: Documentos/535.pdf (Cat.2) y 537.pdf (Cat.6), https://www.sadm.gob.mx/PFiles/tarifas"
45,2261.88,103.25,3106.44,481.77,"SADM PDFs SEPTIEMBRE 2026: Documentos/535.pdf (Cat.2) y 537.pdf (Cat.6), https://www.sadm.gob.mx/PFiles/tarifas"
46,2348.32,103.25,3229.93,481.77,"SADM PDFs SEPTIEMBRE 2026: Documentos/535.pdf (Cat.2) y 537.pdf (Cat.6), https://www.sadm.gob.mx/PFiles/tarifas"
47,2435.08,103.25,3352.3,481.77,"SADM PDFs SEPTIEMBRE 2026: Documentos/535.pdf (Cat.2) y 537.pdf (Cat.6), https://www.sadm.gob.mx/PFiles/tarifas"
48,2522.27,103.25,3476.22,481.77,"SADM PDFs SEPTIEMBRE 2026: Documentos/535.pdf (Cat.2) y 537.pdf (Cat.6), https://www.sadm.gob.mx/PFiles/tarifas"
49,2609.57,103.25,3598.73,481.77,"SADM PDFs SEPTIEMBRE 2026: Documentos/535.pdf (Cat.2) y 537.pdf (Cat.6), https://www.sadm.gob.mx/PFiles/tarifas"
50,2696.58,103.25,3720.3,481.77,"SADM PDFs SEPTIEMBRE 2026: Documentos/535.pdf (Cat.2) y 537.pdf (Cat.6), https://www.sadm.gob.mx/PFiles/tarifas"
51,2788.01,103.25,3846.05,481.77,"SADM PDFs SEPTIEMBRE 2026: Documentos/535.pdf (Cat.2) y 537.pdf (Cat.6), https://www.sadm.gob.mx/PFiles/tarifas"
52,2879.31,103.25,3970.02,481.77,"SADM PDFs SEPTIEMBRE 2026: Documentos/535.pdf (Cat.2) y 537.pdf (Cat.6), https://www.sadm.gob.mx/PFiles/tarifas"
53,2969.79,103.25,4095.24,481.77,"SADM PDFs SEPTIEMBRE 2026: Documentos/535.pdf (Cat.2) y 537.pdf (Cat.6), https://www.sadm.gob.mx/PFiles/tarifas"
54,3060.6,103.25,4220.65,481.77,"SADM PDFs SEPTIEMBRE 2026: Documentos/535.pdf (Cat.2) y 537.pdf (Cat.6), https://www.sadm.gob.mx/PFiles/tarifas"
55,3152.03,103.25,4343.77,481.77,"SADM PDFs SEPTIEMBRE 2026: Documentos/535.pdf (Cat.2) y 537.pdf (Cat.6), https://www.sadm.gob.mx/PFiles/tarifas"
56,3246.87,103.25,4470.52,481.77,"SADM PDFs SEPTIEMBRE 2026: Documentos/535.pdf (Cat.2) y 537.pdf (Cat.6), https://www.sadm.gob.mx/PFiles/tarifas"
57,3342.27,103.25,4594.63,481.77,"SADM PDFs SEPTIEMBRE 2026: Documentos/535.pdf (Cat.2) y 537.pdf (Cat.6), https://www.sadm.gob.mx/PFiles/tarifas"
58,3436.46,103.25,4719.42,481.77,"SADM PDFs SEPTIEMBRE 2026: Documentos/535.pdf (Cat.2) y 537.pdf (Cat.6), https://www.sadm.gob.mx/PFiles/tarifas"
59,3532.43,103.25,4844.03,481.77,"SADM PDFs SEPTIEMBRE 2026: Documentos/535.pdf (Cat.2) y 537.pdf (Cat.6), https://www.sadm.gob.mx/PFiles/tarifas"
60,3627.42,103.25,4967.99,481.77,"SADM PDFs SEPTIEMBRE 2026: Documentos/535.pdf (Cat.2) y 537.pdf (Cat.6), https://www.sadm.gob.mx/PFiles/tarifas"
61,3726.97,103.25,5093.23,481.77,"SADM PDFs SEPTIEMBRE 2026: Documentos/535.pdf (Cat.2) y 537.pdf (Cat.6), https://www.sadm.gob.mx/PFiles/tarifas"
62,3825.79,103.25,5217.35,481.77,"SADM PDFs SEPTIEMBRE 2026: Documentos/535.pdf (Cat.2) y 537.pdf (Cat.6), https://www.sadm.gob.mx/PFiles/tarifas"
63,3924.94,103.25,5343.32,481.77,"SADM PDFs SEPTIEMBRE 2026: Documentos/535.pdf (Cat.2) y 537.pdf (Cat.6), https://www.sadm.gob.mx/PFiles/tarifas"
64,4025.11,103.25,5467.04,481.77,"SADM PDFs SEPTIEMBRE 2026: Documentos/535.pdf (Cat.2) y 537.pdf (Cat.6), https://www.sadm.gob.mx/PFiles/tarifas"
65,4123.82,103.25,5592.11,481.77,"SADM PDFs SEPTIEMBRE 2026: Documentos/535.pdf (Cat.2) y 537.pdf (Cat.6), https://www.sadm.gob.mx/PFiles/tarifas"
66,4223.23,103.25,5716.92,481.77,"SADM PDFs SEPTIEMBRE 2026: Documentos/535.pdf (Cat.2) y 537.pdf (Cat.6), https://www.sadm.gob.mx/PFiles/tarifas"
67,4321.96,103.25,5841.78,481.77,"SADM PDFs SEPTIEMBRE 2026: Documentos/535.pdf (Cat.2) y 537.pdf (Cat.6), https://www.sadm.gob.mx/PFiles/tarifas"
68,4420.58,103.25,5966.41,481.77,"SADM PDFs SEPTIEMBRE 2026: Documentos/535.pdf (Cat.2) y 537.pdf (Cat.6), https://www.sadm.gob.mx/PFiles/tarifas"
69,4520.41,103.25,6091.56,481.77,"SADM PDFs SEPTIEMBRE 2026: Documentos/535.pdf (Cat.2) y 537.pdf (Cat.6), https://www.sadm.gob.mx/PFiles/tarifas"
70,4619.95,103.25,6214.73,481.77,"SADM PDFs SEPTIEMBRE 2026: Documentos/535.pdf (Cat.2) y 537.pdf (Cat.6), https://www.sadm.gob.mx/PFiles/tarifas"
71,4723.55,103.25,6345.11,481.77,"SADM PDFs SEPTIEMBRE 2026: Documentos/535.pdf (Cat.2) y 537.pdf (Cat.6), https://www.sadm.gob.mx/PFiles/tarifas"
72,4826.51,103.25,6475.46,481.77,"SADM PDFs SEPTIEMBRE 2026: Documentos/535.pdf (Cat.2) y 537.pdf (Cat.6), https://www.sadm.gob.mx/PFiles/tarifas"
73,4929.5,103.25,6604.37,481.77,"SADM PDFs SEPTIEMBRE 2026: Documentos/535.pdf (Cat.2) y 537.pdf (Cat.6), https://www.sadm.gob.mx/PFiles/tarifas"
74,5033.23,103.25,6734.69,481.77,"SADM PDFs SEPTIEMBRE 2026: Documentos/535.pdf (Cat.2) y 537.pdf (Cat.6), https://www.sadm.gob.mx/PFiles/tarifas"
75,5136.32,103.25,6865.09,481.77,"SADM PDFs SEPTIEMBRE 2026: Documentos/535.pdf (Cat.2) y 537.pdf (Cat.6), https://www.sadm.gob.mx/PFiles/tarifas"
76,5238.91,103.25,6993.22,481.77,"SADM PDFs SEPTIEMBRE 2026: Documentos/535.pdf (Cat.2) y 537.pdf (Cat.6), https://www.sadm.gob.mx/PFiles/tarifas"
77,5343.25,103.25,7124.26,481.77,"SADM PDFs SEPTIEMBRE 2026: Documentos/535.pdf (Cat.2) y 537.pdf (Cat.6), https://www.sadm.gob.mx/PFiles/tarifas"
78,5445.61,103.25,7252.86,481.77,"SADM PDFs SEPTIEMBRE 2026: Documentos/535.pdf (Cat.2) y 537.pdf (Cat.6), https://www.sadm.gob.mx/PFiles/tarifas"
79,5550.4,103.25,7383.86,481.77,"SADM PDFs SEPTIEMBRE 2026: Documentos/535.pdf (Cat.2) y 537.pdf (Cat.6), https://www.sadm.gob.mx/PFiles/tarifas"
80,5653.73,103.25,7513.28,481.77,"SADM PDFs SEPTIEMBRE 2026: Documentos/535.pdf (Cat.2) y 537.pdf (Cat.6), https://www.sadm.gob.mx/PFiles/tarifas"
81,5759.26,103.25,7703.23,481.77,"SADM PDFs SEPTIEMBRE 2026: Documentos/535.pdf (Cat.2) y 537.pdf (Cat.6), https://www.sadm.gob.mx/PFiles/tarifas"
82,5867.82,103.25,7891.97,481.77,"SADM PDFs SEPTIEMBRE 2026: Documentos/535.pdf (Cat.2) y 537.pdf (Cat.6), https://www.sadm.gob.mx/PFiles/tarifas"
83,5975.87,103.25,8081.98,481.77,"SADM PDFs SEPTIEMBRE 2026: Documentos/535.pdf (Cat.2) y 537.pdf (Cat.6), https://www.sadm.gob.mx/PFiles/tarifas"
84,6084.41,103.25,8272.56,481.77,"SADM PDFs SEPTIEMBRE 2026: Documentos/535.pdf (Cat.2) y 537.pdf (Cat.6), https://www.sadm.gob.mx/PFiles/tarifas"
85,6192.23,103.25,8460.9,481.77,"SADM PDFs SEPTIEMBRE 2026: Documentos/535.pdf (Cat.2) y 537.pdf (Cat.6), https://www.sadm.gob.mx/PFiles/tarifas"
86,6300.91,103.25,8649.18,481.77,"SADM PDFs SEPTIEMBRE 2026: Documentos/535.pdf (Cat.2) y 537.pdf (Cat.6), https://www.sadm.gob.mx/PFiles/tarifas"
87,6407.84,103.25,8839.84,481.77,"SADM PDFs SEPTIEMBRE 2026: Documentos/535.pdf (Cat.2) y 537.pdf (Cat.6), https://www.sadm.gob.mx/PFiles/tarifas"
88,6516.51,103.25,9029.27,481.77,"SADM PDFs SEPTIEMBRE 2026: Documentos/535.pdf (Cat.2) y 537.pdf (Cat.6), https://www.sadm.gob.mx/PFiles/tarifas"
89,6623.64,103.25,9219.22,481.77,"SADM PDFs SEPTIEMBRE 2026: Documentos/535.pdf (Cat.2) y 537.pdf (Cat.6), https://www.sadm.gob.mx/PFiles/tarifas"
90,6732.88,103.25,9409.74,481.77,"SADM PDFs SEPTIEMBRE 2026: Documentos/535.pdf (Cat.2) y 537.pdf (Cat.6), https://www.sadm.gob.mx/PFiles/tarifas"
91,6845.31,103.25,9598.67,481.77,"SADM PDFs SEPTIEMBRE 2026: Documentos/535.pdf (Cat.2) y 537.pdf (Cat.6), https://www.sadm.gob.mx/PFiles/tarifas"
92,6957.28,103.25,9788.22,481.77,"SADM PDFs SEPTIEMBRE 2026: Documentos/535.pdf (Cat.2) y 537.pdf (Cat.6), https://www.sadm.gob.mx/PFiles/tarifas"
93,7070.48,103.25,9976.6,481.77,"SADM PDFs SEPTIEMBRE 2026: Documentos/535.pdf (Cat.2) y 537.pdf (Cat.6), https://www.sadm.gob.mx/PFiles/tarifas"
94,7182.6,103.25,10168.33,481.77,"SADM PDFs SEPTIEMBRE 2026: Documentos/535.pdf (Cat.2) y 537.pdf (Cat.6), https://www.sadm.gob.mx/PFiles/tarifas"
95,7294.17,103.25,10358.02,481.77,"SADM PDFs SEPTIEMBRE 2026: Documentos/535.pdf (Cat.2) y 537.pdf (Cat.6), https://www.sadm.gob.mx/PFiles/tarifas"
96,7408.99,103.25,10547.46,481.77,"SADM PDFs SEPTIEMBRE 2026: Documentos/535.pdf (Cat.2) y 537.pdf (Cat.6), https://www.sadm.gob.mx/PFiles/tarifas"
97,7520.26,103.25,10735.63,481.77,"SADM PDFs SEPTIEMBRE 2026: Documentos/535.pdf (Cat.2) y 537.pdf (Cat.6), https://www.sadm.gob.mx/PFiles/tarifas"
98,7633.74,103.25,10925.41,481.77,"SADM PDFs SEPTIEMBRE 2026: Documentos/535.pdf (Cat.2) y 537.pdf (Cat.6), https://www.sadm.gob.mx/PFiles/tarifas"
99,7745.52,103.25,11116.84,481.77,"SADM PDFs SEPTIEMBRE 2026: Documentos/535.pdf (Cat.2) y 537.pdf (Cat.6), https://www.sadm.gob.mx/PFiles/tarifas"
100,8699.69,103.25,12533.45,481.77,"SADM PDFs SEPTIEMBRE 2026: Documentos/535.pdf (Cat.2) y 537.pdf (Cat.6), https://www.sadm.gob.mx/PFiles/tarifas"
101,8786.69,103.25,12655.38,481.77,"SADM PDFs SEPTIEMBRE 2026: Documentos/535.pdf (Cat.2) y 537.pdf (Cat.6), https://www.sadm.gob.mx/PFiles/tarifas"
102,8873.69,103.25,12777.23,481.77,"SADM PDFs SEPTIEMBRE 2026: Documentos/535.pdf (Cat.2) y 537.pdf (Cat.6), https://www.sadm.gob.mx/PFiles/tarifas"
103,8960.69,103.25,12899.2,481.77,"SADM PDFs SEPTIEMBRE 2026: Documentos/535.pdf (Cat.2) y 537.pdf (Cat.6), https://www.sadm.gob.mx/PFiles/tarifas"
104,9047.68,103.25,13021.08,481.77,"SADM PDFs SEPTIEMBRE 2026: Documentos/535.pdf (Cat.2) y 537.pdf (Cat.6), https://www.sadm.gob.mx/PFiles/tarifas"
105,9134.68,103.25,13142.93,481.77,"SADM PDFs SEPTIEMBRE 2026: Documentos/535.pdf (Cat.2) y 537.pdf (Cat.6), https://www.sadm.gob.mx/PFiles/tarifas"
106,9221.67,103.25,13264.87,481.77,"SADM PDFs SEPTIEMBRE 2026: Documentos/535.pdf (Cat.2) y 537.pdf (Cat.6), https://www.sadm.gob.mx/PFiles/tarifas"
107,9308.67,103.25,13386.4,481.77,"SADM PDFs SEPTIEMBRE 2026: Documentos/535.pdf (Cat.2) y 537.pdf (Cat.6), https://www.sadm.gob.mx/PFiles/tarifas"
108,9395.66,103.25,13508.4,481.77,"SADM PDFs SEPTIEMBRE 2026: Documentos/535.pdf (Cat.2) y 537.pdf (Cat.6), https://www.sadm.gob.mx/PFiles/tarifas"
109,9482.66,103.25,13630.19,481.77,"SADM PDFs SEPTIEMBRE 2026: Documentos/535.pdf (Cat.2) y 537.pdf (Cat.6), https://www.sadm.gob.mx/PFiles/tarifas"
110,9569.67,103.25,13752.06,481.77,"SADM PDFs SEPTIEMBRE 2026: Documentos/535.pdf (Cat.2) y 537.pdf (Cat.6), https://www.sadm.gob.mx/PFiles/tarifas"
111,9656.67,103.25,13874.09,481.77,"SADM PDFs SEPTIEMBRE 2026: Documentos/535.pdf (Cat.2) y 537.pdf (Cat.6), https://www.sadm.gob.mx/PFiles/tarifas"
112,9743.66,103.25,13996.03,481.77,"SADM PDFs SEPTIEMBRE 2026: Documentos/535.pdf (Cat.2) y 537.pdf (Cat.6), https://www.sadm.gob.mx/PFiles/tarifas"
113,9830.66,103.25,14117.77,481.77,"SADM PDFs SEPTIEMBRE 2026: Documentos/535.pdf (Cat.2) y 537.pdf (Cat.6), https://www.sadm.gob.mx/PFiles/tarifas"
114,9917.66,103.25,14239.62,481.77,"SADM PDFs SEPTIEMBRE 2026: Documentos/535.pdf (Cat.2) y 537.pdf (Cat.6), https://www.sadm.gob.mx/PFiles/tarifas"
115,10004.65,103.25,14361.61,481.77,"SADM PDFs SEPTIEMBRE 2026: Documentos/535.pdf (Cat.2) y 537.pdf (Cat.6), https://www.sadm.gob.mx/PFiles/tarifas"
116,10091.65,103.25,14483.17,481.77,"SADM PDFs SEPTIEMBRE 2026: Documentos/535.pdf (Cat.2) y 537.pdf (Cat.6), https://www.sadm.gob.mx/PFiles/tarifas"
117,10178.64,103.25,14605.06,481.77,"SADM PDFs SEPTIEMBRE 2026: Documentos/535.pdf (Cat.2) y 537.pdf (Cat.6), https://www.sadm.gob.mx/PFiles/tarifas"
118,10265.64,103.25,14727.1,481.77,"SADM PDFs SEPTIEMBRE 2026: Documentos/535.pdf (Cat.2) y 537.pdf (Cat.6), https://www.sadm.gob.mx/PFiles/tarifas"
119,10352.64,103.25,14848.87,481.77,"SADM PDFs SEPTIEMBRE 2026: Documentos/535.pdf (Cat.2) y 537.pdf (Cat.6), https://www.sadm.gob.mx/PFiles/tarifas"
120,10439.64,103.25,14970.84,481.77,"SADM PDFs SEPTIEMBRE 2026: Documentos/535.pdf (Cat.2) y 537.pdf (Cat.6), https://www.sadm.gob.mx/PFiles/tarifas"
121,10526.63,103.25,15092.72,481.77,"SADM PDFs SEPTIEMBRE 2026: Documentos/535.pdf (Cat.2) y 537.pdf (Cat.6), https://www.sadm.gob.mx/PFiles/tarifas"
122,10613.63,103.25,15214.58,481.77,"SADM PDFs SEPTIEMBRE 2026: Documentos/535.pdf (Cat.2) y 537.pdf (Cat.6), https://www.sadm.gob.mx/PFiles/tarifas"
123,10700.62,103.25,15336.37,481.77,"SADM PDFs SEPTIEMBRE 2026: Documentos/535.pdf (Cat.2) y 537.pdf (Cat.6), https://www.sadm.gob.mx/PFiles/tarifas"
124,10787.62,103.25,15458.12,481.77,"SADM PDFs SEPTIEMBRE 2026: Documentos/535.pdf (Cat.2) y 537.pdf (Cat.6), https://www.sadm.gob.mx/PFiles/tarifas"
125,10874.61,103.25,15580.06,481.77,"SADM PDFs SEPTIEMBRE 2026: Documentos/535.pdf (Cat.2) y 537.pdf (Cat.6), https://www.sadm.gob.mx/PFiles/tarifas"
126,14449.01,103.25,19055.46,481.77,"SADM PDFs SEPTIEMBRE 2026: Documentos/535.pdf (Cat.2) y 537.pdf (Cat.6), https://www.sadm.gob.mx/PFiles/tarifas"
127,14563.68,103.25,19203.89,481.77,"SADM PDFs SEPTIEMBRE 2026: Documentos/535.pdf (Cat.2) y 537.pdf (Cat.6), https://www.sadm.gob.mx/PFiles/tarifas"
128,14678.36,103.25,19352.09,481.77,"SADM PDFs SEPTIEMBRE 2026: Documentos/535.pdf (Cat.2) y 537.pdf (Cat.6), https://www.sadm.gob.mx/PFiles/tarifas"
129,14793.03,103.25,19500.42,481.77,"SADM PDFs SEPTIEMBRE 2026: Documentos/535.pdf (Cat.2) y 537.pdf (Cat.6), https://www.sadm.gob.mx/PFiles/tarifas"
130,14907.71,103.25,19648.51,481.77,"SADM PDFs SEPTIEMBRE 2026: Documentos/535.pdf (Cat.2) y 537.pdf (Cat.6), https://www.sadm.gob.mx/PFiles/tarifas"
131,15022.38,103.25,19797.01,481.77,"SADM PDFs SEPTIEMBRE 2026: Documentos/535.pdf (Cat.2) y 537.pdf (Cat.6), https://www.sadm.gob.mx/PFiles/tarifas"
132,15137.06,103.25,19945.24,481.77,"SADM PDFs SEPTIEMBRE 2026: Documentos/535.pdf (Cat.2) y 537.pdf (Cat.6), https://www.sadm.gob.mx/PFiles/tarifas"
133,15251.73,103.25,20093.4,481.77,"SADM PDFs SEPTIEMBRE 2026: Documentos/535.pdf (Cat.2) y 537.pdf (Cat.6), https://www.sadm.gob.mx/PFiles/tarifas"
134,15366.41,103.25,20241.56,481.77,"SADM PDFs SEPTIEMBRE 2026: Documentos/535.pdf (Cat.2) y 537.pdf (Cat.6), https://www.sadm.gob.mx/PFiles/tarifas"
135,15481.08,103.25,20390.11,481.77,"SADM PDFs SEPTIEMBRE 2026: Documentos/535.pdf (Cat.2) y 537.pdf (Cat.6), https://www.sadm.gob.mx/PFiles/tarifas"
136,15595.76,103.25,20538.16,481.77,"SADM PDFs SEPTIEMBRE 2026: Documentos/535.pdf (Cat.2) y 537.pdf (Cat.6), https://www.sadm.gob.mx/PFiles/tarifas"
137,15710.43,103.25,20686.39,481.77,"SADM PDFs SEPTIEMBRE 2026: Documentos/535.pdf (Cat.2) y 537.pdf (Cat.6), https://www.sadm.gob.mx/PFiles/tarifas"
138,15825.11,103.25,20834.82,481.77,"SADM PDFs SEPTIEMBRE 2026: Documentos/535.pdf (Cat.2) y 537.pdf (Cat.6), https://www.sadm.gob.mx/PFiles/tarifas"
139,15939.78,103.25,20982.97,481.77,"SADM PDFs SEPTIEMBRE 2026: Documentos/535.pdf (Cat.2) y 537.pdf (Cat.6), https://www.sadm.gob.mx/PFiles/tarifas"
140,16054.46,103.25,21131.1,481.77,"SADM PDFs SEPTIEMBRE 2026: Documentos/535.pdf (Cat.2) y 537.pdf (Cat.6), https://www.sadm.gob.mx/PFiles/tarifas"
141,16169.13,103.25,21279.42,481.77,"SADM PDFs SEPTIEMBRE 2026: Documentos/535.pdf (Cat.2) y 537.pdf (Cat.6), https://www.sadm.gob.mx/PFiles/tarifas"
142,16283.81,103.25,21427.45,481.77,"SADM PDFs SEPTIEMBRE 2026: Documentos/535.pdf (Cat.2) y 537.pdf (Cat.6), https://www.sadm.gob.mx/PFiles/tarifas"
143,16398.48,103.25,21575.71,481.77,"SADM PDFs SEPTIEMBRE 2026: Documentos/535.pdf (Cat.2) y 537.pdf (Cat.6), https://www.sadm.gob.mx/PFiles/tarifas"
144,16513.16,103.25,21724.39,481.77,"SADM PDFs SEPTIEMBRE 2026: Documentos/535.pdf (Cat.2) y 537.pdf (Cat.6), https://www.sadm.gob.mx/PFiles/tarifas"
145,16627.83,103.25,21872.29,481.77,"SADM PDFs SEPTIEMBRE 2026: Documentos/535.pdf (Cat.2) y 537.pdf (Cat.6), https://www.sadm.gob.mx/PFiles/tarifas"
146,16742.51,103.25,22020.7,481.77,"SADM PDFs SEPTIEMBRE 2026: Documentos/535.pdf (Cat.2) y 537.pdf (Cat.6), https://www.sadm.gob.mx/PFiles/tarifas"
147,16857.18,103.25,22168.79,481.77,"SADM PDFs SEPTIEMBRE 2026: Documentos/535.pdf (Cat.2) y 537.pdf (Cat.6), https://www.sadm.gob.mx/PFiles/tarifas"
148,16971.86,103.25,22316.83,481.77,"SADM PDFs SEPTIEMBRE 2026: Documentos/535.pdf (Cat.2) y 537.pdf (Cat.6), https://www.sadm.gob.mx/PFiles/tarifas"
149,17086.53,103.25,22465.37,481.77,"SADM PDFs SEPTIEMBRE 2026: Documentos/535.pdf (Cat.2) y 537.pdf (Cat.6), https://www.sadm.gob.mx/PFiles/tarifas"
150,17201.21,103.25,22613.6,481.77,"SADM PDFs SEPTIEMBRE 2026: Documentos/535.pdf (Cat.2) y 537.pdf (Cat.6), https://www.sadm.gob.mx/PFiles/tarifas"
151,21822.05,103.25,25560.96,481.77,"SADM PDFs SEPTIEMBRE 2026: Documentos/535.pdf (Cat.2) y 537.pdf (Cat.6), https://www.sadm.gob.mx/PFiles/tarifas"
152,21966.57,103.25,25728.18,481.77,"SADM PDFs SEPTIEMBRE 2026: Documentos/535.pdf (Cat.2) y 537.pdf (Cat.6), https://www.sadm.gob.mx/PFiles/tarifas"
153,22111.09,103.25,25895.88,481.77,"SADM PDFs SEPTIEMBRE 2026: Documentos/535.pdf (Cat.2) y 537.pdf (Cat.6), https://www.sadm.gob.mx/PFiles/tarifas"
154,22255.6,103.25,26063.57,481.77,"SADM PDFs SEPTIEMBRE 2026: Documentos/535.pdf (Cat.2) y 537.pdf (Cat.6), https://www.sadm.gob.mx/PFiles/tarifas"
155,22400.13,103.25,26230.98,481.77,"SADM PDFs SEPTIEMBRE 2026: Documentos/535.pdf (Cat.2) y 537.pdf (Cat.6), https://www.sadm.gob.mx/PFiles/tarifas"
156,22544.64,103.25,26398.67,481.77,"SADM PDFs SEPTIEMBRE 2026: Documentos/535.pdf (Cat.2) y 537.pdf (Cat.6), https://www.sadm.gob.mx/PFiles/tarifas"
157,22689.15,103.25,26566.28,481.77,"SADM PDFs SEPTIEMBRE 2026: Documentos/535.pdf (Cat.2) y 537.pdf (Cat.6), https://www.sadm.gob.mx/PFiles/tarifas"
158,22833.68,103.25,26733.62,481.77,"SADM PDFs SEPTIEMBRE 2026: Documentos/535.pdf (Cat.2) y 537.pdf (Cat.6), https://www.sadm.gob.mx/PFiles/tarifas"
159,22978.19,103.25,26901.49,481.77,"SADM PDFs SEPTIEMBRE 2026: Documentos/535.pdf (Cat.2) y 537.pdf (Cat.6), https://www.sadm.gob.mx/PFiles/tarifas"
160,23122.7,103.25,27068.78,481.77,"SADM PDFs SEPTIEMBRE 2026: Documentos/535.pdf (Cat.2) y 537.pdf (Cat.6), https://www.sadm.gob.mx/PFiles/tarifas"
161,23267.22,103.25,27236.33,481.77,"SADM PDFs SEPTIEMBRE 2026: Documentos/535.pdf (Cat.2) y 537.pdf (Cat.6), https://www.sadm.gob.mx/PFiles/tarifas"
162,23411.74,103.25,27403.85,481.77,"SADM PDFs SEPTIEMBRE 2026: Documentos/535.pdf (Cat.2) y 537.pdf (Cat.6), https://www.sadm.gob.mx/PFiles/tarifas"
163,23556.26,103.25,27571.63,481.77,"SADM PDFs SEPTIEMBRE 2026: Documentos/535.pdf (Cat.2) y 537.pdf (Cat.6), https://www.sadm.gob.mx/PFiles/tarifas"
164,23700.77,103.25,27739.13,481.77,"SADM PDFs SEPTIEMBRE 2026: Documentos/535.pdf (Cat.2) y 537.pdf (Cat.6), https://www.sadm.gob.mx/PFiles/tarifas"
165,23845.29,103.25,27906.59,481.77,"SADM PDFs SEPTIEMBRE 2026: Documentos/535.pdf (Cat.2) y 537.pdf (Cat.6), https://www.sadm.gob.mx/PFiles/tarifas"
166,23989.8,103.25,28074.32,481.77,"SADM PDFs SEPTIEMBRE 2026: Documentos/535.pdf (Cat.2) y 537.pdf (Cat.6), https://www.sadm.gob.mx/PFiles/tarifas"
167,24134.32,103.25,28241.75,481.77,"SADM PDFs SEPTIEMBRE 2026: Documentos/535.pdf (Cat.2) y 537.pdf (Cat.6), https://www.sadm.gob.mx/PFiles/tarifas"
168,24278.84,103.25,28409.45,481.77,"SADM PDFs SEPTIEMBRE 2026: Documentos/535.pdf (Cat.2) y 537.pdf (Cat.6), https://www.sadm.gob.mx/PFiles/tarifas"
169,24423.36,103.25,28576.82,481.77,"SADM PDFs SEPTIEMBRE 2026: Documentos/535.pdf (Cat.2) y 537.pdf (Cat.6), https://www.sadm.gob.mx/PFiles/tarifas"
170,24567.87,103.25,28744.21,481.77,"SADM PDFs SEPTIEMBRE 2026: Documentos/535.pdf (Cat.2) y 537.pdf (Cat.6), https://www.sadm.gob.mx/PFiles/tarifas"
171,24712.39,103.25,28912.14,481.77,"SADM PDFs SEPTIEMBRE 2026: Documentos/535.pdf (Cat.2) y 537.pdf (Cat.6), https://www.sadm.gob.mx/PFiles/tarifas"
172,24856.91,103.25,29079.47,481.77,"SADM PDFs SEPTIEMBRE 2026: Documentos/535.pdf (Cat.2) y 537.pdf (Cat.6), https://www.sadm.gob.mx/PFiles/tarifas"
173,25001.42,103.25,29247.07,481.77,"SADM PDFs SEPTIEMBRE 2026: Documentos/535.pdf (Cat.2) y 537.pdf (Cat.6), https://www.sadm.gob.mx/PFiles/tarifas"
174,25145.95,103.25,29414.35,481.77,"SADM PDFs SEPTIEMBRE 2026: Documentos/535.pdf (Cat.2) y 537.pdf (Cat.6), https://www.sadm.gob.mx/PFiles/tarifas"
175,25290.46,103.25,29582.26,481.77,"SADM PDFs SEPTIEMBRE 2026: Documentos/535.pdf (Cat.2) y 537.pdf (Cat.6), https://www.sadm.gob.mx/PFiles/tarifas"
176,25434.97,103.25,29750.1,481.77,"SADM PDFs SEPTIEMBRE 2026: Documentos/535.pdf (Cat.2) y 537.pdf (Cat.6), https://www.sadm.gob.mx/PFiles/tarifas"
177,25579.5,103.25,29917.33,481.77,"SADM PDFs SEPTIEMBRE 2026: Documentos/535.pdf (Cat.2) y 537.pdf (Cat.6), https://www.sadm.gob.mx/PFiles/tarifas"
178,25724.01,103.25,30084.86,481.77,"SADM PDFs SEPTIEMBRE 2026: Documentos/535.pdf (Cat.2) y 537.pdf (Cat.6), https://www.sadm.gob.mx/PFiles/tarifas"
179,25868.52,103.25,30252.35,481.77,"SADM PDFs SEPTIEMBRE 2026: Documentos/535.pdf (Cat.2) y 537.pdf (Cat.6), https://www.sadm.gob.mx/PFiles/tarifas"
180,26013.04,103.25,30419.86,481.77,"SADM PDFs SEPTIEMBRE 2026: Documentos/535.pdf (Cat.2) y 537.pdf (Cat.6), https://www.sadm.gob.mx/PFiles/tarifas"
181,26157.56,103.25,30587.63,481.77,"SADM PDFs SEPTIEMBRE 2026: Documentos/535.pdf (Cat.2) y 537.pdf (Cat.6), https://www.sadm.gob.mx/PFiles/tarifas"
182,26302.08,103.25,30755.09,481.77,"SADM PDFs SEPTIEMBRE 2026: Documentos/535.pdf (Cat.2) y 537.pdf (Cat.6), https://www.sadm.gob.mx/PFiles/tarifas"
183,26446.6,103.25,30922.84,481.77,"SADM PDFs SEPTIEMBRE 2026: Documentos/535.pdf (Cat.2) y 537.pdf (Cat.6), https://www.sadm.gob.mx/PFiles/tarifas"
184,26591.11,103.25,31089.94,481.77,"SADM PDFs SEPTIEMBRE 2026: Documentos/535.pdf (Cat.2) y 537.pdf (Cat.6), https://www.sadm.gob.mx/PFiles/tarifas"
185,26735.62,103.25,31257.66,481.77,"SADM PDFs SEPTIEMBRE 2026: Documentos/535.pdf (Cat.2) y 537.pdf (Cat.6), https://www.sadm.gob.mx/PFiles/tarifas"
186,26880.15,103.25,31425.36,481.77,"SADM PDFs SEPTIEMBRE 2026: Documentos/535.pdf (Cat.2) y 537.pdf (Cat.6), https://www.sadm.gob.mx/PFiles/tarifas"
187,27024.67,103.25,31592.75,481.77,"SADM PDFs SEPTIEMBRE 2026: Documentos/535.pdf (Cat.2) y 537.pdf (Cat.6), https://www.sadm.gob.mx/PFiles/tarifas"
188,27169.18,103.25,31760.41,481.77,"SADM PDFs SEPTIEMBRE 2026: Documentos/535.pdf (Cat.2) y 537.pdf (Cat.6), https://www.sadm.gob.mx/PFiles/tarifas"
189,27313.69,103.25,31928.09,481.77,"SADM PDFs SEPTIEMBRE 2026: Documentos/535.pdf (Cat.2) y 537.pdf (Cat.6), https://www.sadm.gob.mx/PFiles/tarifas"
190,27458.21,103.25,32095.39,481.77,"SADM PDFs SEPTIEMBRE 2026: Documentos/535.pdf (Cat.2) y 537.pdf (Cat.6), https://www.sadm.gob.mx/PFiles/tarifas"
191,27602.73,103.25,32263.02,481.77,"SADM PDFs SEPTIEMBRE 2026: Documentos/535.pdf (Cat.2) y 537.pdf (Cat.6), https://www.sadm.gob.mx/PFiles/tarifas"
192,27747.24,103.25,32430.65,481.77,"SADM PDFs SEPTIEMBRE 2026: Documentos/535.pdf (Cat.2) y 537.pdf (Cat.6), https://www.sadm.gob.mx/PFiles/tarifas"
193,27891.77,103.25,32597.93,481.77,"SADM PDFs SEPTIEMBRE 2026: Documentos/535.pdf (Cat.2) y 537.pdf (Cat.6), https://www.sadm.gob.mx/PFiles/tarifas"
194,28036.28,103.25,32765.84,481.77,"SADM PDFs SEPTIEMBRE 2026: Documentos/535.pdf (Cat.2) y 537.pdf (Cat.6), https://www.sadm.gob.mx/PFiles/tarifas"
195,28180.79,103.25,32933.42,481.77,"SADM PDFs SEPTIEMBRE 2026: Documentos/535.pdf (Cat.2) y 537.pdf (Cat.6), https://www.sadm.gob.mx/PFiles/tarifas"
196,28325.32,103.25,33100.67,481.77,"SADM PDFs SEPTIEMBRE 2026: Documentos/535.pdf (Cat.2) y 537.pdf (Cat.6), https://www.sadm.gob.mx/PFiles/tarifas"
197,28469.83,103.25,33268.21,481.77,"SADM PDFs SEPTIEMBRE 2026: Documentos/535.pdf (Cat.2) y 537.pdf (Cat.6), https://www.sadm.gob.mx/PFiles/tarifas"
198,28614.34,103.25,33436.08,481.77,"SADM PDFs SEPTIEMBRE 2026: Documentos/535.pdf (Cat.2) y 537.pdf (Cat.6), https://www.sadm.gob.mx/PFiles/tarifas"
199,28758.86,103.25,33603.61,481.77,"SADM PDFs SEPTIEMBRE 2026: Documentos/535.pdf (Cat.2) y 537.pdf (Cat.6), https://www.sadm.gob.mx/PFiles/tarifas"
200,28903.38,103.25,33771.12,481.77,"SADM PDFs SEPTIEMBRE 2026: Documentos/535.pdf (Cat.2) y 537.pdf (Cat.6), https://www.sadm.gob.mx/PFiles/tarifas"
